# Blender 4.2.1 LTS
# www.blender.org
mtllib Snow_Terrain_03.mtl
o chunk_mesh-col
v -32.000000 0.000000 32.000000
v 32.000000 0.000000 32.000000
v -32.000000 0.000000 -32.000000
v 32.000000 0.000000 -32.000000
v -32.000000 0.000000 0.000000
v 0.000000 0.000000 32.000000
v 32.000000 0.000000 0.000000
v 0.000000 0.000000 -32.000000
v -0.581666 1.000586 -0.628273
v -32.000000 0.000000 16.000000
v 16.000000 0.000000 32.000000
v 32.000000 0.000000 -16.000000
v -16.000000 0.000000 -32.000000
v -32.000000 0.000000 -16.000000
v -16.000000 0.000000 32.000000
v 32.000000 0.000000 16.000000
v 16.000000 0.000000 -32.000000
v -0.517822 0.842212 -16.537668
v -0.579238 1.244459 15.232790
v -16.153875 0.450849 -0.249203
v 15.567103 0.855486 -0.551846
v 15.628334 1.616063 14.930193
v -16.189268 0.661406 15.645834
v -16.078520 0.127710 -16.081530
v 15.790232 0.341177 -16.217808
v -32.000000 0.000000 24.000000
v 24.000000 0.000000 32.000000
v 32.000000 0.000000 -24.000000
v -24.000000 0.000000 -32.000000
v -32.000000 0.000000 -8.000000
v -8.000000 0.000000 32.000000
v 32.000000 0.000000 8.000000
v 8.000000 0.000000 -32.000000
v -0.131894 0.214519 -24.136950
v -0.645725 1.249362 7.234764
v -24.016039 0.056047 -0.030012
v 7.445653 0.986772 -0.633163
v -32.000000 0.000000 8.000000
v 8.000000 0.000000 32.000000
v 32.000000 0.000000 -8.000000
v -8.000000 0.000000 -32.000000
v -32.000000 0.000000 -24.000000
v -24.000000 0.000000 32.000000
v 32.000000 0.000000 24.000000
v 24.000000 0.000000 -32.000000
v -0.552472 0.898569 -8.573646
v -0.123783 0.301394 23.812033
v -8.604294 1.878657 -1.139614
v 23.973425 0.083146 -0.054585
v 15.461308 1.824280 6.799657
v 15.985319 0.685526 23.537432
v 7.469443 1.808662 14.809717
v 23.958220 0.494761 15.668063
v -16.192366 0.672230 7.640038
v -16.060793 0.212442 23.886242
v -24.044558 0.155706 15.916623
v -8.281155 0.822695 15.545147
v -16.000000 0.000000 -24.000000
v -16.186375 0.303129 -8.193518
v -24.000000 0.000000 -16.000000
v -8.372687 0.606157 -16.386971
v 15.948175 0.084291 -24.053810
v 15.678182 0.523422 -8.334152
v 7.447527 0.898569 -16.573647
v 24.000000 0.000000 -16.000000
v 24.000000 0.000000 -8.000000
v 7.447527 0.898569 -8.573646
v 7.751850 0.403604 -24.257660
v -8.586496 1.391648 -8.873568
v -24.000000 0.000000 -8.000000
v -24.000000 0.000000 -24.000000
v -8.077030 0.517669 23.730410
v -24.000488 0.001708 23.999086
v -24.045622 0.159430 7.914629
v 23.996222 0.177795 23.880028
v 7.883018 0.813309 23.457308
v 7.431266 1.663758 6.910023
v 23.910418 0.648238 7.567231
v -8.462159 1.117089 7.357206
v -8.009639 0.015677 -24.010008
v 24.000000 0.000000 -24.000000
v -32.000000 0.000000 28.000000
v 28.000000 0.000000 32.000000
v 32.000000 0.000000 -28.000000
v -28.000000 0.000000 -32.000000
v -32.000000 0.000000 -4.000000
v -4.000000 0.000000 32.000000
v 32.000000 0.000000 4.000000
v 4.000000 0.000000 -32.000000
v -0.003149 0.005121 -28.003269
v -0.628737 1.165080 3.283644
v -28.000000 0.000000 0.000000
v 3.447441 0.900407 -0.574861
v -32.000000 0.000000 12.000000
v 12.000000 0.000000 32.000000
v 32.000000 0.000000 -12.000000
v -12.000000 0.000000 -32.000000
v -32.000000 0.000000 -20.000000
v -20.000000 0.000000 32.000000
v 32.000000 0.000000 20.000000
v 20.000000 0.000000 -32.000000
v -0.552472 0.898569 -12.573646
v -0.386083 0.877719 19.456610
v -12.375182 1.237120 -0.736765
v 19.787117 0.487748 -0.316710
v 15.508432 1.373962 3.101219
v 15.861066 1.218703 19.184576
v 3.427861 1.520709 15.014043
v 19.783081 1.218665 15.189381
v -16.185646 0.639236 3.656853
v -16.142849 0.499194 19.732695
v -28.000017 0.000061 15.999968
v -12.195605 0.683553 15.633975
v -16.000000 0.000000 -28.000000
v -16.171703 0.279267 -12.178284
v -28.000000 0.000000 -16.000000
v -12.243682 0.396337 -16.253021
v 16.000000 0.000000 -28.000000
v 15.733446 0.433536 -12.276770
v 3.447527 0.898569 -16.573647
v 19.974304 0.041793 -16.026680
v -32.000000 0.000000 20.000000
v 20.000000 0.000000 32.000000
v 32.000000 0.000000 -20.000000
v -20.000000 0.000000 -32.000000
v -32.000000 0.000000 -12.000000
v -12.000000 0.000000 32.000000
v 32.000000 0.000000 12.000000
v 12.000000 0.000000 -32.000000
v -0.349399 0.568280 -20.362789
v -0.639440 1.285161 11.211008
v -20.070353 0.245847 -0.131645
v 11.444364 1.047486 -0.674131
v -32.000000 0.000000 4.000000
v 4.000000 0.000000 32.000000
v 32.000000 0.000000 -4.000000
v -4.000000 0.000000 -32.000000
v -32.000000 0.000000 -28.000000
v -28.000000 0.000000 32.000000
v 32.000000 0.000000 28.000000
v 28.000000 0.000000 -32.000000
v -0.552472 0.898569 -4.573646
v 0.000000 0.000000 28.000000
v -4.656696 1.622190 -0.995601
v 28.000000 0.000000 0.000000
v 15.467994 1.876848 10.763708
v 15.995206 0.225603 27.847769
v 11.554825 1.735622 14.853866
v 27.998415 0.074609 15.949656
v -16.192366 0.672228 11.640039
v -16.003412 0.011925 27.993614
v -20.129852 0.453775 15.757015
v -4.453007 1.039815 15.394526
v -16.001381 0.002245 -20.001432
v -16.156677 0.301215 -4.183381
v -20.000000 0.000000 -16.000000
v -4.471546 0.766947 -16.489618
v 15.845634 0.251069 -20.160282
v 15.627313 0.606157 -4.386970
v 11.570436 0.698664 -16.446026
v 28.000000 0.000000 -16.000000
v 24.000000 0.000000 -12.000000
v 23.994909 0.008281 -4.005286
v 19.896732 0.167959 -8.107225
v 28.000000 0.000000 -8.000000
v 7.447527 0.898569 -12.573646
v 7.447527 0.898569 -4.573646
v 3.447527 0.898569 -8.573646
v 11.482178 0.842212 -8.537667
v 7.961674 0.062336 -28.039795
v 7.521077 0.778944 -20.497278
v 3.769413 0.375039 -24.239426
v 11.817361 0.297053 -24.189638
v -8.534573 0.869456 -12.555060
v -8.597077 1.764141 -5.093202
v -12.449281 0.984403 -8.619831
v -4.570611 1.161437 -8.733539
v -24.000000 0.000000 -12.000000
v -24.000000 0.000000 -4.000000
v -28.000000 0.000000 -8.000000
v -20.011211 0.018234 -8.011641
v -24.000000 0.000000 -28.000000
v -24.000000 0.000000 -20.000000
v -28.000000 0.000000 -24.000000
v -20.000000 0.000000 -24.000000
v -8.173306 0.950426 19.499563
v -8.012751 0.044557 27.976141
v -12.084374 0.345667 23.816462
v -4.089176 0.263707 23.854494
v -24.023172 0.080979 19.956638
v -24.000000 0.000000 28.000000
v -28.000000 0.000000 24.000000
v -20.027800 0.097150 23.947979
v -24.041670 0.145617 3.922026
v -24.045620 0.159422 11.914634
v -28.000042 0.000144 7.999923
v -20.131954 0.461120 7.753082
v 23.992447 0.355408 19.760180
v 23.999750 0.011726 27.992088
v 19.989122 0.511844 23.654621
v 28.000000 0.000000 24.000000
v 7.657636 1.490159 19.013517
v 7.995861 0.194757 27.868584
v 3.863153 0.585823 23.612324
v 11.953232 0.729542 23.509640
v 7.438060 1.344067 3.125743
v 7.428225 1.806863 10.813460
v 3.423879 1.298757 7.164280
v 11.426658 1.880637 6.763679
v 23.947206 0.371489 3.752079
v 23.912172 0.668668 11.553311
v 19.669174 1.428036 7.054810
v 27.997812 0.102916 7.930555
v -8.554846 1.356443 3.200363
v -8.349972 0.934622 11.473693
v -12.261055 0.790004 7.566017
v -4.643211 1.366839 7.189155
v -8.000000 0.000000 -28.000000
v -8.154366 0.251069 -20.160282
v -12.000000 0.000000 -24.000000
v -4.059400 0.096611 -24.061676
v 24.000000 0.000000 -28.000000
v 24.000000 0.000000 -20.000000
v 20.000000 0.000000 -24.000000
v 28.000000 0.000000 -24.000000
v 28.000000 0.000000 -20.000000
v 19.994909 0.008281 -20.005287
v 20.000000 0.000000 -28.000000
v -4.266554 0.433536 -20.276770
v -12.065450 0.106451 -20.067959
v -12.000000 0.000000 -28.000000
v -4.544511 1.206606 11.291505
v -12.205244 0.699230 11.623966
v -12.339971 0.931341 3.472412
v 27.997606 0.112652 11.923985
v 19.673267 1.471622 11.025092
v 19.739849 0.968272 3.361315
v 11.434413 1.931466 10.728840
v 3.419872 1.428892 11.077121
v 3.433912 1.082383 3.307426
v 11.995416 0.215693 27.854456
v 3.998253 0.076935 27.948093
v 3.611170 1.194871 19.217691
v 28.000000 0.000000 28.000000
v 19.996992 0.141549 27.904486
v 19.938509 0.858099 19.423628
v -20.131952 0.461111 11.753087
v -28.000042 0.000144 11.999923
v -28.000000 0.000000 4.000000
v -20.000000 0.000000 28.000000
v -28.000000 0.000000 28.000000
v -28.000000 0.000000 20.000000
v -4.005538 0.019352 27.989637
v -12.013024 0.045516 27.975628
v -12.163281 0.668760 19.644903
v -20.000000 0.000000 -20.000000
v -28.000000 0.000000 -20.000000
v -28.000000 0.000000 -28.000000
v -20.013584 0.043735 -4.023754
v -28.000000 0.000000 -4.000000
v -28.000000 0.000000 -12.000000
v -4.594088 1.418475 -4.887962
v -12.408722 1.167762 -4.721414
v -12.403467 0.656219 -12.418930
v 11.627313 0.606157 -20.386971
v 3.549906 0.732056 -20.467344
v 3.967616 0.052671 -28.033625
v 11.456680 0.883683 -4.564142
v 3.447527 0.898569 -4.573646
v 3.447527 0.898569 -12.573646
v 28.000000 0.000000 -4.000000
v 19.845634 0.251069 -4.160282
v 19.940599 0.096611 -12.061676
v 28.000000 0.000000 -12.000000
v 11.521077 0.778944 -12.497277
v 11.982317 0.028761 -28.018360
v -4.552473 0.898569 -12.573646
v -20.008188 0.013319 -12.008503
v -20.000000 0.000000 -28.000000
v -4.291728 0.742946 19.576323
v -20.086277 0.301498 19.838556
v -20.123980 0.433254 3.768004
v 27.999323 0.031872 19.978493
v 11.768381 1.369358 19.088402
v 11.434983 1.488837 3.028056
v 27.999411 0.027726 3.981291
v -4.685599 1.442209 3.133931
v -4.000000 0.000000 -28.000000
v 28.000000 0.000000 -28.000000
v -32.000000 0.000000 30.000000
v 30.000000 0.000000 32.000000
v 32.000000 0.000000 -30.000000
v -30.000000 0.000000 -32.000000
v -32.000000 0.000000 -2.000000
v -2.000000 0.000000 32.000000
v 32.000000 0.000000 2.000000
v 2.000000 0.000000 -32.000000
v 0.000000 0.000000 -30.000000
v -0.606581 1.087653 1.325105
v -30.000000 0.000000 0.000000
v 1.438202 0.931157 -0.591096
v -32.000000 0.000000 14.000000
v 14.000000 0.000000 32.000000
v 32.000000 0.000000 -14.000000
v -14.000000 0.000000 -32.000000
v -32.000000 0.000000 -18.000000
v -18.000000 0.000000 32.000000
v 32.000000 0.000000 18.000000
v 18.000000 0.000000 -32.000000
v -0.552472 0.898569 -14.573646
v -0.491823 1.070336 17.337694
v -14.250222 0.743465 -0.431259
v 17.674810 0.681975 -0.441140
v 15.520826 1.125846 1.268205
v 15.747145 1.422822 17.053556
v 1.408839 1.381954 15.123148
v 17.692295 1.494003 15.008795
v -16.168245 0.552946 1.700776
v -16.172220 0.601831 17.677734
v -30.000000 0.000000 16.000000
v -14.195605 0.683553 15.633975
v -16.000000 0.000000 -30.000000
v -16.131895 0.214519 -14.136949
v -30.000000 0.000000 -16.000000
v -14.157746 0.256567 -16.163792
v 16.000000 0.000000 -30.000000
v 15.756318 0.396337 -14.253021
v 1.456680 0.883683 -16.564142
v 17.896732 0.167959 -16.107225
v -32.000000 0.000000 22.000000
v 22.000000 0.000000 32.000000
v 32.000000 0.000000 -22.000000
v -22.000000 0.000000 -32.000000
v -32.000000 0.000000 -10.000000
v -10.000000 0.000000 32.000000
v 32.000000 0.000000 10.000000
v 10.000000 0.000000 -32.000000
v -0.234901 0.382055 -22.243904
v -0.638043 1.265148 9.224001
v -22.041712 0.145764 -0.078053
v 9.444720 1.030686 -0.662795
v -32.000000 0.000000 6.000000
v 6.000000 0.000000 32.000000
v 32.000000 0.000000 -6.000000
v -6.000000 0.000000 -32.000000
v -32.000000 0.000000 -26.000000
v -26.000000 0.000000 32.000000
v 32.000000 0.000000 26.000000
v 26.000000 0.000000 -32.000000
v -0.552472 0.898569 -6.573646
v -0.029343 0.069210 25.956430
v -6.652888 1.889084 -1.153383
v 25.999954 0.002197 -0.001483
v 15.459910 1.889995 8.755315
v 15.990468 0.448506 25.697359
v 9.506186 1.814730 14.803364
v 25.994900 0.234727 15.841619
v -16.192366 0.672228 9.640039
v -16.024664 0.086190 25.953848
v -22.086277 0.301498 15.838555
v -6.366975 0.941224 15.465425
v -16.000000 0.000000 -22.000000
v -16.174252 0.288180 -6.183058
v -22.000000 0.000000 -16.000000
v -6.422908 0.687839 -16.439116
v 15.894048 0.172326 -22.110012
v 15.633242 0.596514 -6.380814
v 9.482178 0.842212 -16.537668
v 26.000000 0.000000 -16.000000
v 24.000000 0.000000 -14.000000
v 23.999884 0.000189 -6.000121
v 17.790232 0.341177 -8.217808
v 26.000000 0.000000 -8.000000
v 7.447527 0.898569 -14.573646
v 7.447527 0.898569 -6.573646
v 1.447528 0.898569 -8.573646
v 9.447528 0.898569 -8.573646
v 7.999884 0.000189 -30.000120
v 7.627313 0.606157 -22.386971
v 1.817361 0.297053 -24.189638
v 9.769412 0.375039 -24.239426
v -8.471546 0.766947 -14.489618
v -8.599845 1.687959 -7.053011
v -14.316003 0.575295 -8.365186
v -6.584473 1.362316 -8.855726
v -24.000000 0.000000 -14.000000
v -24.000000 0.000000 -6.000000
v -30.000000 0.000000 -8.000000
v -22.000000 0.000000 -8.000000
v -24.000000 0.000000 -30.000000
v -24.000000 0.000000 -22.000000
v -30.000000 0.000000 -24.000000
v -22.000000 0.000000 -24.000000
v -8.234794 0.839264 17.546045
v -8.043913 0.163803 25.912603
v -14.074268 0.259533 23.861027
v -6.076342 0.394183 23.792675
v -24.036562 0.127769 17.931583
v -24.000000 0.000000 26.000000
v -30.000000 0.000000 24.000000
v -22.010010 0.034982 23.981268
v -24.030504 0.106600 1.942919
v -24.045620 0.159422 9.914634
v -30.000000 0.000000 8.000000
v -22.087862 0.307036 7.835590
v 23.983450 0.437586 17.705172
v 23.998287 0.080610 25.945606
v 17.986506 0.634966 23.571541
v 25.998981 0.047888 23.967686
v 7.556291 1.666617 16.900429
v 7.965609 0.450958 25.697226
v 1.866611 0.421543 23.724543
v 9.920231 0.780241 23.477385
v 7.442212 1.148711 1.257565
v 7.429387 1.752189 8.850353
v 1.394334 1.227642 7.228598
v 9.427923 1.821085 6.803863
v 23.959944 0.213496 1.858115
v 23.909920 0.671729 9.551379
v 17.549566 1.680732 6.891298
v 25.982672 0.306033 7.794159
v -8.598122 1.683856 0.990736
v -8.405374 1.024730 9.416167
v -14.205244 0.699230 7.623967
v -6.565335 1.279373 7.252540
v -8.000000 0.000000 -30.000000
v -8.065450 0.106451 -22.067959
v -14.000000 0.000000 -24.000000
v -6.032384 0.052671 -24.033625
v 24.000000 0.000000 -30.000000
v 24.000000 0.000000 -22.000000
v 17.992491 0.012214 -24.007797
v 26.000000 0.000000 -24.000000
v -32.000000 0.000000 26.000000
v 26.000000 0.000000 32.000000
v 32.000000 0.000000 -26.000000
v -26.000000 0.000000 -32.000000
v -32.000000 0.000000 -6.000000
v -6.000000 0.000000 32.000000
v 32.000000 0.000000 6.000000
v 6.000000 0.000000 -32.000000
v -0.046508 0.075642 -26.048290
v -0.642363 1.215569 5.256176
v -26.001165 0.004073 -0.002181
v 5.446773 0.934097 -0.597619
v -32.000000 0.000000 10.000000
v 10.000000 0.000000 32.000000
v 32.000000 0.000000 -10.000000
v -10.000000 0.000000 -32.000000
v -32.000000 0.000000 -22.000000
v -22.000000 0.000000 32.000000
v 32.000000 0.000000 22.000000
v 22.000000 0.000000 -32.000000
v -0.552472 0.898569 -10.573646
v -0.253415 0.602082 21.626177
v -10.508304 1.696168 -1.021667
v 21.894594 0.268554 -0.175104
v 15.496196 1.609085 4.943007
v 15.948599 0.947536 21.362543
v 5.447832 1.678947 14.898921
v 21.879591 0.852615 15.430945
v -16.192539 0.672622 5.639809
v -16.102959 0.359792 21.807341
v -26.013025 0.045520 15.975625
v -10.213288 0.712314 15.615614
v -16.000000 0.000000 -26.000000
v -16.186375 0.303129 -10.193518
v -26.000000 0.000000 -16.000000
v -10.321818 0.523422 -16.334152
v 15.989591 0.016931 -26.010809
v 15.693964 0.497752 -10.317764
v 5.447527 0.898569 -16.573647
v 22.000000 0.000000 -16.000000
v -32.000000 0.000000 18.000000
v 18.000000 0.000000 32.000000
v 32.000000 0.000000 -18.000000
v -18.000000 0.000000 -32.000000
v -32.000000 0.000000 -14.000000
v -14.000000 0.000000 32.000000
v 32.000000 0.000000 14.000000
v 14.000000 0.000000 -32.000000
v -0.450094 0.732056 -18.467344
v -0.615141 1.290202 13.206208
v -18.097723 0.335615 -0.180240
v 13.478947 0.994244 -0.640255
v -32.000000 0.000000 2.000000
v 2.000000 0.000000 32.000000
v 32.000000 0.000000 -2.000000
v -2.000000 0.000000 -32.000000
v -32.000000 0.000000 -30.000000
v -30.000000 0.000000 32.000000
v 32.000000 0.000000 30.000000
v 30.000000 0.000000 -32.000000
v -0.561067 0.928604 -2.589729
v 0.000000 0.000000 30.000000
v -2.613545 1.209880 -0.749734
v 30.000000 0.000000 0.000000
v 15.527638 1.779839 12.825638
v 15.998698 0.061252 29.958668
v 13.605045 1.653940 14.906012
v 29.999981 0.000933 15.999371
v -16.192366 0.672228 13.640039
v -16.000000 0.000000 30.000000
v -18.166954 0.583426 15.687591
v -2.533774 1.128995 15.325291
v -16.028273 0.045985 -18.029358
v -16.148350 0.358714 -2.206415
v -18.018732 0.030468 -16.019451
v -2.509738 0.829065 -16.529274
v 15.817361 0.297053 -18.189638
v 15.576561 0.712855 -2.455996
v 13.678182 0.523422 -16.334152
v 30.000000 0.000000 -16.000000
v 24.000000 0.000000 -10.000000
v 23.989590 0.016931 -2.010809
v 21.974304 0.041793 -8.026681
v 30.000000 0.000000 -8.000000
v 7.447527 0.898569 -10.573646
v 7.447447 0.902363 -2.576206
v 5.447527 0.898569 -8.573646
v 13.570436 0.698664 -8.446027
v 7.871150 0.209569 -26.133789
v 7.456680 0.883683 -18.564142
v 5.751850 0.403604 -24.257660
v 13.882918 0.190428 -24.121569
v -8.562058 1.037494 -10.658149
v -8.601100 1.836860 -3.126885
v -10.549904 1.307135 -8.820463
v -2.555342 0.940149 -8.598937
v -24.000000 0.000000 -10.000000
v -24.003778 0.013206 -2.007071
v -26.000000 0.000000 -8.000000
v -18.078520 0.127710 -8.081530
v -24.000000 0.000000 -26.000000
v -24.000000 0.000000 -18.000000
v -26.000000 0.000000 -24.000000
v -18.000000 0.000000 -24.000000
v -8.115007 0.838048 21.564505
v -8.000006 0.000020 29.999989
v -10.079442 0.496742 23.740717
v -2.106924 0.252272 23.853825
v -24.009098 0.031792 21.982977
v -24.000000 0.000000 30.000000
v -26.000000 0.000000 24.000000
v -18.046698 0.163188 23.912617
v -24.045805 0.160070 5.914287
v -24.045620 0.159422 13.914634
v -26.013571 0.047425 7.974605
v -18.169567 0.592559 7.682700
v 23.994301 0.268194 21.819029
v 24.000000 0.000000 30.000000
v 21.992636 0.346504 23.766188
v 30.000000 0.000000 24.000000
v 7.772178 1.190707 21.208950
v 7.999042 0.045105 29.969564
v 5.862760 0.740736 23.507616
v 13.975878 0.697194 23.530121
v 7.434120 1.529460 5.000644
v 7.437260 1.797501 12.819235
v 5.435436 1.451307 7.053561
v 13.426658 1.880637 6.763679
v 23.921206 0.543008 5.637713
v 23.929356 0.625691 13.581314
v 21.797672 1.053793 7.299953
v 29.999880 0.005655 7.996184
v -8.513966 1.194891 5.306293
v -8.312687 0.873981 13.512405
v -10.349972 0.934622 7.473693
v -2.670615 1.344861 7.190372
v -8.000000 0.000000 -26.000000
v -8.266554 0.433536 -18.276770
v -10.000116 0.000189 -24.000120
v -2.085550 0.139142 -24.088829
v 24.000000 0.000000 -26.000000
v 24.000000 0.000000 -18.000000
v 22.000000 0.000000 -24.000000
v 30.000000 0.000000 -24.000000
v 28.000000 0.000000 -22.000000
v 28.000000 0.000000 -18.000000
v 26.000000 0.000000 -20.000000
v 30.000000 0.000000 -20.000000
v 19.999884 0.000189 -22.000120
v 19.989590 0.016931 -18.010809
v 17.940599 0.096611 -20.061676
v 22.000000 0.000000 -20.000000
v 20.000000 0.000000 -30.000000
v 20.000000 0.000000 -26.000000
v 18.000000 0.000000 -28.000000
v 22.000000 0.000000 -28.000000
v -4.154366 0.251069 -22.160282
v -4.372687 0.606157 -18.386971
v -6.209768 0.341177 -20.217808
v -2.306036 0.497752 -20.317764
v -12.009639 0.015677 -22.010008
v -12.151029 0.245641 -18.156816
v -14.025696 0.041793 -20.026680
v -10.105952 0.172326 -20.110012
v -12.000000 0.000000 -30.000000
v -12.000000 0.000000 -26.000000
v -14.000000 0.000000 -28.000000
v -10.000000 0.000000 -28.000000
v -4.594654 1.288013 9.239506
v -4.521397 1.169335 13.315361
v -6.459229 1.106851 11.362688
v -2.615930 1.258603 11.245746
v -12.227989 0.736224 9.600349
v -12.195722 0.683741 13.633855
v -14.195605 0.683553 11.633975
v -10.261055 0.790004 11.566016
v -12.351594 1.090208 1.366201
v -12.301558 0.855878 5.523963
v -14.242403 0.736124 3.595881
v -10.458156 1.201948 3.302285
v 27.997643 0.110937 9.925142
v 27.997736 0.106505 13.928133
v 25.983122 0.321274 11.783828
v 29.999828 0.008061 11.994560
v 19.668070 1.479965 9.019770
v 19.713196 1.386438 13.080236
v 17.554825 1.735622 10.853866
v 21.800632 1.084252 11.279179
v 19.749079 0.736982 1.517120
v 19.692812 1.244282 5.177594
v 17.614622 1.203331 3.210072
v 21.858477 0.667538 3.557365
v 11.425261 1.946352 8.719337
v 11.467994 1.876848 12.763708
v 9.425630 1.928993 10.731050
v 13.434413 1.931466 10.728840
v 3.421275 1.392364 9.101440
v 3.418000 1.497360 13.031140
v 1.390593 1.318593 11.168179
v 5.431875 1.607523 10.948277
v 3.442381 0.965766 1.382967
v 3.427085 1.199028 5.231003
v 1.408175 1.065936 3.332242
v 5.441169 1.197740 3.224481
v 11.990625 0.435851 25.705906
v 11.998816 0.055757 29.962378
v 9.995537 0.210015 27.858288
v 13.995296 0.221354 27.850636
v 3.957080 0.278469 25.814363
v 3.999932 0.003191 29.997847
v 1.999573 0.017857 27.987953
v 5.996871 0.144998 27.902163
v 3.498892 1.389543 17.095547
v 3.740625 0.914127 21.398048
v 1.599448 1.028826 19.340412
v 5.616270 1.395123 19.080305
v 28.000000 0.000000 26.000000
v 28.000000 0.000000 30.000000
v 26.000000 0.000000 28.000000
v 30.000000 0.000000 28.000000
v 19.993223 0.318839 25.784855
v 19.999495 0.023756 29.983971
v 17.995733 0.200761 27.864531
v 21.998543 0.068603 27.953709
v 19.864296 1.066701 17.287144
v 19.982430 0.683721 21.538828
v 17.894083 1.097453 19.264526
v 21.977558 0.583078 19.607168
v -20.131952 0.461111 9.753087
v -20.131952 0.461111 13.753087
v -22.087858 0.307026 11.835595
v -18.169565 0.592553 11.682704
v -28.000042 0.000144 9.999923
v -28.000042 0.000144 13.999923
v -30.000000 0.000000 12.000000
v -26.013569 0.047420 11.974608
v -28.000000 0.000000 2.000000
v -28.000048 0.000170 5.999909
v -30.000000 0.000000 4.000000
v -26.011593 0.040511 3.978307
v -20.006632 0.023177 25.987589
v -20.000000 0.000000 30.000000
v -22.000000 0.000000 28.000000
v -18.000708 0.002475 27.998674
v -28.000000 0.000000 26.000000
v -28.000000 0.000000 30.000000
v -30.000000 0.000000 28.000000
v -26.000000 0.000000 28.000000
v -28.000000 0.000000 18.000000
v -28.000000 0.000000 22.000000
v -30.000000 0.000000 20.000000
v -26.003412 0.011926 19.993614
v -4.028859 0.100759 25.946037
v -4.000000 0.000000 30.000000
v -6.010591 0.037011 27.980181
v -2.000795 0.002777 27.998512
v -12.044555 0.155699 25.916628
v -12.000017 0.000061 29.999968
v -14.009097 0.031789 27.982977
v -10.013449 0.046997 27.974834
v -12.189101 0.665291 17.643890
v -12.125297 0.559656 21.704048
v -14.152089 0.531482 19.715405
v -10.156908 0.882588 19.537630
v -20.000000 0.000000 -22.000000
v -20.000000 0.000000 -18.000000
v -22.000000 0.000000 -20.000000
v -18.000000 0.000000 -20.000000
v -28.000000 0.000000 -22.000000
v -28.000000 0.000000 -18.000000
v -30.000000 0.000000 -20.000000
v -26.000000 0.000000 -20.000000
v -28.000000 0.000000 -30.000000
v -28.000000 0.000000 -26.000000
v -30.000000 0.000000 -28.000000
v -26.000000 0.000000 -28.000000
v -20.008230 0.013468 -6.008583
v -20.037758 0.131949 -2.070655
v -22.002739 0.009568 -4.005124
v -18.066853 0.146743 -4.086362
v -28.000000 0.000000 -6.000000
v -28.000000 0.000000 -2.000000
v -30.000000 0.000000 -4.000000
v -26.000000 0.000000 -4.000000
v -28.000000 0.000000 -14.000000
v -28.000000 0.000000 -10.000000
v -30.000000 0.000000 -12.000000
v -26.000000 0.000000 -12.000000
v -4.584471 1.362288 -6.855710
v -4.620770 1.514430 -2.939604
v -6.621262 1.745798 -5.085523
v -2.564736 1.046537 -4.662961
v -12.439274 1.152738 -6.720427
v -12.388449 1.208824 -2.733825
v -14.271226 0.640536 -4.394931
v -10.529172 1.617229 -4.999731
v -12.332655 0.541046 -14.345404
v -12.433249 0.752067 -10.478510
v -14.290797 0.472967 -12.301942
v -10.486422 0.791141 -12.505064
v 11.714165 0.464896 -22.296789
v 11.577092 0.687839 -18.439116
v 9.549906 0.732056 -20.467344
v 13.733446 0.433536 -20.276770
v 3.650601 0.568280 -22.362789
v 3.482178 0.842212 -18.537668
v 1.596533 0.656219 -20.418930
v 5.521077 0.778944 -20.497278
v 4.000000 0.000000 -30.000000
v 3.882918 0.190428 -26.121569
v 1.982317 0.028761 -28.018360
v 5.961674 0.062336 -28.039795
v 11.465427 0.869456 -6.555060
v 11.456221 0.905298 -2.578728
v 9.447528 0.898569 -4.573646
v 13.521077 0.778944 -4.497277
v 3.447527 0.898569 -6.573646
v 3.447527 0.898569 -2.573646
v 1.447528 0.898569 -4.573646
v 5.447527 0.898569 -4.573646
v 3.447527 0.898569 -14.573646
v 3.447527 0.898569 -10.573646
v 1.447528 0.898569 -12.573646
v 5.447527 0.898569 -12.573646
v 28.000000 0.000000 -6.000000
v 28.000000 0.000000 -2.000000
v 26.000000 0.000000 -4.000000
v 30.000000 0.000000 -4.000000
v 19.874153 0.204685 -6.130671
v 19.816881 0.319696 -2.204917
v 17.733446 0.433536 -4.276769
v 21.940599 0.096611 -4.061676
v 19.963209 0.059839 -14.038201
v 19.923748 0.124019 -10.079173
v 17.845634 0.251069 -12.160282
v 21.994909 0.008281 -12.005286
v 28.000000 0.000000 -14.000000
v 28.000000 0.000000 -10.000000
v 26.000000 0.000000 -12.000000
v 30.000000 0.000000 -12.000000
v 11.528454 0.766947 -14.489618
v 11.490261 0.829065 -10.529274
v 9.456680 0.883683 -12.564142
v 13.627313 0.606157 -12.386971
v 12.000000 0.000000 -30.000000
v 11.914451 0.139142 -26.088829
v 9.967616 0.052671 -28.033625
v 13.996851 0.005121 -28.003269
v -4.534573 0.869456 -14.555060
v -4.555342 0.940156 -10.598942
v -6.543320 0.883683 -12.564142
v -2.552473 0.898569 -12.573646
v -20.002001 0.003254 -14.002077
v -20.011211 0.018234 -10.011641
v -22.000000 0.000000 -12.000000
v -18.069662 0.113302 -12.072332
v -20.000000 0.000000 -30.000000
v -20.000000 0.000000 -26.000000
v -22.000000 0.000000 -28.000000
v -18.000000 0.000000 -28.000000
v -4.388353 0.918298 17.468952
v -4.184052 0.511494 21.712910
v -6.229572 0.886539 19.519209
v -2.343726 0.763720 19.547579
v -20.113941 0.398174 17.786789
v -20.055851 0.195173 21.895491
v -22.053473 0.186862 19.899940
v -18.117779 0.411580 19.779610
v -20.101509 0.354728 1.810053
v -20.132154 0.461820 5.752707
v -22.081905 0.286224 3.846735
v -18.159599 0.557728 3.701351
v 27.998899 0.051751 17.965080
v 27.999836 0.007732 21.994783
v 25.996532 0.163186 19.889887
v 30.000000 0.000000 20.000000
v 11.655914 1.571205 16.958830
v 11.875078 1.064933 21.287678
v 9.711594 1.461784 19.029394
v 13.823782 1.279310 19.145885
v 11.440016 1.252035 1.187844
v 11.430215 1.713251 4.876626
v 9.435807 1.450076 3.054211
v 13.444112 1.475078 3.036798
v 27.999983 0.000823 1.999445
v 27.998510 0.070079 5.952712
v 25.995049 0.142053 3.904264
v 30.000000 0.000000 4.000000
v -4.675000 1.560212 1.052840
v -4.678012 1.417105 5.155846
v -6.647011 1.490371 3.112431
v -2.667500 1.300537 3.211111
v -4.000000 0.000000 -30.000000
v -4.005091 0.008281 -26.005287
v -6.000000 0.000000 -28.000000
v -2.000000 0.000000 -28.000000
v 28.000000 0.000000 -30.000000
v 28.000000 0.000000 -26.000000
v 26.000000 0.000000 -28.000000
v 30.000000 0.000000 -28.000000
v 30.000000 0.000000 -26.000000
v 26.000000 0.000000 -26.000000
v 26.000000 0.000000 -30.000000
v -2.018733 0.030468 -26.019451
v -6.000116 0.000189 -26.000120
v -6.000000 0.000000 -30.000000
v -2.676031 1.347448 5.187523
v -6.612082 1.348914 5.206896
v -6.669974 1.756471 0.938877
v 29.999990 0.000485 5.999673
v 25.986986 0.240392 5.838274
v 25.998842 0.052190 1.964787
v 13.439346 1.699326 4.885481
v 9.431266 1.663758 4.910023
v 9.440607 1.224211 1.206619
v 13.915544 1.000791 21.328564
v 9.826680 1.142938 21.237906
v 9.605045 1.653940 16.906012
v 30.000000 0.000000 22.000000
v 25.997959 0.096077 21.935169
v 25.995584 0.207738 17.859823
v -18.169716 0.593081 5.682421
v -22.088074 0.307775 5.835195
v -22.064947 0.226959 1.878469
v -18.083168 0.290634 21.844374
v -22.029446 0.102902 21.944899
v -22.074270 0.259538 17.861025
v -2.223962 0.511565 21.699123
v -6.141028 0.703902 21.626423
v -6.311821 0.887079 17.504253
v -18.000000 0.000000 -26.000000
v -22.000000 0.000000 -26.000000
v -22.000000 0.000000 -30.000000
v -18.078520 0.127710 -10.081530
v -22.000000 0.000000 -10.000000
v -22.000000 0.000000 -14.000000
v -2.552473 0.898569 -10.573646
v -6.561150 1.024314 -10.650131
v -6.509738 0.829065 -14.529274
v 13.955196 0.072871 -26.046520
v 9.882918 0.190428 -26.121569
v 10.000000 0.000000 -30.000000
v 13.577092 0.687839 -10.439116
v 9.456680 0.883683 -10.564142
v 9.465427 0.869456 -14.555060
v 30.000000 0.000000 -10.000000
v 26.000000 0.000000 -10.000000
v 26.000000 0.000000 -14.000000
v 21.989590 0.016931 -10.010809
v 17.817362 0.297053 -10.189638
v 17.874153 0.204685 -14.130671
v 21.923576 0.132082 -2.084615
v 17.693407 0.523932 -2.335430
v 17.756317 0.396337 -6.253021
v 30.000000 0.000000 -2.000000
v 26.000000 0.000000 -2.000000
v 26.000000 0.000000 -6.000000
v 5.447527 0.898569 -10.573646
v 1.447528 0.898569 -10.573646
v 1.447528 0.898569 -14.573646
v 5.447527 0.898569 -2.573646
v 1.447072 0.900163 -2.574499
v 1.447528 0.898569 -6.573646
v 13.489774 0.851994 -2.544747
v 9.447198 0.914100 -2.584126
v 9.447528 0.898569 -6.573646
v 5.871150 0.209569 -26.133789
v 1.914450 0.139142 -26.088829
v 2.000000 0.000000 -30.000000
v 5.456680 0.883683 -18.564142
v 1.513578 0.791141 -18.505064
v 1.709203 0.472967 -22.301941
v 13.693964 0.497752 -18.317764
v 9.490261 0.829065 -18.529274
v 9.650601 0.568280 -22.362789
v -10.526563 0.968875 -10.614712
v -14.311235 0.506208 -10.323163
v -14.234901 0.382055 -14.243904
v -10.520443 1.674403 -3.022595
v -14.257307 0.690953 -2.413316
v -14.304228 0.642721 -6.404622
v -2.583907 1.114804 -2.699638
v -6.641678 1.835158 -3.131929
v -6.604620 1.652599 -7.032257
v -26.000000 0.000000 -10.000000
v -30.000000 0.000000 -10.000000
v -30.000000 0.000000 -14.000000
v -26.000000 0.000000 -2.000000
v -30.000000 0.000000 -2.000000
v -30.000000 0.000000 -6.000000
v -18.073141 0.220604 -2.121264
v -22.018539 0.064788 -2.034692
v -22.000000 0.000000 -6.000000
v -26.000000 0.000000 -26.000000
v -30.000000 0.000000 -26.000000
v -30.000000 0.000000 -30.000000
v -26.000000 0.000000 -18.000000
v -30.000000 0.000000 -18.000000
v -30.000000 0.000000 -22.000000
v -18.000875 0.001425 -18.000910
v -22.000000 0.000000 -18.000000
v -22.000000 0.000000 -22.000000
v -10.117361 0.794680 21.586245
v -14.113940 0.398170 21.786791
v -14.183337 0.640681 17.656933
v -10.000034 0.000119 29.999937
v -14.000000 0.000000 30.000000
v -14.036561 0.127764 25.931585
v -2.000000 0.000000 30.000000
v -6.000000 0.000000 30.000000
v -6.039944 0.139587 25.925255
v -26.000017 0.000061 21.999968
v -30.000000 0.000000 22.000000
v -30.000000 0.000000 18.000000
v -26.000000 0.000000 30.000000
v -30.000000 0.000000 30.000000
v -30.000000 0.000000 26.000000
v -18.000000 0.000000 30.000000
v -22.000000 0.000000 30.000000
v -22.000311 0.001084 25.999420
v -26.013687 0.047827 5.974390
v -30.000000 0.000000 6.000000
v -30.000000 0.000000 2.000000
v -26.013569 0.047420 13.974608
v -30.000000 0.000000 14.000000
v -30.000000 0.000000 10.000000
v -18.169565 0.592553 13.682704
v -22.087858 0.307026 13.835595
v -22.087858 0.307026 9.835595
v 21.989866 0.476879 21.678213
v 17.964645 0.860274 21.420555
v 17.795946 1.304798 17.130360
v 21.999956 0.002054 29.998613
v 17.998951 0.049335 29.966711
v 17.991270 0.410823 25.722786
v 30.000000 0.000000 30.000000
v 26.000000 0.000000 30.000000
v 25.999838 0.007638 25.994846
v 5.741271 1.104390 21.269201
v 1.735729 0.743345 21.519775
v 1.484269 1.234269 17.213057
v 5.999489 0.024034 29.983782
v 2.000000 0.000000 30.000000
v 1.961118 0.158242 25.895399
v 13.998750 0.058851 29.960289
v 9.998885 0.052474 29.964592
v 9.981222 0.445729 25.699804
v 5.437847 1.344766 5.125375
v 1.397937 1.148436 5.281035
v 1.423327 0.984237 1.380316
v 5.430793 1.654032 12.916944
v 1.388531 1.387612 13.121919
v 1.392081 1.291221 9.186171
v 13.498810 1.826727 12.795705
v 9.443542 1.899293 12.750031
v 9.426658 1.880637 8.763680
v 21.814941 0.907718 5.397653
v 17.579161 1.473619 5.029508
v 17.625574 0.957331 1.375716
v 21.829323 1.018632 13.321785
v 17.605440 1.635427 12.918503
v 17.548170 1.746447 8.846955
v 29.999861 0.006560 13.995573
v 25.988682 0.301354 13.796955
v 25.982365 0.320509 9.784391
v -10.405374 1.024730 5.416168
v -14.227989 0.736224 5.600350
v -14.240034 0.717169 1.597992
v -10.227989 0.736224 13.600349
v -14.195605 0.683553 13.633975
v -14.195722 0.683741 9.633855
v -2.587458 1.222023 13.268795
v -6.423273 1.048387 13.400015
v -6.514487 1.196711 9.305319
v -10.000000 0.000000 -26.000000
v -14.000000 0.000000 -26.000000
v -14.000000 0.000000 -30.000000
v -10.209768 0.341177 -18.217808
v -14.083169 0.135271 -18.086357
v -14.000050 0.000080 -22.000051
v -2.422908 0.687839 -18.439116
v -6.321819 0.523422 -18.334152
v -6.105952 0.172326 -22.110012
v 22.000000 0.000000 -26.000000
v 18.000000 0.000000 -26.000000
v 18.000000 0.000000 -30.000000
v 22.000000 0.000000 -18.000000
v 17.923748 0.124019 -18.079174
v 17.967615 0.052671 -22.033625
v 30.000000 0.000000 -18.000000
v 26.000000 0.000000 -18.000000
v 26.000000 0.000000 -22.000000
v 30.000000 0.000000 -22.000000
v 22.000000 0.000000 -22.000000
v 22.000000 0.000000 -30.000000
v -2.182639 0.297053 -22.189638
v -10.032384 0.052671 -22.033625
v -10.000000 0.000000 -30.000000
v -2.646298 1.306277 9.215191
v -10.301558 0.855878 9.523963
v -10.488362 1.489296 1.117295
v 29.999840 0.007536 9.994915
v 21.796904 1.089958 9.275549
v 21.868565 0.467683 1.691864
v 13.425261 1.946352 8.719337
v 5.432953 1.562847 8.978356
v 5.444363 1.047486 1.325869
v 13.990578 0.443385 25.700815
v 5.956180 0.390615 25.738600
v 5.511365 1.571052 16.967791
v 30.000000 0.000000 26.000000
v 21.995806 0.197392 25.866804
v 21.934050 0.748976 17.497677
v -18.169565 0.592553 9.682704
v -26.013569 0.047420 9.974608
v -26.006369 0.022254 1.988084
v -18.016466 0.057542 25.969189
v -26.000000 0.000000 26.000000
v -26.009098 0.031792 17.982977
v -2.024488 0.067568 25.962206
v -10.045194 0.164177 25.912279
v -10.192107 0.755396 17.597733
v -18.000000 0.000000 -22.000000
v -26.000000 0.000000 -22.000000
v -26.000000 0.000000 -30.000000
v -18.071121 0.118403 -6.075063
v -26.000000 0.000000 -6.000000
v -26.000000 0.000000 -14.000000
v -2.561148 1.024288 -6.650116
v -10.540946 1.557598 -6.970724
v -10.416342 0.677159 -14.432298
v 13.802141 0.321808 -22.205442
v 5.627313 0.606157 -22.386971
v 5.999884 0.000189 -30.000120
v 13.528454 0.766947 -6.489618
v 5.447527 0.898569 -6.573646
v 5.447527 0.898569 -14.573646
v 30.000000 0.000000 -6.000000
v 21.963209 0.059839 -6.038201
v 21.999884 0.000189 -14.000120
v 30.000000 0.000000 -14.000000
v 13.633242 0.596514 -14.380814
v 14.000000 0.000000 -30.000000
v -2.543320 0.883683 -14.564142
v -18.046507 0.075642 -14.048290
v -18.000000 0.000000 -30.000000
v -2.447808 0.961149 17.426979
v -18.147408 0.515123 17.724165
v -18.132242 0.462127 1.752543
v 30.000000 0.000000 18.000000
v 13.711179 1.481319 17.016212
v 13.457870 1.225035 1.205004
v 30.000000 0.000000 2.000000
v -2.641714 1.247733 1.235807
v -2.000000 0.000000 -30.000000
v 30.000000 0.000000 -30.000000
v -32.000000 0.000000 31.000000
v 31.000000 0.000000 32.000000
v 32.000000 0.000000 -31.000000
v -31.000000 0.000000 -32.000000
v -32.000000 0.000000 -1.000000
v -1.000000 0.000000 32.000000
v 32.000000 0.000000 1.000000
v 1.000000 0.000000 -32.000000
v 0.000000 0.000000 -31.000000
v -0.594046 1.043848 0.348561
v -31.000000 0.000000 0.000000
v 0.429112 0.962921 -0.608105
v -32.000000 0.000000 15.000000
v 15.000000 0.000000 32.000000
v 32.000000 0.000000 -15.000000
v -15.000000 0.000000 -32.000000
v -32.000000 0.000000 -17.000000
v -17.000000 0.000000 32.000000
v 32.000000 0.000000 17.000000
v 17.000000 0.000000 -32.000000
v -0.543320 0.883683 -15.564142
v -0.535119 1.159003 16.284502
v -15.196664 0.557246 -0.315571
v 16.623947 0.764576 -0.493867
v 15.544559 0.983619 0.362907
v 15.686935 1.520750 15.991041
v 0.416262 1.303084 15.184484
v 16.655914 1.571205 14.958830
v -16.161646 0.504379 0.724497
v -16.180475 0.630680 16.662287
v -31.000000 0.000000 16.000000
v -15.192365 0.672228 15.640039
v -16.000000 0.000000 -31.000000
v -16.105951 0.172326 -15.110012
v -31.000000 0.000000 -16.000000
v -15.117082 0.190428 -16.121569
v 16.000000 0.000000 -31.000000
v 15.769412 0.375039 -15.239425
v 0.465427 0.869456 -16.555059
v 16.845634 0.251069 -16.160282
v -32.000000 0.000000 23.000000
v 23.000000 0.000000 32.000000
v 32.000000 0.000000 -23.000000
v -23.000000 0.000000 -32.000000
v -32.000000 0.000000 -9.000000
v -9.000000 0.000000 32.000000
v 32.000000 0.000000 9.000000
v 9.000000 0.000000 -32.000000
v -0.182639 0.297053 -23.189638
v -0.646629 1.265856 8.223926
v -23.028023 0.097927 -0.052437
v 8.445134 1.011223 -0.649662
v -32.000000 0.000000 7.000000
v 7.000000 0.000000 32.000000
v 32.000000 0.000000 -7.000000
v -7.000000 0.000000 -32.000000
v -32.000000 0.000000 -25.000000
v -25.000000 0.000000 32.000000
v 32.000000 0.000000 25.000000
v 25.000000 0.000000 -32.000000
v -0.552472 0.898569 -7.573646
v -0.070149 0.170363 24.893387
v -7.632497 1.909076 -1.161958
v 24.994551 0.025187 -0.016694
v 15.460279 1.872637 7.767028
v 15.987929 0.567965 24.616751
v 8.491692 1.821045 14.799982
v 24.983252 0.350213 15.764255
v -16.192366 0.672228 8.640039
v -16.041454 0.144861 24.922430
v -23.064665 0.225972 15.878998
v -7.324520 0.887659 15.502603
v -16.000000 0.000000 -23.000000
v -16.182638 0.297053 -7.189638
v -23.000000 0.000000 -16.000000
v -7.403467 0.656219 -16.418930
v 15.921479 0.127710 -23.081530
v 15.650601 0.568280 -7.362789
v 8.456680 0.883683 -16.564142
v 25.000000 0.000000 -16.000000
v 24.000000 0.000000 -15.000000
v 24.000000 0.000000 -7.000000
v 16.733446 0.433536 -8.276770
v 25.000000 0.000000 -8.000000
v 7.447527 0.898569 -15.573646
v 7.447527 0.898569 -7.573646
v 0.447528 0.898569 -8.573646
v 8.447528 0.898569 -8.573646
v 8.000000 0.000000 -31.000000
v 7.688765 0.506208 -23.323164
v 0.845634 0.251069 -24.160282
v 8.756318 0.396337 -24.253021
v -8.422908 0.687839 -15.439116
v -8.589571 1.553954 -7.971845
v -15.248672 0.411168 -8.262262
v -7.586571 1.392714 -8.874216
v -24.000000 0.000000 -15.000000
v -24.000000 0.000000 -7.000000
v -31.000000 0.000000 -8.000000
v -23.000000 0.000000 -8.000000
v -24.000000 0.000000 -31.000000
v -24.000000 0.000000 -23.000000
v -31.000000 0.000000 -24.000000
v -23.000000 0.000000 -24.000000
v -8.260629 0.799907 16.561064
v -8.060609 0.316469 24.833744
v -15.064664 0.225972 23.878998
v -7.076599 0.480447 23.749249
v -24.041454 0.144861 16.922430
v -24.000000 0.000000 25.000000
v -31.000000 0.000000 24.000000
v -23.003685 0.012880 23.993103
v -24.023375 0.081680 0.956262
v -24.045620 0.159422 8.914634
v -31.000000 0.000000 8.000000
v -23.065989 0.230603 7.876518
v 23.971933 0.469743 16.684137
v 23.997280 0.127985 24.913639
v 16.985748 0.670597 23.547497
v 24.997763 0.105292 23.928951
v 7.507651 1.745834 15.849854
v 7.929384 0.624377 24.582199
v 0.870306 0.354566 23.772472
v 8.900194 0.809969 23.458513
v 7.444079 1.060817 0.316873
v 7.430482 1.700629 7.885144
v 0.375165 1.225573 7.240098
v 8.429387 1.752189 6.850352
v 23.965677 0.143878 0.904831
v 23.909973 0.669192 8.553092
v 16.500208 1.761012 6.840047
v 24.953150 0.463431 7.689556
v -8.596590 1.794488 -0.081937
v -8.430507 1.065608 8.390071
v -15.195722 0.683741 7.633855
v -7.517425 1.206975 7.299823
v -8.000000 0.000000 -31.000000
v -8.032384 0.052671 -23.033625
v -15.000000 0.000000 -24.000000
v -7.018733 0.030468 -24.019451
v 24.000000 0.000000 -31.000000
v 24.000000 0.000000 -23.000000
v 16.974304 0.041793 -24.026680
v 25.000000 0.000000 -24.000000
v -32.000000 0.000000 27.000000
v 27.000000 0.000000 32.000000
v 32.000000 0.000000 -27.000000
v -27.000000 0.000000 -32.000000
v -32.000000 0.000000 -5.000000
v -5.000000 0.000000 32.000000
v 32.000000 0.000000 5.000000
v 5.000000 0.000000 -32.000000
v -0.018733 0.030468 -27.019451
v -0.636883 1.193545 4.268403
v -27.000000 0.000000 0.000000
v 4.447225 0.912811 -0.583256
v -32.000000 0.000000 11.000000
v 11.000000 0.000000 32.000000
v 32.000000 0.000000 -11.000000
v -11.000000 0.000000 -32.000000
v -32.000000 0.000000 -21.000000
v -21.000000 0.000000 32.000000
v 32.000000 0.000000 21.000000
v 21.000000 0.000000 -32.000000
v -0.552472 0.898569 -11.573646
v -0.321336 0.748092 20.536268
v -11.441786 1.485260 -0.890487
v 20.842937 0.377986 -0.245923
v 15.505960 1.490258 4.022746
v 15.909622 1.088077 20.269913
v 4.436019 1.601782 14.954141
v 20.832060 1.041403 15.306222
v -16.191362 0.664988 4.643581
v -16.123707 0.432297 20.768517
v -27.003685 0.012880 15.993103
v -11.197606 0.686806 15.631898
v -16.000000 0.000000 -27.000000
v -16.182638 0.297053 -11.189638
v -27.000000 0.000000 -16.000000
v -11.285835 0.464896 -16.296789
v 15.999124 0.001425 -27.000910
v 15.709203 0.472967 -11.301942
v 4.447527 0.898569 -16.573647
v 20.994909 0.008281 -16.005287
v -32.000000 0.000000 19.000000
v 19.000000 0.000000 32.000000
v 32.000000 0.000000 -19.000000
v -19.000000 0.000000 -32.000000
v -32.000000 0.000000 -13.000000
v -13.000000 0.000000 32.000000
v 32.000000 0.000000 13.000000
v 13.000000 0.000000 -32.000000
v -0.403467 0.656219 -19.418930
v -0.631543 1.296482 12.203012
v -19.083471 0.291692 -0.156193
v 12.453498 1.033423 -0.665184
v -32.000000 0.000000 3.000000
v 3.000000 0.000000 32.000000
v 32.000000 0.000000 -3.000000
v -3.000000 0.000000 -32.000000
v -32.000000 0.000000 -29.000000
v -29.000000 0.000000 32.000000
v 32.000000 0.000000 29.000000
v 29.000000 0.000000 -32.000000
v -0.554775 0.906616 -3.577955
v 0.000000 0.000000 29.000000
v -3.635233 1.408585 -0.867926
v 29.000000 0.000000 0.000000
v 15.491311 1.838924 11.787918
v 15.997167 0.133318 28.910040
v 12.574265 1.704002 14.874052
v 28.999485 0.024212 15.983663
v -16.192366 0.672228 12.640039
v -16.000042 0.000143 28.999924
v -19.149733 0.523248 15.719814
v -3.496833 1.083604 15.361251
v -16.010410 0.016931 -19.010809
v -16.148399 0.320785 -3.189521
v -19.003149 0.005121 -16.003269
v -3.486422 0.791141 -16.505064
v 15.828297 0.279267 -19.178284
v 15.596513 0.657150 -3.419558
v 12.627313 0.606157 -16.386971
v 29.000000 0.000000 -16.000000
v 24.000000 0.000000 -11.000000
v 23.991812 0.013319 -3.008503
v 20.940599 0.096611 -8.061676
v 29.000000 0.000000 -8.000000
v 7.447527 0.898569 -11.573646
v 7.447527 0.898569 -3.573646
v 4.447527 0.898569 -8.573646
v 12.521077 0.778944 -8.497277
v 7.921480 0.127710 -27.081530
v 7.482178 0.842212 -19.537668
v 4.756318 0.396337 -24.253021
v 12.848971 0.245641 -24.156816
v -8.545262 0.911834 -11.581265
v -8.605108 1.807307 -4.114964
v -11.505914 1.170088 -8.735196
v -3.562125 1.038453 -8.658731
v -24.000000 0.000000 -11.000000
v -24.000525 0.001833 -3.000982
v -27.000000 0.000000 -8.000000
v -19.038326 0.062336 -8.039795
v -24.000000 0.000000 -27.000000
v -24.000000 0.000000 -19.000000
v -27.000000 0.000000 -24.000000
v -19.000000 0.000000 -24.000000
v -8.142054 0.920173 20.519419
v -8.003507 0.012254 28.993439
v -11.082621 0.428758 23.774698
v -3.097681 0.257653 23.854534
v -24.015863 0.055434 20.970316
v -24.000000 0.000000 29.000000
v -27.000000 0.000000 24.000000
v -19.037514 0.131090 23.929804
v -24.044762 0.156420 4.916241
v -24.045620 0.159422 12.914634
v -27.003969 0.013874 7.992571
v -19.152092 0.531490 7.715401
v 23.993544 0.303828 20.794985
v 23.999998 0.000054 28.999964
v 20.990816 0.432139 23.708403
v 29.000000 0.000000 24.000000
v 7.713848 1.355724 20.100960
v 7.997675 0.109384 28.926191
v 4.861372 0.669618 23.555780
v 12.966830 0.709808 23.522146
v 7.436007 1.440665 4.060561
v 7.428241 1.806083 11.813986
v 4.432437 1.362552 7.116020
v 12.426658 1.880637 6.763679
v 23.932819 0.462717 4.691284
v 23.918724 0.659789 12.558912
v 20.733847 1.250744 7.170711
v 28.999136 0.040683 7.972548
v -8.534254 1.239200 4.275558
v -8.327499 0.898072 12.497026
v -11.301558 0.855878 7.523963
v -3.665028 1.371731 7.180142
v -8.000000 0.000000 -27.000000
v -8.209768 0.341177 -19.217808
v -11.000000 0.000000 -24.000000
v -3.069662 0.113302 -24.072332
v 24.000000 0.000000 -27.000000
v 24.000000 0.000000 -19.000000
v 21.000000 0.000000 -24.000000
v 29.000000 0.000000 -24.000000
v 28.000000 0.000000 -23.000000
v 28.000000 0.000000 -19.000000
v 25.000000 0.000000 -20.000000
v 29.000000 0.000000 -20.000000
v 20.000000 0.000000 -23.000000
v 19.991812 0.013319 -19.008503
v 16.896732 0.167959 -20.107225
v 21.000000 0.000000 -20.000000
v 20.000000 0.000000 -31.000000
v 20.000000 0.000000 -27.000000
v 17.000000 0.000000 -28.000000
v 21.000000 0.000000 -28.000000
v -4.103267 0.167959 -23.107225
v -4.321819 0.523422 -19.334152
v -7.182639 0.297053 -20.189638
v -3.290797 0.472967 -20.301941
v -12.000116 0.000189 -23.000120
v -12.105952 0.172326 -19.110012
v -15.010409 0.016931 -20.010809
v -11.085549 0.139142 -20.088829
v -12.000000 0.000000 -31.000000
v -12.000000 0.000000 -27.000000
v -15.000000 0.000000 -28.000000
v -11.000000 0.000000 -28.000000
v -4.621876 1.332354 8.211212
v -4.538830 1.197827 12.297199
v -7.405374 1.024730 11.416167
v -3.585322 1.242969 11.262512
v -12.242113 0.759195 8.585685
v -12.198754 0.688674 12.630706
v -15.195605 0.683553 11.633975
v -11.227989 0.736224 11.600349
v -12.366224 1.183448 0.302832
v -12.324080 0.886126 4.503423
v -15.208837 0.681788 3.630619
v -11.398558 1.068631 3.386165
v 27.997650 0.110539 8.925411
v 27.997593 0.113257 12.923577
v 24.954258 0.481024 11.677593
v 28.999004 0.046829 11.968401
v 19.668314 1.468503 8.027504
v 19.688499 1.447165 12.040693
v 16.506187 1.814730 10.803364
v 20.737379 1.287495 11.145647
v 19.764372 0.612223 0.600530
v 19.719152 1.106098 4.269403
v 16.557764 1.294939 3.151622
v 20.802635 0.820280 3.457522
v 11.425630 1.928993 7.731050
v 11.443160 1.917239 11.737922
v 8.426658 1.880637 10.763680
v 12.434413 1.931466 10.728840
v 3.422411 1.351608 8.128800
v 3.419130 1.449808 12.063165
v 0.371757 1.295087 11.194206
v 4.428491 1.510800 11.016404
v 3.445716 0.923079 0.410494
v 3.430049 1.143474 4.267552
v 0.390635 1.101150 3.317310
v 4.440297 1.128936 3.272137
v 11.978542 0.571808 24.614729
v 11.997334 0.125432 28.915361
v 8.995605 0.206834 27.860434
v 12.995356 0.218533 27.852539
v 3.915175 0.424361 24.718298
v 3.999380 0.029166 28.980320
v 0.999952 0.002253 27.998480
v 4.997512 0.111786 27.924578
v 3.456238 1.466802 16.047533
v 3.675098 1.065165 20.300606
v 0.602673 0.950965 19.399910
v 4.612574 1.297286 19.146700
v 28.000000 0.000000 25.000000
v 28.000000 0.000000 29.000000
v 24.999992 0.000315 27.999788
v 29.000000 0.000000 28.000000
v 19.991158 0.416081 24.719238
v 19.998461 0.072456 28.951109
v 16.995361 0.218314 27.852688
v 20.997766 0.105104 27.929079
v 19.823162 1.154922 16.230021
v 19.965504 0.772220 20.480032
v 16.875290 1.176904 19.211964
v 20.959959 0.716766 19.517864
v -20.131952 0.461111 8.753087
v -20.131952 0.461111 12.753087
v -23.065987 0.230594 11.876523
v -19.152088 0.531482 11.715405
v -28.000042 0.000144 8.999923
v -28.000042 0.000144 12.999923
v -31.000000 0.000000 12.000000
v -27.003969 0.013871 11.992573
v -28.000000 0.000000 1.000000
v -28.000023 0.000080 4.999957
v -31.000000 0.000000 4.000000
v -27.002966 0.010366 3.994449
v -20.015863 0.055434 24.970316
v -20.000000 0.000000 29.000000
v -23.000000 0.000000 28.000000
v -19.000042 0.000144 27.999924
v -28.000000 0.000000 25.000000
v -28.000000 0.000000 29.000000
v -31.000000 0.000000 28.000000
v -27.000000 0.000000 28.000000
v -28.000000 0.000000 17.000000
v -28.000000 0.000000 21.000000
v -31.000000 0.000000 20.000000
v -27.000042 0.000144 19.999924
v -4.052658 0.169987 24.907719
v -4.000472 0.001648 28.999117
v -7.012157 0.042483 27.977251
v -3.002858 0.009986 27.994652
v -12.064458 0.230707 24.876629
v -12.003685 0.012877 28.993105
v -15.006260 0.021877 27.988285
v -11.013568 0.047415 27.974611
v -12.192366 0.672230 16.640038
v -12.145175 0.629172 20.666826
v -15.149733 0.523248 19.719814
v -11.161223 0.786456 19.585703
v -20.000000 0.000000 -23.000000
v -20.000000 0.000000 -19.000000
v -23.000000 0.000000 -20.000000
v -19.000000 0.000000 -20.000000
v -28.000000 0.000000 -23.000000
v -28.000000 0.000000 -19.000000
v -31.000000 0.000000 -20.000000
v -27.000000 0.000000 -20.000000
v -28.000000 0.000000 -31.000000
v -28.000000 0.000000 -27.000000
v -31.000000 0.000000 -28.000000
v -27.000000 0.000000 -28.000000
v -20.010410 0.016931 -7.010808
v -20.023489 0.081868 -3.043858
v -23.000340 0.001184 -4.000634
v -19.034008 0.085811 -4.048910
v -28.000000 0.000000 -7.000000
v -28.000000 0.000000 -3.000000
v -31.000000 0.000000 -4.000000
v -27.000000 0.000000 -4.000000
v -28.000000 0.000000 -15.000000
v -28.000000 0.000000 -11.000000
v -31.000000 0.000000 -12.000000
v -27.000000 0.000000 -12.000000
v -4.578688 1.278481 -7.804733
v -4.605465 1.458963 -3.909713
v -7.619392 1.794491 -5.113722
v -3.578678 1.221776 -4.768932
v -12.450846 1.092713 -7.685386
v -12.398803 1.186026 -3.726712
v -15.211007 0.434700 -4.267039
v -11.474032 1.419667 -4.877314
v -12.285835 0.464896 -15.296789
v -12.423002 0.689204 -11.439947
v -15.230588 0.375039 -12.239425
v -11.450094 0.732056 -12.467344
v 11.765099 0.382055 -23.243904
v 11.596533 0.656219 -19.418930
v 8.528454 0.766947 -20.489618
v 12.678182 0.523422 -20.334152
v 3.709203 0.472967 -23.301941
v 3.513578 0.791141 -19.505064
v 0.627313 0.606157 -20.386971
v 4.528454 0.766947 -20.489618
v 4.000000 0.000000 -31.000000
v 3.930338 0.113302 -27.072332
v 0.990361 0.015677 -28.010008
v 4.963209 0.059839 -28.038200
v 11.482178 0.842212 -7.537668
v 11.456675 0.883942 -3.564317
v 8.447528 0.898569 -4.573646
v 12.482178 0.842212 -4.537668
v 3.447527 0.898569 -7.573646
v 3.447527 0.898569 -3.573646
v 0.447528 0.898569 -4.573646
v 4.447527 0.898569 -4.573646
v 3.447527 0.898569 -15.573646
v 3.447527 0.898569 -11.573646
v 0.447528 0.898569 -12.573646
v 4.447527 0.898569 -12.573646
v 28.000000 0.000000 -7.000000
v 28.000000 0.000000 -3.000000
v 25.000000 0.000000 -4.000000
v 29.000000 0.000000 -4.000000
v 19.882917 0.190428 -7.121569
v 19.828285 0.279805 -3.178647
v 16.678181 0.523422 -4.334152
v 20.896732 0.167959 -4.107225
v 19.967615 0.052671 -15.033626
v 19.930338 0.113302 -11.072332
v 16.790232 0.341177 -12.217808
v 20.974304 0.041793 -12.026681
v 28.000000 0.000000 -15.000000
v 28.000000 0.000000 -11.000000
v 25.000000 0.000000 -12.000000
v 29.000000 0.000000 -12.000000
v 11.549906 0.732056 -15.467344
v 11.513578 0.791141 -11.505064
v 8.447528 0.898569 -12.573646
v 12.570436 0.698664 -12.446027
v 12.000000 0.000000 -31.000000
v 11.953492 0.075642 -27.048290
v 8.963209 0.059839 -28.038200
v 12.990361 0.015677 -28.010008
v -4.509738 0.829065 -15.529274
v -4.552474 0.898599 -11.573664
v -7.543320 0.883683 -12.564142
v -3.552473 0.898569 -12.573646
v -20.000116 0.000189 -15.000120
v -20.010410 0.016931 -11.010809
v -23.000000 0.000000 -12.000000
v -19.032385 0.052671 -12.033626
v -20.000000 0.000000 -31.000000
v -20.000000 0.000000 -27.000000
v -23.000000 0.000000 -28.000000
v -19.000000 0.000000 -28.000000
v -4.422040 0.976890 16.432280
v -4.235530 0.629704 20.643988
v -7.198722 0.947473 19.495462
v -3.315768 0.733962 19.573843
v -20.123707 0.432297 16.768517
v -20.070053 0.244804 20.868914
v -23.037514 0.131090 19.929804
v -19.101202 0.353652 19.810629
v -20.086586 0.302577 0.837978
v -20.130095 0.454621 4.756562
v -23.061039 0.213301 3.885783
v -19.143112 0.500112 3.732203
v 27.998817 0.055647 16.962452
v 27.999594 0.019130 20.987091
v 24.994593 0.254457 19.828299
v 28.999937 0.002951 19.998009
v 11.605045 1.653940 15.906012
v 11.824935 1.225040 20.182507
v 8.687659 1.486690 19.014025
v 12.795506 1.325431 19.116438
v 11.442334 1.142939 0.261460
v 11.432507 1.605383 3.949414
v 8.436785 1.404098 3.085236
v 12.434983 1.488837 3.028056
v 28.000000 0.000000 1.000000
v 27.998964 0.048727 4.967121
v 24.977762 0.243097 3.837010
v 28.999945 0.002634 3.998223
v -4.671799 1.617343 0.012522
v -4.677791 1.403121 4.161799
v -7.601728 1.428462 3.153199
v -3.676532 1.359217 3.180261
v -4.000000 0.000000 -31.000000
v -4.000000 0.000000 -27.000000
v -7.000000 0.000000 -28.000000
v -3.000000 0.000000 -28.000000
v 28.000000 0.000000 -31.000000
v 28.000000 0.000000 -27.000000
v 25.000000 0.000000 -28.000000
v 29.000000 0.000000 -28.000000
v -32.000000 0.000000 29.000000
v 29.000000 0.000000 32.000000
v 32.000000 0.000000 -29.000000
v -29.000000 0.000000 -32.000000
v -32.000000 0.000000 -3.000000
v -3.000000 0.000000 32.000000
v 32.000000 0.000000 3.000000
v 3.000000 0.000000 -32.000000
v 0.000000 0.000000 -29.000000
v -0.618408 1.128984 2.302973
v -29.000000 0.000000 0.000000
v 2.444649 0.908628 -0.579032
v -32.000000 0.000000 13.000000
v 13.000000 0.000000 32.000000
v 32.000000 0.000000 -13.000000
v -13.000000 0.000000 -32.000000
v -32.000000 0.000000 -19.000000
v -19.000000 0.000000 32.000000
v 32.000000 0.000000 19.000000
v 19.000000 0.000000 -32.000000
v -0.552472 0.898569 -13.573646
v -0.443989 0.984544 18.390968
v -13.311354 0.981310 -0.578529
v 18.730101 0.590973 -0.383004
v 15.510974 1.254344 2.181934
v 15.806029 1.327050 18.114698
v 2.415528 1.451244 15.068178
v 18.735558 1.373133 15.087860
v -16.176594 0.599104 2.677582
v -16.159359 0.556884 18.701803
v -29.000000 0.000000 16.000000
v -13.195605 0.683553 15.633975
v -16.000000 0.000000 -29.000000
v -16.154366 0.251069 -13.160282
v -29.000000 0.000000 -16.000000
v -13.197859 0.321808 -16.205442
v 16.000000 0.000000 -29.000000
v 15.751850 0.403604 -13.257661
v 2.456680 0.883683 -16.564142
v 18.940599 0.096611 -16.061676
v -32.000000 0.000000 21.000000
v 21.000000 0.000000 32.000000
v 32.000000 0.000000 -21.000000
v -21.000000 0.000000 -32.000000
v -32.000000 0.000000 -11.000000
v -11.000000 0.000000 32.000000
v 32.000000 0.000000 11.000000
v 11.000000 0.000000 -32.000000
v -0.290797 0.472967 -21.301941
v -0.638819 1.275930 10.217013
v -21.056135 0.196165 -0.105041
v 10.444454 1.043182 -0.671227
v -32.000000 0.000000 5.000000
v 5.000000 0.000000 32.000000
v 32.000000 0.000000 -5.000000
v -5.000000 0.000000 -32.000000
v -32.000000 0.000000 -27.000000
v -27.000000 0.000000 32.000000
v 32.000000 0.000000 27.000000
v 27.000000 0.000000 -32.000000
v -0.552472 0.898569 -5.573646
v -0.005291 0.010761 26.993116
v -5.665820 1.797714 -1.100195
v 27.000000 0.000000 0.000000
v 15.459910 1.889995 9.755315
v 15.992933 0.332525 26.775620
v 10.527638 1.779839 14.825638
v 26.996885 0.146563 15.901103
v -16.192366 0.672228 10.640039
v -16.011465 0.040068 26.978544
v -21.108353 0.378646 15.797245
v -5.408456 0.988551 15.431334
v -16.000000 0.000000 -21.000000
v -16.165493 0.290049 -5.181164
v -21.000000 0.000000 -16.000000
v -5.450094 0.732056 -16.467344
v 15.868106 0.214519 -21.136950
v 15.627313 0.606157 -5.386970
v 10.521077 0.778944 -16.497278
v 27.000000 0.000000 -16.000000
v 24.000000 0.000000 -13.000000
v 23.997999 0.003254 -5.002077
v 18.845634 0.251069 -8.160282
v 27.000000 0.000000 -8.000000
v 7.447527 0.898569 -13.573646
v 7.447527 0.898569 -5.573646
v 2.447527 0.898569 -8.573646
v 10.456680 0.883683 -8.564142
v 7.988789 0.018234 -29.011641
v 7.570436 0.698664 -21.446026
v 2.790232 0.341177 -24.217808
v 10.790232 0.341177 -24.217808
v -8.509739 0.829065 -13.529274
v -8.601613 1.748702 -6.087739
v -13.384442 0.776509 -8.490590
v -5.578689 1.278493 -8.804740
v -24.000000 0.000000 -13.000000
v -24.000000 0.000000 -5.000000
v -29.000000 0.000000 -8.000000
v -21.000116 0.000189 -8.000120
v -24.000000 0.000000 -29.000000
v -24.000000 0.000000 -21.000000
v -29.000000 0.000000 -24.000000
v -21.000000 0.000000 -24.000000
v -8.206031 0.907660 18.516150
v -8.026695 0.093289 26.950047
v -13.081605 0.286070 23.846846
v -5.081450 0.308051 23.834618
v -24.030289 0.105847 18.943321
v -24.000000 0.000000 27.000000
v -29.000000 0.000000 24.000000
v -21.018349 0.064121 23.965666
v -24.036783 0.128539 2.931171
v -24.045620 0.159422 10.914634
v -29.000000 0.000000 8.000000
v -21.110197 0.385088 7.793796
v 23.990696 0.398060 18.731451
v 23.999146 0.040248 26.972841
v 18.987656 0.580875 23.608040
v 26.999765 0.011047 23.992546
v 7.606514 1.584890 17.952604
v 7.988615 0.304436 26.794874
v 2.864906 0.499602 23.670546
v 10.939137 0.751114 23.495918
v 7.440166 1.244950 2.192625
v 7.428522 1.792873 9.822900
v 2.410875 1.252923 7.202559
v 10.426983 1.865306 6.774024
v 23.956924 0.285851 2.809382
v 23.909920 0.671729 10.551379
v 18.606733 1.574521 6.959601
v 26.995914 0.186973 7.873842
v -8.583400 1.527768 2.091092
v -8.378244 0.980605 10.444337
v -13.227989 0.736224 7.600350
v -5.607280 1.332136 7.215880
v -8.000000 0.000000 -29.000000
v -8.105952 0.172326 -21.110012
v -13.000000 0.000000 -24.000000
v -5.046507 0.075642 -24.048290
v 24.000000 0.000000 -29.000000
v 24.000000 0.000000 -21.000000
v 18.999950 0.000080 -24.000051
v 27.000000 0.000000 -24.000000
v -32.000000 0.000000 25.000000
v 25.000000 0.000000 32.000000
v 32.000000 0.000000 -25.000000
v -25.000000 0.000000 -32.000000
v -32.000000 0.000000 -7.000000
v -7.000000 0.000000 32.000000
v 32.000000 0.000000 7.000000
v 7.000000 0.000000 -32.000000
v -0.085550 0.139142 -25.088829
v -0.644890 1.233691 6.245075
v -25.006750 0.023591 -0.012632
v 6.446222 0.959987 -0.615089
v -32.000000 0.000000 9.000000
v 9.000000 0.000000 32.000000
v 32.000000 0.000000 -9.000000
v -9.000000 0.000000 -32.000000
v -32.000000 0.000000 -23.000000
v -23.000000 0.000000 32.000000
v 32.000000 0.000000 23.000000
v 23.000000 0.000000 -32.000000
v -0.552472 0.898569 -9.573646
v -0.186224 0.449421 22.720411
v -9.563123 1.822104 -1.101547
v 22.939096 0.167364 -0.109419
v 15.470943 1.738064 5.857355
v 15.973441 0.811860 22.452747
v 6.462961 1.746457 14.852171
v 22.922665 0.665694 15.554678
v -16.192385 0.672297 6.640002
v -16.081640 0.285297 22.847231
v -25.026997 0.094343 15.949482
v -9.242113 0.759195 15.585685
v -16.000000 0.000000 -25.000000
v -16.186375 0.303129 -9.193518
v -25.000000 0.000000 -16.000000
v -9.349399 0.568280 -16.362789
v 15.971726 0.045985 -25.029358
v 15.688765 0.506208 -9.323163
v 6.447527 0.898569 -16.573647
v 23.000000 0.000000 -16.000000
v -32.000000 0.000000 17.000000
v 17.000000 0.000000 32.000000
v 32.000000 0.000000 -17.000000
v -17.000000 0.000000 -32.000000
v -32.000000 0.000000 -15.000000
v -15.000000 0.000000 32.000000
v 32.000000 0.000000 15.000000
v 15.000000 0.000000 -32.000000
v -0.486422 0.791141 -17.505064
v -0.606720 1.289162 14.206120
v -17.121426 0.389334 -0.211614
v 14.517790 0.933639 -0.601661
v -32.000000 0.000000 1.000000
v 1.000000 0.000000 32.000000
v 32.000000 0.000000 -1.000000
v -1.000000 0.000000 -32.000000
v -32.000000 0.000000 -31.000000
v -31.000000 0.000000 32.000000
v 32.000000 0.000000 31.000000
v 31.000000 0.000000 -32.000000
v -0.570356 0.961064 -1.607110
v 0.000000 0.000000 31.000000
v -1.594775 1.063605 -0.663669
v 31.000000 0.000000 0.000000
v 15.574265 1.704002 13.874052
v 15.999681 0.014985 30.989889
v 14.610974 1.644297 14.912169
v 31.000000 0.000000 16.000000
v -16.192366 0.672228 14.640039
v -16.000000 0.000000 31.000000
v -17.180475 0.630680 15.662288
v -1.561946 1.184564 15.281075
v -16.051825 0.084291 -17.053810
v -16.150270 0.402951 -1.226736
v -17.044804 0.072871 -16.046520
v -1.517822 0.842212 -16.537668
v 15.813625 0.303129 -17.193518
v 15.568766 0.777302 -1.499090
v 14.733446 0.433536 -16.276770
v 31.000000 0.000000 -16.000000
v 24.000000 0.000000 -9.000000
v 23.982119 0.038073 -1.024645
v 22.994909 0.008281 -8.005286
v 31.000000 0.000000 -8.000000
v 7.447527 0.898569 -9.573646
v 7.446815 0.932106 -1.596276
v 6.447527 0.898569 -8.573646
v 14.627313 0.606157 -8.386971
v 7.813625 0.303129 -25.193518
v 7.447527 0.898569 -17.573647
v 6.751850 0.403604 -24.257660
v 14.916831 0.135271 -24.086357
v -8.573539 1.203867 -9.759347
v -8.607240 1.886104 -2.150763
v -9.577164 1.374139 -8.862470
v -1.552474 0.898599 -8.573664
v -24.000000 0.000000 -9.000000
v -24.009237 0.032281 -1.017286
v -25.000000 0.000000 -8.000000
v -17.128851 0.209569 -8.133789
v -24.000000 0.000000 -25.000000
v -24.000000 0.000000 -17.000000
v -25.000000 0.000000 -24.000000
v -17.000000 0.000000 -24.000000
v -8.094440 0.710188 22.631353
v -8.000000 0.000000 31.000000
v -9.077807 0.520544 23.728874
v -1.115944 0.265749 23.840307
v -24.003685 0.012880 22.993103
v -24.000000 0.000000 31.000000
v -25.000000 0.000000 24.000000
v -17.054653 0.190991 23.897730
v -24.045681 0.159634 6.914520
v -24.045620 0.159422 14.914634
v -25.027802 0.097157 7.947975
v -17.183338 0.640686 7.656929
v 23.995201 0.225798 22.847637
v 24.000000 0.000000 31.000000
v 22.994474 0.259980 23.824572
v 31.000000 0.000000 24.000000
v 7.829590 1.006028 22.330290
v 7.999841 0.007499 30.994940
v 6.870182 0.789716 23.474047
v 14.982308 0.689408 23.534990
v 7.432507 1.605383 5.949413
v 7.445011 1.830123 13.796705
v 6.433445 1.561216 6.979216
v 14.435810 1.865750 6.773182
v 23.913496 0.606431 6.595307
v 23.943007 0.569050 14.618770
v 22.857561 0.848971 7.434758
v 31.000000 0.000000 8.000000
v -8.486403 1.156520 6.332034
v -8.298873 0.851512 14.526750
v -9.405374 1.024730 7.416168
v -1.658103 1.286192 7.220115
v -8.000116 0.000189 -25.000120
v -8.321818 0.523422 -17.334152
v -9.003149 0.005121 -24.003269
v -1.105952 0.172326 -24.110012
v 24.000000 0.000000 -25.000000
v 24.000000 0.000000 -17.000000
v 23.000000 0.000000 -24.000000
v 31.000000 0.000000 -24.000000
v 28.000000 0.000000 -21.000000
v 28.000000 0.000000 -17.000000
v 27.000000 0.000000 -20.000000
v 31.000000 0.000000 -20.000000
v 19.997999 0.003254 -21.002077
v 19.982317 0.028761 -17.018360
v 18.974304 0.041793 -20.026680
v 23.000000 0.000000 -20.000000
v 20.000000 0.000000 -29.000000
v 20.000000 0.000000 -25.000000
v 19.000000 0.000000 -28.000000
v 23.000000 0.000000 -28.000000
v -4.209768 0.341177 -21.217808
v -4.422908 0.687839 -17.439116
v -5.234901 0.382055 -20.243904
v -1.321819 0.523422 -20.334152
v -12.032384 0.052671 -21.033625
v -12.197859 0.321808 -17.205442
v -13.044804 0.072871 -20.046520
v -9.131894 0.214519 -20.136950
v -12.000000 0.000000 -29.000000
v -12.000000 0.000000 -25.000000
v -13.000000 0.000000 -28.000000
v -9.000000 0.000000 -28.000000
v -4.575359 1.256902 10.259420
v -4.491663 1.116951 14.348028
v -5.506287 1.168053 11.320664
v -1.634632 1.271505 11.229282
v -12.214338 0.714021 10.614524
v -12.195605 0.683553 14.633975
v -13.195722 0.683741 11.633855
v -9.301558 0.855878 11.523963
v -12.349906 1.009392 2.420453
v -12.281155 0.822695 6.545147
v -13.286571 0.813352 3.546721
v -9.511818 1.301461 3.238286
v 27.997639 0.111078 10.925048
v 27.998020 0.093125 14.937161
v 26.995701 0.200036 11.865024
v 31.000000 0.000000 12.000000
v 19.668070 1.479965 10.019770
v 19.745947 1.283206 14.148022
v 18.611389 1.624795 10.925327
v 22.859930 0.873957 11.417721
v 19.742250 0.855351 2.437511
v 19.675766 1.354072 6.104412
v 18.676184 1.098180 3.277389
v 22.906429 0.516517 3.656528
v 11.425261 1.946352 9.719337
v 11.506186 1.814730 13.803364
v 10.425261 1.946352 10.719337
v 14.443160 1.917239 10.737922
v 3.420362 1.418888 10.083726
v 3.417483 1.527510 14.010731
v 2.406935 1.364027 11.128419
v 6.430214 1.713251 10.876627
v 3.438216 1.021116 2.347189
v 3.425339 1.244536 6.200706
v 2.422903 1.060541 3.328198
v 6.439553 1.273816 3.173147
v 11.993179 0.320958 26.783426
v 11.999740 0.012246 30.991737
v 10.995484 0.212486 27.856619
v 14.995232 0.224385 27.848591
v 3.985796 0.159081 26.893320
v 4.000000 0.000000 31.000000
v 2.998947 0.044283 27.970125
v 6.996313 0.173498 27.882927
v 3.552278 1.295528 18.154104
v 3.804085 0.752039 22.503569
v 2.604480 1.107815 19.280922
v 6.631629 1.461034 19.034801
v 28.000000 0.000000 27.000000
v 28.000000 0.000000 31.000000
v 27.000000 0.000000 28.000000
v 31.000000 0.000000 28.000000
v 19.995207 0.225509 26.847832
v 19.999979 0.000989 30.999332
v 18.996294 0.174418 27.882307
v 22.999235 0.036030 27.975689
v 19.903915 0.954208 18.360769
v 19.987230 0.600856 22.594557
v 18.915812 0.988197 19.337061
v 22.988827 0.462997 19.687664
v -20.131952 0.461111 10.753087
v -20.131952 0.461111 14.753087
v -21.110195 0.385079 11.793800
v -17.183338 0.640681 11.656932
v -28.000042 0.000144 10.999923
v -28.000042 0.000144 14.999923
v -29.000000 0.000000 12.000000
v -25.027800 0.097150 11.947979
v -28.000000 0.000000 3.000000
v -28.000044 0.000152 6.999918
v -29.000000 0.000000 4.000000
v -25.024841 0.086807 3.953517
v -20.001114 0.003896 26.997913
v -20.000000 0.000000 31.000000
v -21.000000 0.000000 28.000000
v -17.001802 0.006299 27.996628
v -28.000000 0.000000 27.000000
v -28.000000 0.000000 31.000000
v -29.000000 0.000000 28.000000
v -25.000000 0.000000 28.000000
v -28.000000 0.000000 19.000000
v -28.000000 0.000000 23.000000
v -29.000000 0.000000 20.000000
v -25.011465 0.040068 19.978544
v -4.015328 0.053566 26.971317
v -4.000000 0.000000 31.000000
v -5.008270 0.028898 27.984526
v -1.000000 0.000000 28.000000
v -12.026996 0.094337 26.949486
v -12.000000 0.000000 31.000000
v -13.011465 0.040064 27.978546
v -9.013164 0.046001 27.975368
v -12.178721 0.671432 18.641901
v -12.104538 0.467289 22.752901
v -13.158896 0.567585 19.696449
v -9.157988 0.927009 19.514742
v -20.000000 0.000000 -21.000000
v -20.000000 0.000000 -17.000000
v -21.000000 0.000000 -20.000000
v -17.000000 0.000000 -20.000000
v -28.000000 0.000000 -21.000000
v -28.000000 0.000000 -17.000000
v -29.000000 0.000000 -20.000000
v -25.000000 0.000000 -20.000000
v -28.000000 0.000000 -29.000000
v -28.000000 0.000000 -25.000000
v -29.000000 0.000000 -28.000000
v -25.000000 0.000000 -28.000000
v -20.008543 0.020346 -5.011747
v -20.053751 0.187832 -1.100579
v -21.006752 0.023595 -4.012634
v -17.108791 0.220359 -4.132318
v -28.000000 0.000000 -5.000000
v -28.000000 0.000000 -1.000000
v -29.000000 0.000000 -4.000000
v -25.000000 0.000000 -4.000000
v -28.000000 0.000000 -13.000000
v -28.000000 0.000000 -9.000000
v -29.000000 0.000000 -12.000000
v -25.000000 0.000000 -12.000000
v -4.587691 1.396756 -5.876393
v -4.638753 1.578155 -1.973811
v -5.608205 1.601328 -4.998683
v -1.555125 0.928412 -4.591599
v -12.418631 1.158911 -5.720576
v -12.386410 1.246641 -1.749983
v -13.338116 0.895063 -4.552590
v -9.567839 1.720627 -5.064645
v -12.372687 0.606157 -13.386971
v -12.440531 0.857605 -9.542705
v -13.349399 0.568280 -12.362789
v -9.509739 0.829065 -12.529274
v 11.667345 0.541046 -21.345404
v 11.570436 0.698664 -17.446026
v 10.583658 0.677159 -20.432299
v 14.790232 0.341177 -20.217808
v 3.596533 0.656219 -21.418930
v 3.456680 0.883683 -17.564142
v 2.577092 0.687839 -20.439116
v 6.521077 0.778944 -20.497278
v 3.991811 0.013319 -29.008503
v 3.828296 0.279267 -25.178284
v 2.974304 0.041793 -28.026680
v 6.961674 0.062336 -28.039795
v 11.456680 0.883683 -5.564142
v 11.445983 0.971257 -1.622694
v 10.447528 0.898569 -4.573646
v 14.570436 0.698664 -4.446027
v 3.447527 0.898569 -5.573646
v 3.447527 0.898569 -1.573646
v 2.447527 0.898569 -4.573646
v 6.447527 0.898569 -4.573646
v 3.447527 0.898569 -13.573646
v 3.447527 0.898569 -9.573646
v 2.447527 0.898569 -12.573646
v 6.447527 0.898569 -12.573646
v 28.000000 0.000000 -5.000000
v 28.000000 0.000000 -1.000000
v 27.000000 0.000000 -4.000000
v 31.000000 0.000000 -4.000000
v 19.868105 0.214519 -5.136949
v 19.812061 0.376711 -1.243169
v 18.790232 0.341177 -4.217807
v 22.974304 0.041793 -4.026680
v 19.953493 0.075642 -13.048290
v 19.914450 0.139142 -9.088828
v 18.896732 0.167959 -12.107225
v 23.000000 0.000000 -12.000000
v 28.000000 0.000000 -13.000000
v 28.000000 0.000000 -9.000000
v 27.000000 0.000000 -12.000000
v 31.000000 0.000000 -12.000000
v 11.521077 0.778944 -13.497277
v 11.482178 0.842212 -9.537667
v 10.482178 0.842212 -12.537667
v 14.678182 0.523422 -12.334152
v 11.997999 0.003254 -29.002077
v 11.868106 0.214519 -25.136950
v 10.974304 0.041793 -28.026680
v 14.999950 0.000080 -28.000051
v -4.543320 0.883683 -13.564142
v -4.562126 1.038459 -9.658735
v -5.552473 0.898569 -12.573646
v -1.552472 0.898569 -12.573646
v -20.005091 0.008281 -13.005286
v -20.011211 0.018234 -9.011641
v -21.000000 0.000000 -12.000000
v -17.117083 0.190428 -12.121570
v -20.000000 0.000000 -29.000000
v -20.000000 0.000000 -25.000000
v -21.000000 0.000000 -28.000000
v -17.000000 0.000000 -28.000000
v -4.344097 0.834970 18.519838
v -4.134095 0.384334 22.785908
v -5.261868 0.804900 19.552721
v -1.367743 0.813565 19.507113
v -20.101202 0.353652 18.810629
v -20.041454 0.144861 22.922430
v -21.070053 0.244804 19.868914
v -17.131952 0.461111 19.753086
v -20.114237 0.399208 2.786234
v -20.132017 0.461343 6.752963
v -21.103233 0.360752 3.806827
v -17.172430 0.602563 3.677343
v 27.999077 0.043398 18.970716
v 27.999979 0.001024 22.999310
v 26.998148 0.087138 19.941200
v 31.000000 0.000000 20.000000
v 11.711179 1.481319 18.016212
v 11.917733 0.897773 22.398077
v 10.743247 1.410275 19.062279
v 14.846250 1.242963 19.169083
v 11.437527 1.369195 2.108788
v 11.428226 1.806863 5.813460
v 10.435193 1.478976 3.034710
v 14.469567 1.435607 3.061924
v 27.999777 0.010480 2.992928
v 27.998110 0.088901 6.940012
v 26.998407 0.074909 3.949454
v 31.000000 0.000000 4.000000
v -4.685297 1.504543 2.091440
v -4.657930 1.390484 6.174004
v -5.675534 1.492239 3.107575
v -1.648485 1.234090 3.246691
v -4.000000 0.000000 -29.000000
v -4.025696 0.041793 -25.026680
v -5.000000 0.000000 -28.000000
v -1.000116 0.000189 -28.000120
v 28.000000 0.000000 -29.000000
v 28.000000 0.000000 -25.000000
v 27.000000 0.000000 -28.000000
v 31.000000 0.000000 -28.000000
v 30.000000 0.000000 -27.000000
v 30.000000 0.000000 -25.000000
v 29.000000 0.000000 -26.000000
v 31.000000 0.000000 -26.000000
v 26.000000 0.000000 -27.000000
v 26.000000 0.000000 -25.000000
v 25.000000 0.000000 -26.000000
v 27.000000 0.000000 -26.000000
v 26.000000 0.000000 -31.000000
v 26.000000 0.000000 -29.000000
v 25.000000 0.000000 -30.000000
v 27.000000 0.000000 -30.000000
v -2.003149 0.005121 -27.003269
v -2.046508 0.075642 -25.048290
v -3.009639 0.015677 -26.010008
v -1.032384 0.052671 -26.033625
v -6.000000 0.000000 -27.000000
v -6.009639 0.015677 -25.010008
v -7.000000 0.000000 -26.000000
v -5.002000 0.003254 -26.002077
v -6.000000 0.000000 -31.000000
v -6.000000 0.000000 -29.000000
v -7.000000 0.000000 -30.000000
v -5.000000 0.000000 -30.000000
v -2.678188 1.337886 4.191111
v -2.679033 1.357939 6.181906
v -3.686507 1.400399 5.160634
v -1.664193 1.288982 5.217298
v -6.632043 1.392320 4.176758
v -6.596130 1.329489 6.220551
v -7.564891 1.277824 5.253369
v -5.652488 1.399257 5.171796
v -6.667192 1.852984 -0.125795
v -6.655046 1.612523 2.032843
v -7.636498 1.727710 0.959053
v -5.683537 1.697285 0.972186
v 30.000000 0.000000 5.000000
v 29.999939 0.002889 6.998051
v 28.999540 0.021645 5.985394
v 31.000000 0.000000 6.000000
v 25.990984 0.193016 4.870059
v 25.984015 0.279300 6.812151
v 24.960695 0.378269 5.746669
v 26.997021 0.140229 5.905376
v 25.999571 0.020168 0.986391
v 25.997904 0.093362 2.937008
v 24.987482 0.116139 1.922248
v 26.999626 0.017618 1.988112
v 13.441636 1.591568 3.958194
v 13.437361 1.792775 5.822424
v 12.430215 1.713251 4.876626
v 14.464808 1.659551 4.910812
v 9.433446 1.561216 3.979216
v 9.429387 1.752189 5.850352
v 8.432507 1.605383 4.949413
v 10.430483 1.700629 4.885144
v 9.442809 1.120619 0.276520
v 9.438234 1.335886 2.131263
v 8.441306 1.191330 1.228806
v 10.440166 1.244950 1.192625
v 13.873335 1.146961 20.232328
v 13.950736 0.846965 22.430407
v 12.895455 1.032949 21.308052
v 14.934467 0.970840 21.347652
v 9.769533 1.315160 20.124973
v 9.877271 0.961769 22.357290
v 8.798554 1.181967 21.213243
v 10.849133 1.107309 21.260618
v 9.554825 1.735622 15.853867
v 9.655914 1.571205 17.958830
v 8.574658 1.685529 16.886517
v 10.628334 1.616063 16.930193
v 30.000000 0.000000 21.000000
v 30.000000 0.000000 23.000000
v 29.000000 0.000000 22.000000
v 31.000000 0.000000 22.000000
v 25.997223 0.130708 20.911800
v 25.998455 0.072689 22.950951
v 24.996284 0.174792 21.882055
v 26.999130 0.040908 21.972397
v 25.995411 0.215946 16.854284
v 25.995970 0.189636 18.872038
v 24.993336 0.311308 17.789940
v 26.997463 0.119388 17.919439
v -18.167154 0.584127 4.687215
v -18.169615 0.592726 6.682611
v -19.152271 0.532118 5.715065
v -17.183447 0.641067 5.656725
v -22.086519 0.302348 4.838100
v -22.087929 0.307271 6.835464
v -23.066191 0.231310 5.876140
v -21.110407 0.385825 5.793401
v -22.053749 0.187826 0.899424
v -22.074549 0.260512 2.860503
v -23.046951 0.164076 1.912142
v -21.083467 0.291684 1.843811
v -18.101202 0.353652 20.810629
v -18.064665 0.225972 22.878998
v -19.070053 0.244804 21.868914
v -17.094374 0.329797 21.823402
v -22.041454 0.144861 20.922430
v -22.018349 0.064121 22.965666
v -23.018349 0.064121 21.965666
v -21.041454 0.144861 21.922430
v -22.081640 0.285297 16.847231
v -22.064665 0.225972 18.878998
v -23.054653 0.190991 17.897730
v -21.094374 0.329797 17.823402
v -2.285451 0.643534 20.619928
v -2.163118 0.377481 22.779322
v -3.205004 0.497676 21.713907
v -1.240566 0.548138 21.668591
v -6.184347 0.813494 20.563868
v -6.103449 0.564100 22.702995
v -7.124410 0.800632 21.581337
v -5.160630 0.590539 21.678967
v -6.338628 0.894980 16.494921
v -6.273803 0.898895 18.505217
v -7.271830 0.876550 17.518955
v -5.351676 0.893550 17.491131
v -18.000000 0.000000 -27.000000
v -18.000000 0.000000 -25.000000
v -19.000000 0.000000 -26.000000
v -17.000000 0.000000 -26.000000
v -22.000000 0.000000 -27.000000
v -22.000000 0.000000 -25.000000
v -23.000000 0.000000 -26.000000
v -21.000000 0.000000 -26.000000
v -22.000000 0.000000 -31.000000
v -22.000000 0.000000 -29.000000
v -23.000000 0.000000 -30.000000
v -21.000000 0.000000 -30.000000
v -18.076252 0.124019 -11.079173
v -18.078520 0.127710 -9.081530
v -19.038326 0.062336 -10.039795
v -17.128851 0.209569 -10.133789
v -22.000000 0.000000 -11.000000
v -22.000000 0.000000 -9.000000
v -23.000000 0.000000 -10.000000
v -21.000116 0.000189 -10.000120
v -22.000000 0.000000 -15.000000
v -22.000000 0.000000 -13.000000
v -23.000000 0.000000 -14.000000
v -21.000000 0.000000 -14.000000
v -2.552473 0.898569 -11.573646
v -2.552878 0.904438 -9.577215
v -3.552878 0.904439 -10.577216
v -1.552472 0.898569 -10.573646
v -6.554000 0.920701 -11.587108
v -6.572077 1.182673 -9.746456
v -7.562116 1.038317 -10.658649
v -5.558575 0.987008 -10.627439
v -6.471546 0.766947 -15.489618
v -6.534573 0.869456 -13.555060
v -7.486422 0.791141 -14.505064
v -5.517822 0.842212 -14.537667
v 13.981267 0.030468 -27.019451
v 13.921479 0.127710 -25.081530
v 12.934550 0.106451 -26.067959
v 14.974304 0.041793 -26.026680
v 9.930338 0.113302 -27.072332
v 9.828297 0.279267 -25.178284
v 8.874152 0.204685 -26.130671
v 10.896732 0.167959 -26.107225
v 10.000000 0.000000 -31.000000
v 9.991811 0.013319 -29.008503
v 8.999950 0.000080 -30.000051
v 11.000000 0.000000 -30.000000
v 13.596533 0.656219 -11.418930
v 13.570436 0.698664 -9.446027
v 12.528454 0.766947 -10.489618
v 14.633242 0.596514 -10.380814
v 9.456680 0.883683 -11.564142
v 9.447528 0.898569 -9.573646
v 8.447528 0.898569 -10.573646
v 10.465427 0.869456 -10.555060
v 9.482178 0.842212 -15.537667
v 9.456680 0.883683 -13.564142
v 8.456680 0.883683 -14.564142
v 10.490261 0.829065 -14.529274
v 30.000000 0.000000 -11.000000
v 30.000000 0.000000 -9.000000
v 29.000000 0.000000 -10.000000
v 31.000000 0.000000 -10.000000
v 26.000000 0.000000 -11.000000
v 26.000000 0.000000 -9.000000
v 25.000000 0.000000 -10.000000
v 27.000000 0.000000 -10.000000
v 26.000000 0.000000 -15.000000
v 26.000000 0.000000 -13.000000
v 25.000000 0.000000 -14.000000
v 27.000000 0.000000 -14.000000
v 21.991812 0.013319 -11.008503
v 21.982317 0.028761 -9.018361
v 20.963209 0.059839 -10.038201
v 22.999884 0.000189 -10.000120
v 17.828297 0.279267 -11.178284
v 17.813625 0.303129 -9.193518
v 16.756317 0.396337 -10.253021
v 18.874153 0.204685 -10.130671
v 17.882917 0.190428 -15.121570
v 17.868105 0.214519 -13.136949
v 16.817362 0.297053 -14.189638
v 18.923748 0.124019 -14.079173
v 21.930338 0.113302 -3.072332
v 21.913534 0.182213 -1.117892
v 20.873814 0.220628 -2.141428
v 22.963173 0.061556 -2.039360
v 17.709179 0.474108 -3.302711
v 17.687050 0.586879 -1.377597
v 16.632694 0.622230 -2.398167
v 18.755758 0.422674 -2.270793
v 17.769413 0.375039 -7.239425
v 17.751850 0.403604 -5.257660
v 16.693964 0.497752 -6.317764
v 18.817362 0.297053 -6.189638
v 30.000000 0.000000 -3.000000
v 30.000000 0.000000 -1.000000
v 29.000000 0.000000 -2.000000
v 31.000000 0.000000 -2.000000
v 26.000000 0.000000 -3.000000
v 26.000000 0.000000 -1.000000
v 24.999884 0.000189 -2.000120
v 27.000000 0.000000 -2.000000
v 26.000000 0.000000 -7.000000
v 26.000000 0.000000 -5.000000
v 25.000000 0.000000 -6.000000
v 27.000000 0.000000 -6.000000
v 5.447527 0.898569 -11.573646
v 5.447527 0.898569 -9.573646
v 4.447527 0.898569 -10.573646
v 6.447527 0.898569 -10.573646
v 1.447528 0.898569 -11.573646
v 1.447528 0.898569 -9.573646
v 0.447528 0.898569 -10.573646
v 2.447527 0.898569 -10.573646
v 1.447528 0.898569 -15.573646
v 1.447528 0.898569 -13.573646
v 0.447528 0.898569 -14.573646
v 2.447527 0.898569 -14.573646
v 5.447527 0.898569 -3.573646
v 5.447401 0.904541 -1.577675
v 4.447527 0.898569 -2.573646
v 6.447523 0.898789 -2.573794
v 1.447528 0.898569 -3.573646
v 1.443818 0.911533 -1.580588
v 0.444045 0.910739 -2.580162
v 2.447527 0.898569 -2.573646
v 1.447528 0.898569 -7.573646
v 1.447528 0.898569 -5.573646
v 0.447528 0.898569 -6.573646
v 2.447527 0.898569 -6.573646
v 13.513566 0.791715 -3.505451
v 13.480583 0.917233 -1.588289
v 12.464961 0.891412 -2.569876
v 14.527942 0.791031 -2.505870
v 9.447528 0.898569 -3.573646
v 9.446222 0.959987 -1.615089
v 8.447323 0.908225 -2.580161
v 10.447108 0.918312 -2.586967
v 9.447528 0.898569 -7.573646
v 9.447528 0.898569 -5.573646
v 8.447528 0.898569 -6.573646
v 10.456680 0.883683 -6.564142
v 5.921480 0.127710 -27.081530
v 5.813625 0.303129 -25.193518
v 4.874152 0.204685 -26.130671
v 6.871150 0.209569 -26.133789
v 1.953492 0.075642 -27.048290
v 1.868106 0.214519 -25.136950
v 0.934550 0.106451 -26.067959
v 2.896733 0.167959 -26.107225
v 2.000000 0.000000 -31.000000
v 1.998000 0.003254 -29.002077
v 1.000000 0.000000 -30.000000
v 3.000000 0.000000 -30.000000
v 5.482178 0.842212 -19.537668
v 5.447527 0.898569 -17.573647
v 4.465427 0.869456 -18.555059
v 6.456680 0.883683 -18.564142
v 1.549906 0.732056 -19.467344
v 1.482178 0.842212 -17.537668
v 0.528454 0.766947 -18.489618
v 2.490262 0.829065 -18.529274
v 1.765099 0.382055 -23.243904
v 1.650601 0.568280 -21.362789
v 0.733446 0.433536 -22.276770
v 2.678181 0.523422 -22.334152
v 13.709203 0.472967 -19.301941
v 13.688765 0.506208 -17.323164
v 12.633242 0.596514 -18.380814
v 14.756318 0.396337 -18.253021
v 9.513578 0.791141 -19.505064
v 9.482178 0.842212 -17.537668
v 8.465427 0.869456 -18.555059
v 10.528454 0.766947 -18.489618
v 9.709203 0.472967 -23.301941
v 9.596533 0.656219 -21.418930
v 8.633242 0.596514 -22.380814
v 10.678182 0.523422 -22.334152
v -10.511341 0.852278 -11.543394
v -10.537507 1.127479 -9.711185
v -11.485513 0.874450 -10.555370
v -9.552768 1.020599 -10.647424
v -14.306036 0.497752 -11.317764
v -14.312622 0.526309 -9.335390
v -15.248150 0.403604 -10.257661
v -13.373745 0.621482 -10.396293
v -14.197859 0.321808 -15.205442
v -14.266554 0.433536 -13.276770
v -15.182639 0.297053 -14.189638
v -13.285835 0.464896 -14.296789
v -10.519587 1.635223 -4.004882
v -10.512067 1.702823 -2.032679
v -11.458076 1.466556 -2.893527
v -9.568545 1.790959 -3.096225
v -14.263813 0.662508 -3.402578
v -14.251422 0.723275 -1.425898
v -15.198693 0.487245 -2.286755
v -13.320569 0.940278 -2.567647
v -14.314514 0.620615 -7.392498
v -14.289120 0.643190 -5.401579
v -15.236264 0.429942 -6.272187
v -13.373510 0.894477 -6.560666
v -2.572346 1.073273 -3.677291
v -2.598229 1.165136 -1.726617
v -3.602051 1.305649 -2.814055
v -1.569325 0.978392 -2.618396
v -6.625412 1.777252 -4.100820
v -6.651097 1.884261 -2.156744
v -7.626808 1.868037 -3.148836
v -5.637202 1.705213 -3.054555
v -6.596033 1.529834 -7.957622
v -6.612036 1.713672 -6.068332
v -7.608332 1.700332 -7.061151
v -5.596032 1.529816 -6.957611
v -26.000000 0.000000 -11.000000
v -26.000000 0.000000 -9.000000
v -27.000000 0.000000 -10.000000
v -25.000000 0.000000 -10.000000
v -30.000000 0.000000 -11.000000
v -30.000000 0.000000 -9.000000
v -31.000000 0.000000 -10.000000
v -29.000000 0.000000 -10.000000
v -30.000000 0.000000 -15.000000
v -30.000000 0.000000 -13.000000
v -31.000000 0.000000 -14.000000
v -29.000000 0.000000 -14.000000
v -26.000000 0.000000 -3.000000
v -26.000025 0.000086 -1.000046
v -27.000000 0.000000 -2.000000
v -25.000340 0.001183 -2.000634
v -30.000000 0.000000 -3.000000
v -30.000000 0.000000 -1.000000
v -31.000000 0.000000 -2.000000
v -29.000000 0.000000 -2.000000
v -30.000000 0.000000 -7.000000
v -30.000000 0.000000 -5.000000
v -31.000000 0.000000 -6.000000
v -29.000000 0.000000 -6.000000
v -18.068417 0.178588 -3.101050
v -18.083910 0.275215 -1.148984
v -19.050020 0.168914 -2.090976
v -17.106333 0.284708 -2.160239
v -22.009237 0.032283 -3.017287
v -22.029676 0.103706 -1.055532
v -23.010159 0.035497 -2.019008
v -21.028025 0.097931 -2.052440
v -22.000000 0.000000 -7.000000
v -22.000025 0.000086 -5.000046
v -23.000000 0.000000 -6.000000
v -21.000000 0.000000 -6.000000
v -26.000000 0.000000 -27.000000
v -26.000000 0.000000 -25.000000
v -27.000000 0.000000 -26.000000
v -25.000000 0.000000 -26.000000
v -30.000000 0.000000 -27.000000
v -30.000000 0.000000 -25.000000
v -31.000000 0.000000 -26.000000
v -29.000000 0.000000 -26.000000
v -30.000000 0.000000 -31.000000
v -30.000000 0.000000 -29.000000
v -31.000000 0.000000 -30.000000
v -29.000000 0.000000 -30.000000
v -26.000000 0.000000 -19.000000
v -26.000000 0.000000 -17.000000
v -27.000000 0.000000 -18.000000
v -25.000000 0.000000 -18.000000
v -30.000000 0.000000 -19.000000
v -30.000000 0.000000 -17.000000
v -31.000000 0.000000 -18.000000
v -29.000000 0.000000 -18.000000
v -30.000000 0.000000 -23.000000
v -30.000000 0.000000 -21.000000
v -31.000000 0.000000 -22.000000
v -29.000000 0.000000 -22.000000
v -18.000000 0.000000 -19.000000
v -18.007509 0.012214 -17.007797
v -19.000000 0.000000 -18.000000
v -17.010410 0.016931 -18.010809
v -22.000000 0.000000 -19.000000
v -22.000000 0.000000 -17.000000
v -23.000000 0.000000 -18.000000
v -21.000000 0.000000 -18.000000
v -22.000000 0.000000 -23.000000
v -22.000000 0.000000 -21.000000
v -23.000000 0.000000 -22.000000
v -21.000000 0.000000 -22.000000
v -10.137520 0.865135 20.548519
v -10.097371 0.677257 22.647665
v -11.122189 0.688060 21.639555
v -9.114863 0.839182 21.564043
v -14.131951 0.461111 20.753086
v -14.094374 0.329792 22.823404
v -15.108354 0.378646 21.797245
v -13.122934 0.450200 21.759560
v -14.192365 0.672228 16.640039
v -14.169565 0.592553 18.682703
v -15.180475 0.630680 17.662287
v -13.183337 0.640681 17.656933
v -10.003900 0.013629 28.992702
v -10.000000 0.000000 31.000000
v -11.000041 0.000143 29.999924
v -9.000020 0.000069 29.999964
v -14.001802 0.006298 28.996628
v -14.000000 0.000000 31.000000
v -15.000000 0.000000 30.000000
v -13.000000 0.000000 30.000000
v -14.054652 0.190986 24.897732
v -14.021029 0.073489 26.960649
v -15.030288 0.105843 25.943323
v -13.041451 0.144855 25.922434
v -2.000000 0.000000 29.000000
v -2.000000 0.000000 31.000000
v -3.000000 0.000000 30.000000
v -1.000000 0.000000 30.000000
v -6.002449 0.008556 28.995419
v -6.000000 0.000000 31.000000
v -7.000000 0.000000 30.000000
v -5.000000 0.000000 30.000000
v -6.057667 0.239122 24.873108
v -6.023437 0.081901 26.956144
v -7.042945 0.154744 25.917282
v -5.035037 0.122438 25.934439
v -26.001114 0.003896 20.997913
v -26.000000 0.000000 23.000000
v -27.000000 0.000000 22.000000
v -25.002659 0.009291 21.995026
v -30.000000 0.000000 21.000000
v -30.000000 0.000000 23.000000
v -31.000000 0.000000 22.000000
v -29.000000 0.000000 22.000000
v -30.000000 0.000000 17.000000
v -30.000000 0.000000 19.000000
v -31.000000 0.000000 18.000000
v -29.000000 0.000000 18.000000
v -26.000000 0.000000 29.000000
v -26.000000 0.000000 31.000000
v -27.000000 0.000000 30.000000
v -25.000000 0.000000 30.000000
v -30.000000 0.000000 29.000000
v -30.000000 0.000000 31.000000
v -31.000000 0.000000 30.000000
v -29.000000 0.000000 30.000000
v -30.000000 0.000000 25.000000
v -30.000000 0.000000 27.000000
v -31.000000 0.000000 26.000000
v -29.000000 0.000000 26.000000
v -18.000000 0.000000 29.000000
v -18.000000 0.000000 31.000000
v -19.000000 0.000000 30.000000
v -17.000000 0.000000 30.000000
v -22.000000 0.000000 29.000000
v -22.000000 0.000000 31.000000
v -23.000000 0.000000 30.000000
v -21.000000 0.000000 30.000000
v -22.003685 0.012880 24.993103
v -22.000000 0.000000 27.000000
v -23.000000 0.000000 26.000000
v -21.002659 0.009291 25.995026
v -26.013151 0.045956 4.975391
v -26.013607 0.047553 6.974537
v -27.004036 0.014105 5.992447
v -25.027956 0.097695 5.947687
v -30.000000 0.000000 5.000000
v -30.000000 0.000000 7.000000
v -31.000000 0.000000 6.000000
v -29.000000 0.000000 6.000000
v -30.000000 0.000000 1.000000
v -30.000000 0.000000 3.000000
v -31.000000 0.000000 2.000000
v -29.000000 0.000000 2.000000
v -26.013569 0.047420 12.974608
v -26.013569 0.047420 14.974608
v -27.003969 0.013871 13.992573
v -25.027800 0.097150 13.947979
v -30.000000 0.000000 13.000000
v -30.000000 0.000000 15.000000
v -31.000000 0.000000 14.000000
v -29.000000 0.000000 14.000000
v -30.000000 0.000000 9.000000
v -30.000000 0.000000 11.000000
v -31.000000 0.000000 10.000000
v -29.000000 0.000000 10.000000
v -18.169565 0.592553 12.682704
v -18.169565 0.592553 14.682704
v -19.152088 0.531482 13.715405
v -17.183338 0.640681 13.656932
v -22.087858 0.307026 12.835595
v -22.087858 0.307026 14.835595
v -23.065987 0.230594 13.876523
v -21.110195 0.385079 13.793800
v -22.087858 0.307026 8.835595
v -22.087858 0.307026 10.835595
v -23.065987 0.230594 9.876523
v -21.110195 0.385079 9.793800
v 21.987978 0.525964 20.645144
v 21.991154 0.416288 22.719099
v 20.987600 0.581222 21.607809
v 22.992121 0.370733 21.749838
v 17.934219 0.982600 20.339716
v 17.982300 0.742016 22.499424
v 16.955679 0.918207 21.381937
v 18.974125 0.779589 21.474524
v 17.743225 1.411331 16.061565
v 17.847288 1.194008 18.202116
v 16.768349 1.370864 17.087385
v 18.828671 1.200861 17.198624
v 21.999472 0.024868 28.983219
v 22.000000 0.000000 31.000000
v 20.999767 0.010960 29.992605
v 23.000000 0.000000 30.000000
v 17.997557 0.114931 28.922447
v 17.999798 0.009548 30.993557
v 16.998774 0.057697 29.961067
v 18.999205 0.037387 29.974771
v 17.988867 0.523915 24.646475
v 17.993597 0.301249 26.796724
v 16.990702 0.437491 25.704792
v 18.992130 0.370347 25.750099
v 30.000000 0.000000 29.000000
v 30.000000 0.000000 31.000000
v 29.000000 0.000000 30.000000
v 31.000000 0.000000 30.000000
v 26.000000 0.000000 29.000000
v 26.000000 0.000000 31.000000
v 25.000000 0.000000 30.000000
v 27.000000 0.000000 30.000000
v 25.999470 0.024956 24.983160
v 25.999998 0.000056 26.999962
v 24.999233 0.036083 25.975653
v 27.000000 0.000000 26.000000
v 5.677688 1.263659 20.165421
v 5.803983 0.926550 22.385593
v 4.738824 1.016508 21.328768
v 6.752648 1.163900 21.228270
v 1.666333 0.895819 20.423712
v 1.803801 0.581361 22.622471
v 0.738508 0.668504 21.575523
v 2.738174 0.823515 21.461493
v 1.438881 1.321880 16.159697
v 1.538728 1.135202 18.274189
v 0.491042 1.152067 17.275503
v 2.489505 1.310156 17.154940
v 5.998430 0.073877 28.950150
v 5.999980 0.000943 30.999363
v 4.999739 0.012272 29.991718
v 6.999241 0.035710 29.975904
v 1.999981 0.000915 28.999382
v 2.000000 0.000000 31.000000
v 1.000000 0.000000 30.000000
v 3.000000 0.000000 30.000000
v 1.920187 0.276695 24.817970
v 1.988485 0.068939 26.954098
v 0.966174 0.104184 25.931799
v 2.958372 0.217698 25.855370
v 13.997241 0.129836 28.912390
v 13.999706 0.013812 30.990681
v 12.998783 0.057242 29.961374
v 14.998713 0.060534 29.959154
v 9.997433 0.120790 28.918493
v 9.999774 0.010647 30.992815
v 8.998923 0.050666 29.965811
v 10.998855 0.053894 29.963634
v 9.955896 0.604159 24.594246
v 9.993198 0.314770 26.787607
v 8.973238 0.455989 25.693357
v 10.987656 0.437800 25.704769
v 5.439505 1.273974 4.173063
v 5.436468 1.405139 6.084687
v 4.435219 1.261297 5.184013
v 6.436007 1.440665 5.060561
v 1.402166 1.109690 4.305389
v 1.395630 1.188202 6.254970
v 0.378713 1.166618 5.278672
v 2.414355 1.160519 5.264113
v 1.431104 0.955963 0.395621
v 1.415447 1.022184 2.358430
v 0.409103 1.032845 1.354453
v 2.434759 0.960653 1.390482
v 5.431826 1.606725 11.948851
v 5.439153 1.678691 13.899737
v 4.426937 1.571035 12.975903
v 6.429625 1.740954 12.857934
v 1.389434 1.353135 12.145093
v 1.397597 1.395013 14.116179
v 0.379110 1.342382 13.162002
v 2.404894 1.435377 13.080549
v 1.393070 1.263156 8.204902
v 1.391164 1.310444 10.173468
v 0.373189 1.273053 9.208568
v 2.408412 1.331865 9.149703
v 13.459910 1.889995 11.755315
v 13.548169 1.746447 13.846955
v 12.491311 1.838924 12.787918
v 14.506186 1.814730 12.803364
v 9.434782 1.914107 11.740553
v 9.468380 1.858658 13.775982
v 8.435844 1.864124 12.774281
v 10.459910 1.889995 12.755315
v 9.426983 1.865306 7.774024
v 9.425982 1.912405 9.742243
v 8.427923 1.821085 8.803864
v 10.425630 1.928993 8.731050
v 21.834055 0.795959 4.472039
v 21.802515 0.995700 6.338932
v 20.754326 1.084935 5.281555
v 22.871593 0.723311 5.518855
v 17.612154 1.319502 4.131682
v 17.557775 1.596715 5.947597
v 16.532528 1.549737 4.980905
v 18.633429 1.376317 5.091968
v 17.645227 0.821149 0.466580
v 17.617165 1.083732 2.290774
v 16.569441 1.047870 1.317944
v 18.686340 0.856467 1.440184
v 21.811544 1.067541 12.289808
v 21.852757 0.936748 14.375710
v 20.771732 1.211637 13.194827
v 22.882889 0.819350 13.453232
v 17.574266 1.704002 11.874052
v 17.645477 1.569993 13.960289
v 16.561392 1.724942 12.860684
v 18.656761 1.531345 12.985726
v 17.548538 1.729088 7.858668
v 17.548170 1.746447 9.846955
v 16.498812 1.826727 8.795705
v 18.605461 1.634407 8.919191
v 29.999825 0.008214 12.994457
v 29.999922 0.003712 14.997495
v 28.999086 0.043004 13.970983
v 31.000000 0.000000 14.000000
v 25.985325 0.318575 12.785518
v 25.992287 0.272077 14.816527
v 24.965645 0.449298 13.698344
v 26.995930 0.191485 13.870790
v 25.982384 0.319658 8.784966
v 25.982365 0.320509 10.784391
v 24.952755 0.481989 9.677033
v 26.995678 0.198061 9.866361
v -10.428711 1.077129 4.382195
v -10.378244 0.980605 6.444337
v -11.349972 0.934622 5.473693
v -9.459229 1.106851 5.362689
v -14.238777 0.747537 4.591928
v -14.214338 0.714021 6.614525
v -15.205244 0.699230 5.623967
v -13.261055 0.790004 5.566017
v -14.243526 0.733173 0.581987
v -14.239170 0.711931 2.606516
v -15.197950 0.605893 1.667676
v -13.292859 0.889508 1.490822
v -10.242113 0.759195 12.585685
v -10.221301 0.725345 14.607294
v -11.205244 0.699230 13.623966
v -9.265267 0.796855 13.561643
v -14.195605 0.683553 12.633975
v -14.195605 0.683553 14.633975
v -15.195605 0.683553 13.633975
v -13.195605 0.683553 13.633975
v -14.198754 0.688674 8.630706
v -14.195605 0.683553 10.633975
v -15.195605 0.683553 9.633975
v -13.205244 0.699230 9.623966
v -2.608958 1.251837 12.250029
v -2.558904 1.177828 14.296288
v -3.559396 1.201119 13.289290
v -1.603947 1.249004 13.242665
v -6.436377 1.069719 12.386400
v -6.399489 1.004166 14.427179
v -7.367309 0.962820 13.455691
v -5.475325 1.117807 13.352763
v -6.542083 1.241623 8.276653
v -6.483469 1.146267 10.337523
v -7.462160 1.117089 9.357205
v -5.557103 1.250609 9.267942
v -10.000000 0.000000 -27.000000
v -10.000000 0.000000 -25.000000
v -11.000000 0.000000 -26.000000
v -9.000000 0.000000 -26.000000
v -14.000000 0.000000 -27.000000
v -14.000000 0.000000 -25.000000
v -15.000000 0.000000 -26.000000
v -13.000000 0.000000 -26.000000
v -14.000000 0.000000 -31.000000
v -14.000000 0.000000 -29.000000
v -15.000000 0.000000 -30.000000
v -13.000000 0.000000 -30.000000
v -10.154366 0.251069 -19.160282
v -10.266554 0.433536 -17.276770
v -11.182639 0.297053 -18.189638
v -9.234901 0.382055 -18.243904
v -14.051825 0.084291 -19.053810
v -14.117082 0.190428 -17.121569
v -15.051825 0.084291 -18.053810
v -13.117082 0.190428 -18.121569
v -14.000000 0.000000 -23.000000
v -14.007509 0.012214 -21.007797
v -15.000000 0.000000 -22.000000
v -13.003149 0.005121 -22.003269
v -2.366758 0.596514 -19.380814
v -2.471546 0.766947 -17.489618
v -3.403467 0.656219 -18.418930
v -1.429564 0.698664 -18.446026
v -6.266554 0.433536 -19.276770
v -6.372687 0.606157 -17.386971
v -7.290797 0.472967 -18.301941
v -5.349399 0.568280 -18.362789
v -6.065450 0.106451 -23.067959
v -6.154366 0.251069 -21.160282
v -7.085549 0.139142 -22.088829
v -5.131894 0.214519 -22.136950
v 22.000000 0.000000 -27.000000
v 22.000000 0.000000 -25.000000
v 21.000000 0.000000 -26.000000
v 23.000000 0.000000 -26.000000
v 18.000000 0.000000 -27.000000
v 17.999125 0.001425 -25.000910
v 16.998619 0.002245 -26.001432
v 19.000000 0.000000 -26.000000
v 18.000000 0.000000 -31.000000
v 18.000000 0.000000 -29.000000
v 17.000000 0.000000 -30.000000
v 19.000000 0.000000 -30.000000
v 22.000000 0.000000 -19.000000
v 22.000000 0.000000 -17.000000
v 20.999884 0.000189 -18.000120
v 23.000000 0.000000 -18.000000
v 17.930338 0.113302 -19.072332
v 17.914450 0.139142 -17.088829
v 16.874153 0.204685 -18.130671
v 18.963209 0.059839 -18.038200
v 17.981268 0.030468 -23.019451
v 17.953493 0.075642 -21.048290
v 16.934549 0.106451 -22.067959
v 18.990360 0.015677 -22.010008
v 30.000000 0.000000 -19.000000
v 30.000000 0.000000 -17.000000
v 29.000000 0.000000 -18.000000
v 31.000000 0.000000 -18.000000
v 26.000000 0.000000 -19.000000
v 26.000000 0.000000 -17.000000
v 25.000000 0.000000 -18.000000
v 27.000000 0.000000 -18.000000
v 26.000000 0.000000 -23.000000
v 26.000000 0.000000 -21.000000
v 25.000000 0.000000 -22.000000
v 27.000000 0.000000 -22.000000
v 30.000000 0.000000 -23.000000
v 30.000000 0.000000 -21.000000
v 29.000000 0.000000 -22.000000
v 31.000000 0.000000 -22.000000
v 22.000000 0.000000 -23.000000
v 22.000000 0.000000 -21.000000
v 21.000000 0.000000 -22.000000
v 23.000000 0.000000 -22.000000
v 22.000000 0.000000 -31.000000
v 22.000000 0.000000 -29.000000
v 21.000000 0.000000 -30.000000
v 23.000000 0.000000 -30.000000
v -2.131894 0.214519 -23.136950
v -2.243682 0.396337 -21.253021
v -3.171704 0.279267 -22.178284
v -1.209768 0.341177 -22.217808
v -10.009639 0.015677 -23.010008
v -10.065450 0.106451 -21.067959
v -11.018733 0.030468 -22.019451
v -9.046508 0.075642 -22.048290
v -10.000000 0.000000 -31.000000
v -10.000000 0.000000 -29.000000
v -11.000000 0.000000 -30.000000
v -9.000000 0.000000 -30.000000
v -2.654109 1.318472 8.207308
v -2.623120 1.268838 10.239141
v -3.627090 1.310500 9.219323
v -1.650429 1.284935 9.220865
v -10.327499 0.898072 8.497026
v -10.281155 0.822695 10.545147
v -11.261055 0.790004 9.566016
v -9.349972 0.934622 9.473693
v -10.494829 1.607739 0.039209
v -10.478939 1.350184 2.207253
v -11.420238 1.302611 1.233944
v -9.548767 1.615758 1.036650
v 29.999842 0.007438 8.994981
v 29.999838 0.007595 10.994875
v 28.999031 0.045636 9.969206
v 31.000000 0.000000 10.000000
v 21.797033 1.083873 8.279655
v 21.796904 1.089958 10.275549
v 20.732916 1.294529 9.141165
v 22.856937 0.878333 9.414946
v 21.879185 0.366069 0.759912
v 21.863556 0.566886 2.625103
v 20.810820 0.604895 1.602637
v 22.919285 0.334032 1.779115
v 13.425630 1.928993 7.731050
v 13.425261 1.946352 9.719337
v 12.425261 1.946352 8.719337
v 14.434413 1.931466 8.728840
v 5.434120 1.510347 8.013756
v 5.432178 1.596041 9.955996
v 4.429760 1.470165 9.043611
v 6.431266 1.663758 8.910024
v 5.445722 0.983541 0.369017
v 5.442809 1.120619 2.276520
v 4.445292 0.997351 1.359771
v 6.443257 1.099511 1.290764
v 13.987925 0.562944 24.620146
v 13.993035 0.327730 26.778856
v 12.990650 0.439963 25.703123
v 14.990499 0.447043 25.698347
v 5.914521 0.558252 24.627815
v 5.984654 0.249205 26.832458
v 4.955807 0.338405 25.773920
v 6.959620 0.428906 25.712502
v 5.473055 1.634813 15.927071
v 5.560009 1.491694 18.018463
v 4.504016 1.480999 17.030119
v 6.530750 1.633428 16.924433
v 30.000000 0.000000 25.000000
v 30.000000 0.000000 27.000000
v 29.000000 0.000000 26.000000
v 31.000000 0.000000 26.000000
v 21.994221 0.271943 24.816500
v 21.997282 0.127880 26.913710
v 20.994478 0.259824 25.824677
v 22.997108 0.136052 25.908195
v 21.906946 0.811648 16.456964
v 21.958462 0.670240 18.549410
v 20.900312 0.912506 17.389183
v 22.962717 0.587034 17.605404
v -18.169565 0.592553 8.682704
v -18.169565 0.592553 10.682704
v -19.152088 0.531482 9.715405
v -17.183338 0.640681 9.656932
v -26.013569 0.047420 8.974608
v -26.013569 0.047420 10.974608
v -27.003969 0.013871 9.992573
v -25.027800 0.097150 9.947979
v -26.003496 0.012219 0.993457
v -26.009218 0.032216 2.982749
v -27.000746 0.002607 1.998604
v -25.016632 0.058124 1.968876
v -18.030289 0.105847 24.943321
v -18.006262 0.021879 26.988285
v -19.011465 0.040068 25.978544
v -17.021030 0.073493 25.960646
v -26.000000 0.000000 25.000000
v -26.000000 0.000000 27.000000
v -27.000000 0.000000 26.000000
v -25.000000 0.000000 26.000000
v -26.011465 0.040068 16.978544
v -26.006262 0.021879 18.988285
v -27.001802 0.006299 17.996628
v -25.021030 0.073493 17.960646
v -2.059420 0.147150 24.915785
v -2.005960 0.020609 26.988945
v -3.025019 0.081547 25.955807
v -1.026104 0.058540 25.965641
v -10.062464 0.306801 24.838427
v -10.027638 0.096583 26.948282
v -11.045618 0.159415 25.914639
v -9.044581 0.166179 25.911335
v -10.204950 0.706070 16.620546
v -10.175200 0.829670 18.562378
v -11.190725 0.710331 17.620979
v -9.206942 0.796885 17.573481
v -18.000000 0.000000 -23.000000
v -18.000000 0.000000 -21.000000
v -19.000000 0.000000 -22.000000
v -17.000000 0.000000 -22.000000
v -26.000000 0.000000 -23.000000
v -26.000000 0.000000 -21.000000
v -27.000000 0.000000 -22.000000
v -25.000000 0.000000 -22.000000
v -26.000000 0.000000 -31.000000
v -26.000000 0.000000 -29.000000
v -27.000000 0.000000 -30.000000
v -25.000000 0.000000 -30.000000
v -18.076252 0.124019 -7.079174
v -18.067867 0.126195 -5.077518
v -19.033007 0.054841 -6.034787
v -17.119257 0.198029 -6.125639
v -26.000000 0.000000 -7.000000
v -26.000000 0.000000 -5.000000
v -27.000000 0.000000 -6.000000
v -25.000000 0.000000 -6.000000
v -26.000000 0.000000 -15.000000
v -26.000000 0.000000 -13.000000
v -27.000000 0.000000 -14.000000
v -25.000000 0.000000 -14.000000
v -2.558574 0.986992 -7.627431
v -2.562114 1.038283 -5.658629
v -3.572075 1.182643 -6.746438
v -1.553999 0.920689 -6.587101
v -10.553492 1.463123 -7.914949
v -10.537259 1.605542 -5.997076
v -11.496703 1.384925 -6.863939
v -9.574907 1.648594 -7.027678
v -10.372687 0.606157 -15.386971
v -10.450094 0.732056 -13.467344
v -11.372687 0.606157 -14.386971
v -9.450094 0.732056 -14.467344
v 13.842254 0.256567 -23.163792
v 13.765099 0.382055 -21.243904
v 12.756318 0.396337 -22.253021
v 14.848971 0.245641 -22.156816
v 5.688765 0.506208 -23.323164
v 5.570436 0.698664 -21.446026
v 4.633242 0.596514 -22.380814
v 6.627313 0.606157 -22.386971
v 6.000000 0.000000 -31.000000
v 5.988789 0.018234 -29.011641
v 4.999951 0.000080 -30.000051
v 6.999884 0.000189 -30.000120
v 13.549906 0.732056 -7.467344
v 13.521077 0.778944 -5.497277
v 12.490261 0.829065 -6.529274
v 14.577092 0.687839 -6.439116
v 5.447527 0.898569 -7.573646
v 5.447527 0.898569 -5.573646
v 4.447527 0.898569 -6.573646
v 6.447527 0.898569 -6.573646
v 5.447527 0.898569 -15.573646
v 5.447527 0.898569 -13.573646
v 4.447527 0.898569 -14.573646
v 6.447527 0.898569 -14.573646
v 30.000000 0.000000 -7.000000
v 30.000000 0.000000 -5.000000
v 29.000000 0.000000 -6.000000
v 31.000000 0.000000 -6.000000
v 21.967615 0.052671 -7.033625
v 21.953493 0.075642 -5.048290
v 20.923748 0.124019 -6.079174
v 22.989590 0.016931 -6.010808
v 22.000000 0.000000 -15.000000
v 21.997999 0.003254 -13.002077
v 20.989590 0.016931 -14.010809
v 23.000000 0.000000 -14.000000
v 30.000000 0.000000 -15.000000
v 30.000000 0.000000 -13.000000
v 29.000000 0.000000 -14.000000
v 31.000000 0.000000 -14.000000
v 13.650601 0.568280 -15.362789
v 13.627313 0.606157 -13.386971
v 12.577092 0.687839 -14.439116
v 14.693964 0.497752 -14.317764
v 14.000000 0.000000 -31.000000
v 14.000000 0.000000 -29.000000
v 13.000000 0.000000 -30.000000
v 15.000000 0.000000 -30.000000
v -2.534573 0.869456 -15.555060
v -2.552473 0.898569 -13.573646
v -3.543320 0.883683 -14.564142
v -1.552472 0.898569 -14.573646
v -18.032385 0.052671 -15.033626
v -18.059401 0.096611 -13.061676
v -19.017683 0.028761 -14.018361
v -17.085550 0.139142 -14.088828
v -18.000000 0.000000 -31.000000
v -18.000000 0.000000 -29.000000
v -19.000000 0.000000 -30.000000
v -17.000000 0.000000 -30.000000
v -2.492966 1.044284 16.375744
v -2.395202 0.864849 18.486372
v -3.420841 0.936786 17.450510
v -1.467655 1.000547 17.392435
v -18.159359 0.556884 16.701803
v -18.131952 0.461111 18.753086
v -19.131952 0.461111 17.753086
v -17.159359 0.556884 17.701803
v -18.114353 0.399394 0.786116
v -18.147678 0.516072 2.723657
v -19.118082 0.412645 1.779040
v -17.146177 0.504942 1.729090
v 30.000000 0.000000 17.000000
v 30.000000 0.000000 19.000000
v 28.999779 0.010407 17.992977
v 31.000000 0.000000 18.000000
v 13.655914 1.571205 15.958830
v 13.767964 1.388960 18.075174
v 12.686935 1.520750 16.991041
v 14.734051 1.444120 17.039961
v 13.476906 1.090278 0.294943
v 13.446654 1.355439 2.117528
v 12.449145 1.238230 1.196618
v 14.482665 1.186483 1.229549
v 30.000000 0.000000 1.000000
v 30.000000 0.000000 3.000000
v 29.000000 0.000000 2.000000
v 31.000000 0.000000 2.000000
v -2.628103 1.234695 0.239477
v -2.654667 1.263751 2.230036
v -3.663282 1.404450 1.144087
v -1.622733 1.144351 1.294720
v -2.000000 0.000000 -31.000000
v -2.000000 0.000000 -29.000000
v -3.000000 0.000000 -30.000000
v -1.000000 0.000000 -30.000000
v 30.000000 0.000000 -31.000000
v 30.000000 0.000000 -29.000000
v 29.000000 0.000000 -30.000000
v 31.000000 0.000000 -30.000000
v 31.000000 0.000000 -29.000000
v 29.000000 0.000000 -29.000000
v 29.000000 0.000000 -31.000000
v -1.000000 0.000000 -29.000000
v -3.000000 0.000000 -29.000000
v -3.000000 0.000000 -31.000000
v -1.636496 1.192194 2.269126
v -3.674862 1.382461 2.161852
v -3.650213 1.418853 0.130612
v 31.000000 0.000000 3.000000
v 29.000000 0.000000 3.000000
v 29.000000 0.000000 1.000000
v 14.472110 1.315977 2.142647
v 12.437527 1.369195 2.108788
v 12.451467 1.129032 0.270302
v 14.795094 1.344836 18.103344
v 12.742831 1.429838 18.049078
v 12.628334 1.616063 15.930193
v 31.000000 0.000000 19.000000
v 28.999853 0.006948 18.995312
v 28.999723 0.013014 16.991219
v -17.159716 0.557913 2.701233
v -19.132240 0.462121 2.752546
v -19.101511 0.354732 0.810050
v -17.147408 0.515123 18.724165
v -19.117779 0.411580 18.779610
v -19.142849 0.499194 16.732695
v -1.422761 0.918147 18.443306
v -3.372233 0.845665 18.506359
v -3.458600 1.001545 16.409805
v -17.000000 0.000000 -29.000000
v -19.000000 0.000000 -29.000000
v -19.000000 0.000000 -31.000000
v -17.103268 0.167959 -13.107225
v -19.025696 0.041793 -13.026681
v -19.009640 0.015677 -15.010009
v -1.552472 0.898569 -13.573646
v -3.552473 0.898569 -13.573646
v -3.517822 0.842212 -15.537667
v 15.000000 0.000000 -29.000000
v 12.999884 0.000189 -29.000120
v 13.000000 0.000000 -31.000000
v 14.688765 0.506208 -13.323163
v 12.570436 0.698664 -13.446027
v 12.596533 0.656219 -15.418930
v 31.000000 0.000000 -13.000000
v 29.000000 0.000000 -13.000000
v 29.000000 0.000000 -15.000000
v 23.000000 0.000000 -13.000000
v 20.982317 0.028761 -13.018361
v 20.991812 0.013319 -15.008503
v 22.982317 0.028761 -5.018361
v 20.914450 0.139142 -5.088828
v 20.930338 0.113302 -7.072332
v 31.000000 0.000000 -5.000000
v 29.000000 0.000000 -5.000000
v 29.000000 0.000000 -7.000000
v 6.447527 0.898569 -13.573646
v 4.447527 0.898569 -13.573646
v 4.447527 0.898569 -15.573646
v 6.447527 0.898569 -5.573646
v 4.447527 0.898569 -5.573646
v 4.447527 0.898569 -7.573646
v 14.570436 0.698664 -5.446027
v 12.482178 0.842212 -5.537668
v 12.513578 0.791141 -7.505064
v 6.988789 0.018234 -29.011641
v 4.989590 0.016931 -29.010809
v 5.000000 0.000000 -31.000000
v 6.570436 0.698664 -21.446026
v 4.577092 0.687839 -21.439116
v 4.693964 0.497752 -23.317764
v 14.817361 0.297053 -21.189638
v 12.714165 0.464896 -21.296789
v 12.802141 0.321808 -23.205442
v -9.486422 0.791141 -13.505064
v -11.416342 0.677159 -13.432298
v -11.332655 0.541046 -15.345404
v -9.578083 1.712866 -6.064392
v -11.480201 1.405304 -5.872915
v -11.508739 1.305937 -7.817467
v -1.554395 0.926424 -5.590590
v -3.573953 1.206115 -5.760628
v -3.567869 1.121688 -7.709362
v -25.000000 0.000000 -13.000000
v -27.000000 0.000000 -13.000000
v -27.000000 0.000000 -15.000000
v -25.000000 0.000000 -5.000000
v -27.000000 0.000000 -5.000000
v -27.000000 0.000000 -7.000000
v -17.113487 0.203673 -5.126348
v -19.031776 0.063042 -5.038059
v -19.036791 0.059839 -7.038201
v -25.000000 0.000000 -29.000000
v -27.000000 0.000000 -29.000000
v -27.000000 0.000000 -31.000000
v -25.000000 0.000000 -21.000000
v -27.000000 0.000000 -21.000000
v -27.000000 0.000000 -23.000000
v -17.000000 0.000000 -21.000000
v -19.000000 0.000000 -21.000000
v -19.000000 0.000000 -23.000000
v -9.183318 0.873428 18.538368
v -11.178274 0.758371 18.598059
v -11.195720 0.683779 16.633837
v -9.027255 0.095243 26.948999
v -11.027799 0.097143 26.947983
v -11.064296 0.269843 24.856890
v -1.004162 0.010807 26.993877
v -3.010468 0.036580 26.980412
v -3.055056 0.157402 24.912579
v -25.016466 0.057542 18.969189
v -27.000708 0.002475 18.998674
v -27.002899 0.010132 16.994576
v -25.000000 0.000000 27.000000
v -27.000000 0.000000 27.000000
v -27.000000 0.000000 25.000000
v -17.009098 0.031792 26.982977
v -19.003412 0.011926 26.993614
v -19.023172 0.080979 24.956638
v -25.021206 0.074108 2.960317
v -27.001860 0.006497 2.996521
v -27.000051 0.000179 0.999904
v -25.027800 0.097150 10.947979
v -27.003969 0.013871 10.992573
v -27.003969 0.013871 8.992573
v -17.183338 0.640681 10.656932
v -19.152088 0.531482 10.715405
v -19.152088 0.531482 8.715405
v 22.978741 0.527409 18.644733
v 20.932625 0.816018 18.452438
v 20.865952 0.988718 16.339766
v 22.998287 0.080569 26.945635
v 20.996225 0.177606 26.880156
v 20.992638 0.346411 24.766251
v 31.000000 0.000000 27.000000
v 29.000000 0.000000 27.000000
v 29.000000 0.000000 25.000000
v 6.577385 1.557191 17.973116
v 4.555032 1.394960 18.084450
v 4.463172 1.552113 15.985369
v 6.986090 0.282500 26.809860
v 4.984787 0.206536 26.861298
v 4.913642 0.496499 24.669621
v 14.992963 0.331153 26.776546
v 12.993103 0.324536 26.781012
v 12.984957 0.564797 24.619076
v 6.441440 1.185001 2.233077
v 4.443066 1.059994 2.317971
v 4.446492 0.947302 0.393470
v 6.430482 1.700629 9.885144
v 4.428899 1.500061 10.023557
v 4.430925 1.423438 8.075051
v 14.434413 1.931466 9.728840
v 12.425261 1.946352 9.719337
v 12.425630 1.928993 7.731050
v 22.915257 0.420537 2.720878
v 20.804874 0.714880 2.528643
v 20.823811 0.490393 0.679254
v 22.856937 0.878333 10.414946
v 20.732916 1.294529 10.141165
v 20.733099 1.285955 8.146950
v 31.000000 0.000000 11.000000
v 28.999027 0.045754 10.969126
v 28.999035 0.045388 8.969374
v -9.536658 1.465316 2.133596
v -11.414331 1.187538 2.309159
v -11.432468 1.415051 0.159122
v -9.327499 0.898072 10.497026
v -11.242113 0.759195 10.585685
v -11.281155 0.822695 8.545147
v -1.634048 1.263398 10.234537
v -3.605786 1.276129 10.241319
v -3.641827 1.334211 8.204136
v -9.000000 0.000000 -29.000000
v -11.000000 0.000000 -29.000000
v -11.000000 0.000000 -31.000000
v -9.085549 0.139142 -21.088829
v -11.046508 0.075642 -21.048290
v -11.003149 0.005121 -23.003269
v -1.266554 0.433536 -21.276770
v -3.230587 0.375039 -21.239426
v -3.117082 0.190428 -23.121569
v 23.000000 0.000000 -29.000000
v 21.000000 0.000000 -29.000000
v 21.000000 0.000000 -31.000000
v 23.000000 0.000000 -21.000000
v 21.000000 0.000000 -21.000000
v 21.000000 0.000000 -23.000000
v 31.000000 0.000000 -21.000000
v 29.000000 0.000000 -21.000000
v 29.000000 0.000000 -23.000000
v 27.000000 0.000000 -21.000000
v 25.000000 0.000000 -21.000000
v 25.000000 0.000000 -23.000000
v 27.000000 0.000000 -17.000000
v 25.000000 0.000000 -17.000000
v 25.000000 0.000000 -19.000000
v 31.000000 0.000000 -17.000000
v 29.000000 0.000000 -17.000000
v 29.000000 0.000000 -19.000000
v 18.982317 0.028761 -21.018360
v 16.914450 0.139142 -21.088829
v 16.955196 0.072871 -23.046520
v 18.953493 0.075642 -17.048290
v 16.868105 0.214519 -17.136950
v 16.882917 0.190428 -19.121569
v 23.000000 0.000000 -17.000000
v 20.997999 0.003254 -17.002077
v 21.000000 0.000000 -19.000000
v 19.000000 0.000000 -29.000000
v 17.000000 0.000000 -29.000000
v 17.000000 0.000000 -31.000000
v 19.000000 0.000000 -25.000000
v 16.989590 0.016931 -25.010809
v 17.000000 0.000000 -27.000000
v 23.000000 0.000000 -25.000000
v 21.000000 0.000000 -25.000000
v 21.000000 0.000000 -27.000000
v -5.182639 0.297053 -21.189638
v -7.131894 0.214519 -21.136950
v -7.046507 0.075642 -23.048290
v -5.403467 0.656219 -17.418930
v -7.349399 0.568280 -17.362789
v -7.234901 0.382055 -19.243904
v -1.478923 0.778944 -17.497278
v -3.450094 0.732056 -17.467344
v -3.349399 0.568280 -19.362789
v -13.018733 0.030468 -21.019451
v -15.000876 0.001425 -21.000910
v -15.000000 0.000000 -23.000000
v -13.157746 0.256567 -17.163792
v -15.083169 0.135271 -17.086357
v -15.028274 0.045985 -19.029358
v -9.290797 0.472967 -17.301941
v -11.234901 0.382055 -17.243904
v -11.131894 0.214519 -19.136950
v -13.000000 0.000000 -29.000000
v -15.000000 0.000000 -29.000000
v -15.000000 0.000000 -31.000000
v -13.000000 0.000000 -25.000000
v -15.000000 0.000000 -25.000000
v -15.000000 0.000000 -27.000000
v -9.000000 0.000000 -25.000000
v -11.000000 0.000000 -25.000000
v -11.000000 0.000000 -27.000000
v -5.533887 1.212984 10.291988
v -7.430507 1.065608 10.390071
v -7.486403 1.156520 8.332033
v -5.448550 1.069529 14.382673
v -7.347015 0.924289 14.479226
v -7.378244 0.980605 12.444337
v -1.588298 1.231313 14.253242
v -3.526767 1.144598 14.324709
v -3.578956 1.233155 12.268881
v -13.198754 0.688674 10.630706
v -15.195605 0.683553 10.633975
v -15.195605 0.683553 8.633975
v -13.195605 0.683553 14.633975
v -15.195605 0.683553 14.633975
v -15.195605 0.683553 12.633975
v -9.255005 0.780163 14.572299
v -11.200696 0.691833 14.628689
v -11.214338 0.714021 12.614524
v -13.290005 0.841306 2.525434
v -15.201570 0.643899 2.649787
v -15.197394 0.581220 0.676503
v -13.242113 0.759195 6.585686
v -15.198754 0.688674 6.630706
v -15.209994 0.700802 4.621778
v -9.430507 1.065608 6.390072
v -11.327499 0.898072 6.497026
v -11.375410 0.977325 4.445458
v 26.995676 0.198185 10.866277
v 24.952755 0.481989 10.677033
v 24.952787 0.480504 8.678036
v 26.996326 0.172866 14.883354
v 24.974297 0.406184 14.726963
v 24.958637 0.475141 12.681302
v 31.000000 0.000000 15.000000
v 28.999258 0.034882 14.976462
v 28.998997 0.047208 12.968145
v 18.605461 1.634407 9.919191
v 16.498812 1.826727 9.795705
v 16.499180 1.809369 7.807418
v 18.693420 1.441052 14.044524
v 16.605047 1.653940 13.906012
v 16.527639 1.779839 11.825638
v 22.901474 0.749716 14.499171
v 20.799906 1.118464 14.256094
v 20.750460 1.266870 12.158790
v 18.678688 0.980399 2.356865
v 16.560307 1.175332 2.232330
v 16.591169 0.908595 0.410773
v 18.614162 1.494253 6.013413
v 16.509138 1.675885 5.897052
v 16.555294 1.411164 4.073196
v 22.861521 0.799122 6.468218
v 20.739569 1.184454 6.215176
v 20.777102 0.959016 4.365291
v 10.425630 1.928993 9.731050
v 8.426983 1.865306 9.774024
v 8.428522 1.792873 7.822900
v 10.491311 1.838924 13.787918
v 8.460701 1.852814 13.780403
v 8.426669 1.880064 11.764066
v 14.554825 1.735622 13.853866
v 12.527638 1.779839 13.825638
v 12.459910 1.889995 11.755315
v 2.407480 1.354856 10.134422
v 0.372326 1.288214 10.198622
v 0.374062 1.251788 8.222696
v 2.404517 1.461341 14.062938
v 0.387953 1.345583 14.159081
v 0.379875 1.314865 12.180476
v 6.437852 1.769644 13.838033
v 4.426282 1.605309 13.952738
v 4.428157 1.517321 12.012107
v 2.428708 1.007716 2.361381
v 0.399332 1.066989 2.336170
v 0.419301 0.997209 0.373535
v 2.412345 1.202385 6.236452
v 0.376249 1.197767 6.258601
v 0.383584 1.135610 4.297380
v 6.434556 1.508909 6.014512
v 4.433654 1.314361 6.148437
v 4.437535 1.197898 4.226284
v 10.993256 0.317356 26.785856
v 8.991385 0.314457 26.787930
v 8.941819 0.624902 24.581083
v 10.999760 0.011331 30.992353
v 8.999792 0.009795 30.993391
v 8.997488 0.118206 28.920237
v 14.999689 0.014611 30.990141
v 12.999724 0.012991 30.991234
v 12.997290 0.127535 28.913942
v 2.986792 0.112190 26.924961
v 0.991392 0.033017 26.978205
v 0.924728 0.214949 24.860891
v 3.000000 0.000000 31.000000
v 1.000000 0.000000 31.000000
v 1.000000 0.000000 29.000000
v 6.999914 0.004070 30.997253
v 5.000000 0.000000 31.000000
v 4.998910 0.051259 28.965412
v 2.544359 1.211196 18.216114
v 0.542771 1.058518 18.333384
v 0.445904 1.242275 16.221067
v 2.804339 0.660757 22.566050
v 0.806893 0.509946 22.674738
v 0.669142 0.818781 20.481915
v 6.813384 0.980973 22.348223
v 4.802076 0.846561 22.439787
v 4.674669 1.169517 20.229252
v 27.000000 0.000000 27.000000
v 24.999750 0.011741 26.992077
v 24.998539 0.068716 24.953632
v 27.000000 0.000000 31.000000
v 25.000000 0.000000 31.000000
v 25.000000 0.000000 29.000000
v 31.000000 0.000000 31.000000
v 29.000000 0.000000 31.000000
v 29.000000 0.000000 29.000000
v 18.994308 0.267796 26.819298
v 16.993128 0.323372 26.781797
v 16.988203 0.555092 24.625437
v 18.999897 0.004858 30.996721
v 16.999718 0.013299 30.991026
v 16.997282 0.127896 28.913698
v 23.000000 0.000000 31.000000
v 21.000000 0.000000 31.000000
v 20.998985 0.047733 28.967791
v 18.874870 1.074787 18.281029
v 16.823750 1.280884 18.144825
v 16.711180 1.481319 16.016212
v 18.985476 0.678117 22.542431
v 16.978350 0.787452 22.468946
v 16.920294 1.052047 20.293619
v 22.993219 0.319104 22.784676
v 20.989120 0.511962 22.654541
v 20.978962 0.648829 20.562630
v -21.110195 0.385079 10.793800
v -23.065987 0.230594 10.876523
v -23.065987 0.230594 8.876523
v -21.110195 0.385079 14.793800
v -23.065987 0.230594 14.876523
v -23.065987 0.230594 12.876523
v -17.183338 0.640681 14.656932
v -19.152088 0.531482 14.715405
v -19.152088 0.531482 12.715405
v -29.000000 0.000000 11.000000
v -31.000000 0.000000 11.000000
v -31.000000 0.000000 9.000000
v -29.000000 0.000000 15.000000
v -31.000000 0.000000 15.000000
v -31.000000 0.000000 13.000000
v -25.027800 0.097150 14.947979
v -27.003969 0.013871 14.992573
v -27.003969 0.013871 12.992573
v -29.000000 0.000000 3.000000
v -31.000000 0.000000 3.000000
v -31.000000 0.000000 1.000000
v -29.000000 0.000000 7.000000
v -31.000000 0.000000 7.000000
v -31.000000 0.000000 5.000000
v -25.027851 0.097328 6.947883
v -27.003990 0.013947 6.992532
v -27.003756 0.013125 4.992972
v -21.000017 0.000061 26.999968
v -23.000000 0.000000 27.000000
v -23.000488 0.001708 24.999086
v -21.000000 0.000000 31.000000
v -23.000000 0.000000 31.000000
v -23.000000 0.000000 29.000000
v -17.000000 0.000000 31.000000
v -19.000000 0.000000 31.000000
v -19.000000 0.000000 29.000000
v -29.000000 0.000000 27.000000
v -31.000000 0.000000 27.000000
v -31.000000 0.000000 25.000000
v -29.000000 0.000000 31.000000
v -31.000000 0.000000 31.000000
v -31.000000 0.000000 29.000000
v -25.000000 0.000000 31.000000
v -27.000000 0.000000 31.000000
v -27.000000 0.000000 29.000000
v -29.000000 0.000000 19.000000
v -31.000000 0.000000 19.000000
v -31.000000 0.000000 17.000000
v -29.000000 0.000000 23.000000
v -31.000000 0.000000 23.000000
v -31.000000 0.000000 21.000000
v -25.000311 0.001084 22.999420
v -27.000000 0.000000 23.000000
v -27.000000 0.000000 21.000000
v -5.019818 0.069256 26.962915
v -7.025808 0.090188 26.951706
v -7.059937 0.292660 24.845835
v -5.000000 0.000000 31.000000
v -7.000000 0.000000 31.000000
v -7.003207 0.011207 28.993999
v -1.000000 0.000000 31.000000
v -3.000000 0.000000 31.000000
v -3.000002 0.000006 28.999996
v -13.024663 0.086185 26.953850
v -15.016465 0.057539 26.969189
v -15.046697 0.163184 24.912619
v -13.000000 0.000000 31.000000
v -15.000000 0.000000 31.000000
v -15.000708 0.002474 28.998674
v -9.000000 0.000000 31.000000
v -11.000000 0.000000 31.000000
v -11.003968 0.013868 28.992575
v -13.172203 0.602228 18.677538
v -15.166953 0.583426 18.687590
v -15.189268 0.661406 16.645834
v -13.102448 0.371605 22.801432
v -15.086277 0.301498 22.838556
v -15.129852 0.453775 20.757015
v -9.095222 0.713033 22.629831
v -11.101682 0.582936 22.694822
v -11.142325 0.758447 20.601866
v -21.000000 0.000000 -21.000000
v -23.000000 0.000000 -21.000000
v -23.000000 0.000000 -23.000000
v -21.000000 0.000000 -17.000000
v -23.000000 0.000000 -17.000000
v -23.000000 0.000000 -19.000000
v -17.025696 0.041793 -17.026680
v -19.000050 0.000080 -17.000051
v -19.000000 0.000000 -19.000000
v -29.000000 0.000000 -21.000000
v -31.000000 0.000000 -21.000000
v -31.000000 0.000000 -23.000000
v -29.000000 0.000000 -17.000000
v -31.000000 0.000000 -17.000000
v -31.000000 0.000000 -19.000000
v -25.000000 0.000000 -17.000000
v -27.000000 0.000000 -17.000000
v -27.000000 0.000000 -19.000000
v -29.000000 0.000000 -29.000000
v -31.000000 0.000000 -29.000000
v -31.000000 0.000000 -31.000000
v -29.000000 0.000000 -25.000000
v -31.000000 0.000000 -25.000000
v -31.000000 0.000000 -27.000000
v -25.000000 0.000000 -25.000000
v -27.000000 0.000000 -25.000000
v -27.000000 0.000000 -27.000000
v -21.001165 0.004075 -5.002182
v -23.000000 0.000000 -5.000000
v -23.000000 0.000000 -7.000000
v -21.041712 0.145767 -1.078054
v -23.018539 0.064786 -1.034691
v -23.003778 0.013206 -3.007072
v -17.113382 0.335724 -1.185193
v -19.065062 0.227146 -1.121650
v -19.039928 0.121525 -3.066687
v -29.000000 0.000000 -5.000000
v -31.000000 0.000000 -5.000000
v -31.000000 0.000000 -7.000000
v -29.000000 0.000000 -1.000000
v -31.000000 0.000000 -1.000000
v -31.000000 0.000000 -3.000000
v -25.002737 0.009566 -1.005123
v -27.000000 0.000000 -1.000000
v -27.000000 0.000000 -3.000000
v -29.000000 0.000000 -13.000000
v -31.000000 0.000000 -13.000000
v -31.000000 0.000000 -15.000000
v -29.000000 0.000000 -9.000000
v -31.000000 0.000000 -9.000000
v -31.000000 0.000000 -11.000000
v -25.000000 0.000000 -9.000000
v -27.000000 0.000000 -9.000000
v -27.000000 0.000000 -11.000000
v -5.600924 1.576314 -5.985330
v -7.608546 1.756589 -6.093426
v -7.598683 1.568243 -7.980985
v -5.647252 1.757244 -2.080866
v -7.638459 1.923854 -2.177372
v -7.625569 1.832416 -4.132566
v -1.581268 1.020132 -1.640747
v -3.618410 1.363460 -1.845073
v -3.588393 1.256204 -3.787414
v -13.355493 0.897000 -5.558740
v -15.224339 0.430418 -5.269269
v -15.245636 0.424655 -7.270246
v -13.317692 0.976922 -1.583037
v -15.195098 0.523056 -1.301580
v -15.200612 0.451931 -3.271604
v -9.563369 1.823656 -2.109182
v -11.452804 1.499667 -1.906642
v -11.460966 1.432999 -3.879442
v -13.321818 0.523422 -13.334152
v -15.209768 0.341177 -13.217808
v -15.151029 0.245641 -15.156817
v -13.378263 0.686961 -9.436121
v -15.248150 0.403604 -9.257661
v -15.243682 0.396337 -11.253021
v -9.564211 1.186433 -9.748295
v -11.495007 1.012031 -9.639056
v -11.472372 0.778917 -11.496900
v 10.627313 0.606157 -21.386971
v 8.577092 0.687839 -21.439116
v 8.693964 0.497752 -23.317764
v 10.521077 0.778944 -17.497278
v 8.456680 0.883683 -17.564142
v 8.490261 0.829065 -19.529274
v 14.751850 0.403604 -17.257660
v 12.627313 0.606157 -17.386971
v 12.650601 0.568280 -19.362789
v 2.627313 0.606157 -21.386971
v 0.678181 0.523422 -21.334152
v 0.790232 0.341177 -23.217808
v 2.465427 0.869456 -17.555059
v 0.490261 0.829065 -17.529274
v 0.577092 0.687839 -19.439116
v 6.447527 0.898569 -17.573647
v 4.456680 0.883683 -17.564142
v 4.490262 0.829065 -19.529274
v 2.994909 0.008281 -29.005287
v 0.999884 0.000189 -29.000120
v 1.000000 0.000000 -31.000000
v 2.845634 0.251069 -25.160282
v 0.894048 0.172326 -25.110012
v 0.967616 0.052671 -27.033625
v 6.813625 0.303129 -25.193518
v 4.817361 0.297053 -25.189638
v 4.923749 0.124019 -27.079174
v 10.447528 0.898569 -5.573646
v 8.447528 0.898569 -5.573646
v 8.447528 0.898569 -7.573646
v 10.446045 0.968345 -1.620729
v 8.446492 0.947302 -1.606530
v 8.447528 0.898569 -3.573646
v 14.519441 0.855971 -1.549253
v 12.455123 0.956986 -1.613605
v 12.482169 0.842598 -3.537928
v 2.447527 0.898569 -5.573646
v 0.447528 0.898569 -5.573646
v 0.447528 0.898569 -7.573646
v 2.447177 0.899794 -1.574301
v 0.437666 0.933031 -1.592099
v 0.447302 0.899356 -3.574067
v 6.447139 0.916850 -1.585981
v 4.447526 0.898663 -1.573709
v 4.447527 0.898569 -3.573646
v 2.447527 0.898569 -13.573646
v 0.447528 0.898569 -13.573646
v 0.456680 0.883683 -15.564142
v 2.447527 0.898569 -9.573646
v 0.447528 0.898569 -9.573646
v 0.447528 0.898569 -11.573646
v 6.447527 0.898569 -9.573646
v 4.447527 0.898569 -9.573646
v 4.447527 0.898569 -11.573646
v 27.000000 0.000000 -5.000000
v 25.000000 0.000000 -5.000000
v 25.000000 0.000000 -7.000000
v 27.000000 0.000000 -1.000000
v 24.997986 0.003867 -1.002491
v 25.000000 0.000000 -3.000000
v 31.000000 0.000000 -1.000000
v 29.000000 0.000000 -1.000000
v 29.000000 0.000000 -3.000000
v 18.813625 0.303129 -5.193517
v 16.688765 0.506208 -5.323163
v 16.709204 0.472967 -7.301942
v 18.750137 0.484240 -1.312071
v 16.625616 0.686010 -1.440853
v 16.650578 0.569339 -3.363504
v 22.952965 0.100496 -1.065061
v 20.866823 0.274853 -1.177660
v 20.882917 0.190428 -3.121569
v 18.914450 0.139142 -13.088828
v 16.813625 0.303129 -13.193518
v 16.828297 0.279267 -15.178284
v 18.868105 0.214519 -9.136949
v 16.751850 0.403604 -9.257661
v 16.769413 0.375039 -11.239425
v 22.997999 0.003254 -9.002077
v 20.953493 0.075642 -9.048290
v 20.967615 0.052671 -11.033626
v 27.000000 0.000000 -13.000000
v 25.000000 0.000000 -13.000000
v 25.000000 0.000000 -15.000000
v 27.000000 0.000000 -9.000000
v 25.000000 0.000000 -9.000000
v 25.000000 0.000000 -11.000000
v 31.000000 0.000000 -9.000000
v 29.000000 0.000000 -9.000000
v 29.000000 0.000000 -11.000000
v 10.482178 0.842212 -13.537667
v 8.447528 0.898569 -13.573646
v 8.456680 0.883683 -15.564142
v 10.456680 0.883683 -9.564142
v 8.447528 0.898569 -9.573646
v 8.447528 0.898569 -11.573646
v 14.627313 0.606157 -9.386971
v 12.521077 0.778944 -9.497277
v 12.549906 0.732056 -11.467344
v 10.994909 0.008281 -29.005287
v 8.989591 0.016931 -29.010809
v 9.000000 0.000000 -31.000000
v 10.845634 0.251069 -25.160282
v 8.817361 0.297053 -25.189638
v 8.923749 0.124019 -27.079174
v 14.948175 0.084291 -25.053810
v 12.894048 0.172326 -25.110012
v 12.967616 0.052671 -27.033625
v -5.543320 0.883683 -13.564142
v -7.517822 0.842212 -13.537667
v -7.450094 0.732056 -15.467344
v -5.567870 1.121706 -9.709372
v -7.573611 1.204906 -9.759979
v -7.554396 0.926441 -11.590599
v -1.552472 0.898569 -9.573646
v -3.556483 0.956681 -9.608994
v -3.552473 0.898569 -11.573646
v -21.000000 0.000000 -13.000000
v -23.000000 0.000000 -13.000000
v -23.000000 0.000000 -15.000000
v -21.000116 0.000189 -9.000120
v -23.000000 0.000000 -9.000000
v -23.000000 0.000000 -11.000000
v -17.128851 0.209569 -9.133789
v -19.038326 0.062336 -9.039795
v -19.036791 0.059839 -11.038201
v -21.000000 0.000000 -29.000000
v -23.000000 0.000000 -29.000000
v -23.000000 0.000000 -31.000000
v -21.000000 0.000000 -25.000000
v -23.000000 0.000000 -25.000000
v -23.000000 0.000000 -27.000000
v -17.000000 0.000000 -25.000000
v -19.000000 0.000000 -25.000000
v -19.000000 0.000000 -27.000000
v -5.310452 0.856584 18.517687
v -7.237821 0.925577 18.500057
v -7.298326 0.850524 16.527012
v -5.117825 0.457162 22.753477
v -7.095572 0.664139 22.654329
v -7.160018 0.897310 20.527035
v -1.175938 0.403678 22.756458
v -3.148978 0.373928 22.786627
v -3.261857 0.620391 20.641388
v -21.083168 0.290634 18.844374
v -23.046698 0.163188 18.912617
v -23.060793 0.212442 16.886242
v -21.029446 0.102902 22.944899
v -23.010010 0.034982 22.981268
v -23.027800 0.097150 20.947979
v -17.074270 0.259538 22.861025
v -19.053473 0.186862 22.899940
v -19.086277 0.301498 20.838556
v -21.094667 0.330819 2.822855
v -23.054909 0.191881 2.897253
v -23.037756 0.131941 0.929349
v -21.110264 0.385323 6.793669
v -23.066053 0.230828 6.876398
v -23.064894 0.226771 4.878570
v -17.183374 0.640808 6.656864
v -19.152149 0.531691 6.715293
v -19.149960 0.524039 4.719391
v 26.997744 0.106152 18.928371
v 24.993874 0.288274 18.805479
v 24.990009 0.327096 16.779470
v 26.999493 0.023908 22.983868
v 24.996986 0.141827 22.904299
v 24.995487 0.212326 20.856728
v 31.000000 0.000000 23.000000
v 29.000000 0.000000 23.000000
v 28.999994 0.000228 20.999846
v 10.686935 1.520750 17.991041
v 8.628724 1.597713 17.942575
v 8.528028 1.761504 15.838010
v 10.897645 0.929939 22.377562
v 8.851422 0.999583 22.333309
v 8.744625 1.345419 20.106041
v 14.964352 0.826425 22.443457
v 12.936641 0.868563 22.416666
v 12.847392 1.189219 20.205347
v 10.437706 1.360720 2.114506
v 8.439074 1.296401 2.157907
v 8.443366 1.094419 0.294199
v 10.428522 1.792873 5.822899
v 8.430747 1.688176 5.893547
v 8.434557 1.508909 4.014512
v 14.446108 1.778514 5.831530
v 12.428226 1.806863 5.813460
v 12.432507 1.605383 3.949414
v 26.999081 0.043280 2.970796
v 24.985493 0.173283 2.883736
v 24.990717 0.064802 0.956758
v 26.996397 0.167251 6.887146
v 24.955357 0.429342 6.712467
v 24.968512 0.314395 4.789374
v 31.000000 0.000000 7.000000
v 28.999313 0.032283 6.978216
v 28.999769 0.010868 4.992666
v -5.675922 1.583557 2.047246
v -7.622257 1.577376 2.056634
v -7.636646 1.843046 -0.116277
v -5.634463 1.376340 6.187658
v -7.545004 1.251832 6.271186
v -7.588539 1.329599 4.217937
v -1.666873 1.298349 6.212282
v -3.672815 1.383840 6.172305
v -3.687452 1.387361 4.166151
v -5.000000 0.000000 -29.000000
v -7.000000 0.000000 -29.000000
v -7.000000 0.000000 -31.000000
v -5.017684 0.028761 -25.018360
v -7.003149 0.005121 -25.003269
v -7.000000 0.000000 -27.000000
v -1.065450 0.106451 -25.067959
v -3.032384 0.052671 -25.033625
v -3.000116 0.000189 -27.000120
v 27.000000 0.000000 -29.000000
v 25.000000 0.000000 -29.000000
v 25.000000 0.000000 -31.000000
v 27.000000 0.000000 -25.000000
v 25.000000 0.000000 -25.000000
v 25.000000 0.000000 -27.000000
v 31.000000 0.000000 -25.000000
v 29.000000 0.000000 -25.000000
v 29.000000 0.000000 -27.000000
v 31.000000 0.000000 -27.000000
v 27.000000 0.000000 -27.000000
v 27.000000 0.000000 -31.000000
v -1.009639 0.015677 -27.010008
v -5.000000 0.000000 -27.000000
v -5.000000 0.000000 -31.000000
v -1.657923 1.267069 4.229032
v -5.659570 1.409652 4.162451
v -5.680683 1.777024 -0.082149
v 31.000000 0.000000 5.000000
v 26.997696 0.108439 4.926828
v 26.999950 0.002320 0.998434
v 14.467093 1.551991 3.983391
v 10.432746 1.594138 3.957001
v 10.442455 1.137244 0.265302
v 14.893726 1.114304 20.253155
v 10.796656 1.271345 20.152933
v 10.574265 1.704002 15.874052
v 31.000000 0.000000 21.000000
v 26.998631 0.064470 20.956497
v 26.997334 0.125441 16.915356
v -17.180639 0.631255 4.661979
v -21.108601 0.379512 4.796782
v -21.070351 0.245844 0.868357
v -17.113941 0.398174 20.786789
v -21.055851 0.195173 20.895491
v -21.102959 0.359792 16.807341
v -1.305800 0.687998 20.583517
v -5.210832 0.710371 20.609640
v -5.381367 0.940837 16.461090
v -17.000000 0.000000 -27.000000
v -21.000000 0.000000 -27.000000
v -21.000000 0.000000 -31.000000
v -17.125847 0.204685 -11.130671
v -21.000050 0.000080 -11.000051
v -21.000000 0.000000 -15.000000
v -1.552472 0.898569 -11.573646
v -5.553089 0.907500 -11.579078
v -5.486422 0.791141 -15.505064
v 14.992491 0.012214 -27.007797
v 10.940600 0.096611 -27.061676
v 11.000000 0.000000 -31.000000
v 14.650601 0.568280 -11.362789
v 10.482178 0.842212 -11.537667
v 10.513578 0.791141 -15.505064
v 31.000000 0.000000 -11.000000
v 27.000000 0.000000 -11.000000
v 27.000000 0.000000 -15.000000
v 23.000000 0.000000 -11.000000
v 18.882917 0.190428 -11.121570
v 18.930338 0.113302 -15.072332
v 22.967615 0.052671 -3.033625
v 18.769388 0.376227 -3.240226
v 18.828297 0.279267 -7.178284
v 31.000000 0.000000 -3.000000
v 27.000000 0.000000 -3.000000
v 27.000000 0.000000 -7.000000
v 6.447527 0.898569 -11.573646
v 2.447527 0.898569 -11.573646
v 2.447527 0.898569 -15.573646
v 6.447527 0.898569 -3.573646
v 2.447527 0.898569 -3.573646
v 2.447527 0.898569 -7.573646
v 14.549890 0.732821 -3.467860
v 10.447526 0.898663 -3.573709
v 10.456680 0.883683 -7.564142
v 6.921480 0.127710 -27.081530
v 2.940600 0.096611 -27.061676
v 3.000000 0.000000 -31.000000
v 6.482178 0.842212 -19.537668
v 2.528454 0.766947 -19.489618
v 2.733446 0.433536 -23.276770
v 14.769412 0.375039 -19.239426
v 10.549906 0.732056 -19.467344
v 10.733446 0.433536 -23.276770
v -9.536444 0.896566 -11.571550
v -13.366758 0.596514 -11.380814
v -13.243682 0.396337 -15.253021
v -9.569953 1.755803 -4.080991
v -13.331497 0.918238 -3.561039
v -13.384517 0.853864 -7.537351
v -1.560246 0.946236 -3.601136
v -5.620752 1.645935 -4.022642
v -5.588786 1.424817 -7.893744
v -25.000000 0.000000 -11.000000
v -29.000000 0.000000 -11.000000
v -29.000000 0.000000 -15.000000
v -25.000000 0.000000 -3.000000
v -29.000000 0.000000 -3.000000
v -29.000000 0.000000 -7.000000
v -17.105618 0.246817 -3.143121
v -21.016041 0.056052 -3.030015
v -21.000050 0.000080 -7.000051
v -25.000000 0.000000 -27.000000
v -29.000000 0.000000 -27.000000
v -29.000000 0.000000 -31.000000
v -25.000000 0.000000 -19.000000
v -29.000000 0.000000 -19.000000
v -29.000000 0.000000 -23.000000
v -17.001381 0.002245 -19.001432
v -21.000000 0.000000 -19.000000
v -21.000000 0.000000 -23.000000
v -9.135122 0.909883 20.526176
v -13.142076 0.517159 20.723707
v -13.192365 0.672228 16.640039
v -9.003738 0.013063 28.993006
v -13.002899 0.010130 28.994576
v -13.060791 0.212436 24.886246
v -1.000000 0.000000 29.000000
v -5.001430 0.004998 28.997324
v -5.053708 0.188148 24.899170
v -25.006632 0.023177 20.987589
v -29.000000 0.000000 21.000000
v -29.000000 0.000000 17.000000
v -25.000000 0.000000 29.000000
v -29.000000 0.000000 29.000000
v -29.000000 0.000000 25.000000
v -17.000000 0.000000 29.000000
v -21.000000 0.000000 29.000000
v -21.009098 0.031792 24.982977
v -25.027166 0.094935 4.949165
v -29.000000 0.000000 5.000000
v -29.000000 0.000000 1.000000
v -25.027800 0.097150 12.947979
v -29.000000 0.000000 13.000000
v -29.000000 0.000000 9.000000
v -17.183338 0.640681 12.656932
v -21.110195 0.385079 12.793800
v -21.110195 0.385079 8.793800
v 22.991259 0.411337 20.722439
v 18.949894 0.886535 20.403704
v 18.781368 1.299287 16.134979
v 22.999838 0.007602 28.994871
v 18.997965 0.095762 28.935383
v 18.989872 0.476540 24.678442
v 31.000000 0.000000 29.000000
v 27.000000 0.000000 29.000000
v 26.999956 0.002086 24.998592
v 6.691047 1.327286 20.121586
v 2.670293 0.975932 20.364342
v 2.445094 1.393328 16.103794
v 6.998002 0.094044 28.936543
v 2.999764 0.011083 28.992521
v 2.916750 0.350276 24.768288
v 14.997188 0.132319 28.910715
v 10.997390 0.122806 28.917133
v 10.969494 0.584444 24.606739
v 6.437706 1.360720 4.114506
v 2.417957 1.113197 4.294679
v 2.440330 0.925967 0.411346
v 6.430234 1.712317 11.877257
v 2.405918 1.394231 12.108235
v 2.409489 1.297315 8.172836
v 14.467994 1.876848 11.763708
v 10.434413 1.931466 11.728840
v 10.425982 1.912405 7.742243
v 22.886978 0.626934 4.583070
v 18.663197 1.228522 4.190063
v 18.703859 0.724419 0.528385
v 22.868662 0.861180 12.425823
v 18.628746 1.596649 11.943293
v 18.605772 1.619815 7.929038
v 31.000000 0.000000 13.000000
v 26.995733 0.200781 12.864518
v 26.995689 0.197511 8.866732
v -9.482183 1.166304 4.324441
v -13.277777 0.810890 4.551469
v -13.300790 0.944081 0.451235
v -9.281155 0.822695 12.545147
v -13.195605 0.683553 12.633975
v -13.214338 0.714021 8.614524
v -1.627181 1.273750 12.227450
v -5.490599 1.142717 12.336874
v -5.587940 1.300869 8.235877
v -9.000000 0.000000 -27.000000
v -13.000000 0.000000 -27.000000
v -13.000000 0.000000 -31.000000
v -9.182639 0.297053 -19.189638
v -13.078521 0.127710 -19.081530
v -13.000000 0.000000 -23.000000
v -1.372687 0.606157 -19.386971
v -5.290797 0.472967 -19.301941
v -5.085549 0.139142 -23.088829
v 23.000000 0.000000 -27.000000
v 19.000000 0.000000 -27.000000
v 19.000000 0.000000 -31.000000
v 23.000000 0.000000 -19.000000
v 18.967615 0.052671 -19.033625
v 18.996851 0.005121 -23.003269
v 31.000000 0.000000 -19.000000
v 27.000000 0.000000 -19.000000
v 27.000000 0.000000 -23.000000
v 31.000000 0.000000 -23.000000
v 23.000000 0.000000 -23.000000
v 23.000000 0.000000 -31.000000
v -1.154366 0.251069 -23.160282
v -9.018733 0.030468 -23.019451
v -9.000000 0.000000 -31.000000
v -1.658776 1.292686 8.216014
v -9.378244 0.980605 8.444337
v -9.545970 1.723205 -0.034184
v 31.000000 0.000000 9.000000
v 22.857023 0.874268 8.417688
v 22.927486 0.247523 0.837099
v 14.434782 1.914107 7.740553
v 6.432507 1.605383 7.949414
v 6.444890 1.022698 0.342595
v 14.987962 0.566474 24.617758
v 6.919957 0.601793 24.598045
v 6.494395 1.693810 15.885838
v 31.000000 0.000000 25.000000
v 22.995804 0.197459 24.866760
v 22.943253 0.634921 16.574223
v -17.183338 0.640681 8.656932
v -25.027800 0.097150 8.947979
v -25.011614 0.040583 0.978269
v -17.036562 0.127769 24.931583
v -25.000000 0.000000 25.000000
v -25.024664 0.086190 16.953848
v -1.064654 0.146491 24.912653
v -9.061348 0.319182 24.832294
v -9.227505 0.747485 16.594717
v -17.000000 0.000000 -23.000000
v -25.000000 0.000000 -23.000000
v -25.000000 0.000000 -31.000000
v -17.125847 0.204685 -7.130671
v -25.000000 0.000000 -7.000000
v -25.000000 0.000000 -15.000000
v -1.553088 0.907494 -7.579074
v -9.580668 1.537467 -7.961388
v -9.403467 0.656219 -15.418930
v 14.882918 0.190428 -23.121569
v 6.688765 0.506208 -23.323164
v 7.000000 0.000000 -31.000000
v 14.596533 0.656219 -7.418930
v 6.447527 0.898569 -7.573646
v 6.447527 0.898569 -15.573646
v 31.000000 0.000000 -7.000000
v 22.991812 0.013319 -7.008503
v 23.000000 0.000000 -15.000000
v 31.000000 0.000000 -15.000000
v 14.709203 0.472967 -15.301942
v 15.000000 0.000000 -31.000000
v -1.543320 0.883683 -15.564142
v -17.065451 0.106451 -15.067959
v -17.000000 0.000000 -31.000000
v -1.519284 1.099262 16.332293
v -17.172220 0.601831 16.677734
v -17.133347 0.447975 0.758508
v 31.000000 0.000000 17.000000
v 14.671697 1.545535 15.975218
v 14.508257 1.041563 0.325958
v 31.000000 0.000000 1.000000
v -1.608681 1.102735 0.316286
v -1.000000 0.000000 -31.000000
v 31.000000 0.000000 -31.000000
vn -0.0000 1.0000 -0.0000
vn 0.0613 0.9973 -0.0412
vn 0.0698 0.9896 -0.1256
vn 0.0245 0.9957 0.0896
vn -0.0627 0.9963 -0.0581
vn -0.0295 0.9991 0.0295
vn -0.0565 0.9949 0.0831
vn -0.0642 0.9971 -0.0416
vn -0.0000 0.9991 -0.0426
vn 0.0915 0.9952 -0.0352
vn 0.0107 0.9999 -0.0025
vn 0.0831 0.9955 -0.0462
vn -0.0000 0.9940 -0.1091
vn 0.0565 0.9972 -0.0490
vn -0.0374 0.9951 -0.0913
vn -0.0188 0.9839 -0.1778
vn 0.0045 1.0000 -0.0045
vn -0.0978 0.9952 0.0058
vn -0.0593 0.9981 0.0180
vn 0.0025 0.9838 0.1794
vn -0.0269 0.9928 0.1167
vn -0.0606 0.9981 0.0096
vn -0.0009 1.0000 0.0009
vn -0.0187 0.9978 0.0634
vn -0.0376 0.9991 -0.0218
vn -0.0633 0.9980 -0.0000
vn -0.0318 0.9995 -0.0000
vn 0.1581 0.9871 0.0244
vn 0.0726 0.9959 0.0538
vn -0.0542 0.9969 0.0573
vn -0.0198 0.9859 0.1661
vn 0.0011 0.9939 0.1105
vn -0.0339 0.9969 -0.0715
vn -0.1013 0.9940 -0.0415
vn 0.0416 0.9979 -0.0498
vn 0.0943 0.9929 -0.0724
vn 0.1920 0.9811 -0.0230
vn -0.0627 0.9943 0.0864
vn -0.0904 0.9947 0.0487
vn 0.0316 0.9994 -0.0115
vn -0.0169 0.9993 -0.0321
vn -0.0476 0.9951 -0.0871
vn 0.0026 1.0000 -0.0025
vn 0.0358 0.9993 -0.0078
vn -0.0264 0.9971 -0.0714
vn -0.0556 0.9936 -0.0986
vn -0.0515 0.9944 -0.0926
vn -0.0001 1.0000 -0.0001
vn -0.0416 0.9971 -0.0642
vn -0.0436 0.9947 -0.0933
vn -0.0334 0.9989 0.0328
vn -0.0483 0.9987 0.0174
vn -0.0184 0.9998 -0.0067
vn -0.0501 0.9984 0.0268
vn -0.0103 0.9999 0.0054
vn -0.0788 0.9963 0.0356
vn -0.2488 0.9675 0.0448
vn -0.0996 0.9947 0.0245
vn -0.0612 0.9912 0.1172
vn 0.0856 0.9963 -0.0091
vn 0.0870 0.9962 -0.0007
vn 0.1425 0.9888 -0.0435
vn 0.1391 0.9900 0.0234
vn 0.1888 0.9820 0.0091
vn 0.1091 0.9847 -0.1360
vn 0.1278 0.9816 -0.1422
vn 0.1557 0.9824 -0.1034
vn -0.0165 0.9986 -0.0493
vn 0.0143 0.9998 0.0143
vn 0.0373 0.9986 0.0373
vn -0.0513 0.9974 -0.0502
vn -0.0606 0.9978 -0.0260
vn -0.0934 0.9956 0.0009
vn 0.0056 0.9998 -0.0202
vn -0.0271 0.9979 -0.0590
vn -0.0796 0.9921 -0.0972
vn 0.0152 0.9894 0.1445
vn -0.0027 0.9964 0.0845
vn -0.0010 0.9963 0.0865
vn -0.0715 0.9872 0.1426
vn -0.0247 0.9989 0.0394
vn -0.0173 0.9968 0.0779
vn -0.0673 0.9962 0.0557
vn -0.0789 0.9891 0.1242
vn -0.0253 0.9920 0.1237
vn 0.0065 1.0000 0.0045
vn 0.0602 0.9938 0.0930
vn 0.0267 0.9972 0.0701
vn 0.0157 0.9997 0.0198
vn 0.1358 0.9889 0.0596
vn 0.1120 0.9901 0.0842
vn 0.1030 0.9935 0.0494
vn -0.0775 0.9970 -0.0000
vn -0.0001 1.0000 -0.0000
vn -0.0614 0.9981 -0.0097
vn -0.0280 0.9989 0.0366
vn -0.0029 1.0000 0.0090
vn -0.0365 0.9991 0.0212
vn 0.0298 0.9946 0.0994
vn 0.0064 0.9998 0.0205
vn -0.0371 0.9952 0.0901
vn -0.0040 0.9995 0.0308
vn 0.0011 0.9995 0.0320
vn -0.0000 0.9999 0.0113
vn -0.1038 0.9936 0.0454
vn -0.0168 0.9996 0.0238
vn -0.0086 0.9999 -0.0086
vn -0.0176 0.9998 0.0007
vn -0.0236 0.9991 -0.0362
vn -0.0820 0.9964 -0.0227
vn -0.0009 1.0000 -0.0009
vn 0.1390 0.9805 -0.1390
vn 0.1835 0.9822 -0.0405
vn 0.0348 0.9993 -0.0129
vn -0.2448 0.9649 -0.0951
vn -0.2816 0.9594 -0.0177
vn -0.0503 0.9979 -0.0401
vn -0.0781 0.9939 -0.0781
vn -0.0971 0.9947 -0.0329
vn -0.0293 0.9979 -0.0573
vn 0.0489 0.9947 -0.0907
vn 0.0723 0.9960 -0.0517
vn 0.0892 0.9956 -0.0298
vn -0.0397 0.9939 -0.1031
vn -0.0365 0.9966 -0.0737
vn -0.0000 0.9978 -0.0658
vn -0.0144 0.9981 -0.0603
vn -0.0000 0.9977 -0.0681
vn 0.0404 0.9992 -0.0000
vn 0.0147 0.9999 -0.0002
vn 0.0817 0.9958 -0.0414
vn -0.0075 0.9999 -0.0075
vn 0.0826 0.9963 -0.0243
vn 0.0896 0.9955 -0.0307
vn 0.0561 0.9983 -0.0134
vn 0.0717 0.9973 -0.0189
vn 0.0676 0.9975 -0.0221
vn 0.0554 0.9984 -0.0059
vn 0.0895 0.9952 -0.0407
vn 0.0174 0.9985 -0.0519
vn 0.0054 1.0000 -0.0068
vn -0.0387 0.9972 -0.0644
vn -0.0152 0.9999 -0.0019
vn -0.0965 0.9952 -0.0171
vn -0.0436 0.9976 0.0546
vn 0.0700 0.9931 0.0936
vn -0.0566 0.9911 0.1206
vn -0.0744 0.9970 0.0203
vn -0.0523 0.9973 0.0523
vn -0.0352 0.9974 0.0632
vn -0.0555 0.9969 -0.0555
vn -0.0760 0.9969 -0.0207
vn -0.0361 0.9990 -0.0278
vn 0.0696 0.9974 0.0197
vn 0.0496 0.9986 0.0175
vn 0.0435 0.9964 0.0727
vn 0.0387 0.9912 0.1266
vn 0.0228 0.9928 0.1176
vn -0.0053 0.9949 -0.1007
vn -0.0114 0.9921 -0.1247
vn 0.0635 0.9901 -0.1248
vn 0.0012 1.0000 -0.0012
vn 0.0543 0.9981 -0.0277
vn 0.1624 0.9866 0.0148
vn 0.0279 0.9979 0.0580
vn 0.0708 0.9970 -0.0305
vn -0.0101 0.9997 -0.0208
vn -0.0025 1.0000 -0.0027
vn -0.0196 0.9989 -0.0427
vn -0.0294 0.9977 -0.0619
vn -0.0054 0.9999 -0.0104
vn -0.0093 0.9995 -0.0302
vn 0.0544 0.9980 -0.0326
vn 0.0393 0.9992 0.0028
vn 0.0679 0.9976 -0.0136
vn -0.0608 0.9938 0.0927
vn -0.0768 0.9968 0.0236
vn -0.0160 0.9996 0.0246
vn 0.0052 0.9988 0.0492
vn -0.0297 0.9906 0.1334
vn 0.1022 0.9916 0.0796
vn 0.0068 1.0000 -0.0041
vn 0.0254 0.9997 -0.0065
vn 0.1127 0.9917 -0.0624
vn 0.1427 0.9887 -0.0453
vn 0.0751 0.9969 -0.0232
vn 0.0342 0.9990 -0.0293
vn 0.0732 0.9960 -0.0505
vn 0.0251 0.9995 -0.0179
vn 0.0146 0.9920 -0.1254
vn 0.0147 0.9949 -0.0993
vn 0.0475 0.9900 -0.1326
vn -0.0526 0.9919 -0.1156
vn -0.0646 0.9938 -0.0904
vn -0.0141 0.9950 -0.0987
vn -0.0242 0.9955 -0.0916
vn -0.0388 0.9925 -0.1161
vn -0.0084 0.9921 -0.1254
vn 0.0394 0.9919 0.1206
vn 0.0238 0.9896 0.1416
vn 0.0171 0.9918 0.1267
vn 0.0245 0.9913 0.1292
vn 0.0332 0.9868 0.1587
vn 0.0325 0.9879 0.1515
vn 0.0151 0.9977 0.0656
vn 0.0268 0.9965 0.0793
vn 0.0387 0.9956 0.0850
vn 0.0016 1.0000 0.0014
vn 0.0838 0.9958 0.0362
vn 0.0722 0.9970 0.0275
vn 0.0278 0.9995 0.0117
vn 0.1101 0.9937 0.0201
vn 0.0990 0.9949 0.0201
vn 0.0645 0.9979 0.0107
vn -0.0606 0.9978 -0.0259
vn -0.0620 0.9981 0.0004
vn -0.0318 0.9995 0.0003
vn -0.0762 0.9970 -0.0152
vn -0.0779 0.9970 0.0005
vn -0.0774 0.9970 0.0005
vn -0.0536 0.9978 -0.0393
vn -0.0680 0.9972 -0.0317
vn -0.0683 0.9967 -0.0435
vn -0.0541 0.9971 0.0541
vn -0.0415 0.9973 0.0599
vn -0.0270 0.9972 0.0700
vn -0.0514 0.9980 0.0377
vn -0.0336 0.9989 0.0336
vn -0.0455 0.9979 0.0455
vn -0.0750 0.9971 0.0150
vn -0.0656 0.9974 0.0307
vn -0.0653 0.9970 0.0416
vn -0.0243 0.9937 0.1098
vn -0.0075 0.9928 0.1193
vn -0.0444 0.9895 0.1374
vn 0.0724 0.9958 0.0562
vn 0.0925 0.9879 0.1241
vn 0.0728 0.9905 0.1170
vn -0.0495 0.9979 0.0418
vn 0.0082 0.9995 -0.0310
vn -0.0010 0.9983 0.0578
vn -0.0651 0.9978 -0.0093
vn -0.0680 0.9977 -0.0000
vn -0.0988 0.9951 -0.0000
vn -0.0182 0.9998 -0.0000
vn -0.0058 1.0000 -0.0025
vn 0.0295 0.9991 -0.0295
vn 0.0029 0.9992 -0.0408
vn 0.0198 0.9840 -0.1772
vn 0.0690 0.9899 -0.1235
vn -0.0356 0.9959 -0.0830
vn -0.0342 0.9983 -0.0480
vn -0.0140 0.9995 -0.0286
vn 0.0165 0.9994 -0.0315
vn 0.0396 0.9973 -0.0611
vn 0.0317 0.9989 -0.0359
vn 0.0092 0.9979 -0.0645
vn 0.0168 0.9954 -0.0947
vn 0.0336 0.9961 -0.0814
vn 0.0019 0.9999 -0.0152
vn 0.0025 1.0000 -0.0058
vn 0.0818 0.9958 -0.0405
vn 0.0763 0.9970 -0.0109
vn 0.0937 0.9956 -0.0085
vn 0.0148 0.9999 -0.0000
vn 0.0074 0.9999 -0.0074
vn 0.0402 0.9991 -0.0135
vn 0.0146 0.9998 -0.0146
vn 0.0607 0.9981 -0.0122
vn 0.0440 0.9989 -0.0135
vn 0.0017 1.0000 -0.0015
vn 0.0941 0.9955 -0.0063
vn 0.0748 0.9971 -0.0120
vn 0.0858 0.9963 -0.0075
vn 0.0619 0.9980 -0.0150
vn 0.0889 0.9946 -0.0530
vn 0.0530 0.9981 -0.0301
vn 0.0895 0.9951 -0.0419
vn 0.0963 0.9932 -0.0650
vn 0.1023 0.9929 -0.0608
vn 0.0960 0.9954 -0.0074
vn 0.0020 1.0000 -0.0018
vn -0.0148 0.9998 -0.0148
vn -0.0029 1.0000 -0.0030
vn -0.0096 0.9997 -0.0243
vn 0.0004 1.0000 -0.0004
vn 0.0161 0.9997 -0.0169
vn 0.0006 1.0000 -0.0006
vn 0.0553 0.9985 -0.0064
vn 0.0402 0.9969 -0.0678
vn 0.0775 0.9948 -0.0666
vn -0.0095 0.9990 -0.0437
vn 0.0052 0.9982 -0.0602
vn -0.0032 0.9977 -0.0676
vn -0.0058 0.9951 -0.0987
vn -0.0000 0.9951 -0.0990
vn -0.0187 0.9989 -0.0435
vn -0.0400 0.9963 -0.0755
vn -0.0271 0.9954 -0.0921
vn -0.0015 1.0000 -0.0017
vn -0.0025 0.9999 -0.0109
vn -0.0132 0.9978 -0.0657
vn -0.0000 0.9999 -0.0150
vn -0.0509 0.9951 -0.0851
vn -0.0196 0.9980 -0.0593
vn -0.0142 0.9990 -0.0424
vn -0.0471 0.9944 -0.0949
vn -0.0458 0.9939 -0.1006
vn 0.0369 0.9974 -0.0614
vn 0.0241 0.9943 -0.1043
vn 0.0310 0.9952 -0.0928
vn 0.0623 0.9948 -0.0800
vn -0.0710 0.9958 -0.0574
vn -0.1183 0.9799 -0.1608
vn -0.0190 0.9831 -0.1819
vn -0.1072 0.9939 -0.0248
vn -0.1202 0.9927 -0.0101
vn -0.1665 0.9820 -0.0896
vn -0.0771 0.9949 -0.0653
vn -0.0963 0.9940 -0.0519
vn -0.0866 0.9940 -0.0674
vn -0.2090 0.9778 -0.0130
vn -0.2174 0.9757 -0.0289
vn -0.0577 0.9975 -0.0417
vn -0.2189 0.9756 -0.0173
vn -0.2136 0.9764 -0.0327
vn -0.2832 0.9584 -0.0355
vn -0.1930 0.9808 -0.0289
vn -0.2219 0.9751 0.0025
vn -0.2677 0.9635 0.0010
vn 0.1767 0.9838 -0.0290
vn 0.1930 0.9799 -0.0515
vn 0.0549 0.9978 -0.0372
vn 0.0529 0.9980 -0.0349
vn 0.0377 0.9979 -0.0534
vn 0.1853 0.9811 -0.0559
vn 0.0376 0.9815 -0.1875
vn 0.0468 0.9971 -0.0604
vn 0.1729 0.9841 -0.0401
vn -0.0176 0.9997 -0.0139
vn -0.0620 0.9975 -0.0345
vn -0.0525 0.9969 -0.0586
vn -0.0755 0.9960 -0.0489
vn -0.0139 0.9997 -0.0176
vn -0.0350 0.9988 -0.0350
vn -0.0395 0.9978 -0.0538
vn -0.0150 0.9999 -0.0055
vn -0.0068 1.0000 -0.0055
vn -0.0373 0.9988 -0.0329
vn -0.0992 0.9948 0.0242
vn -0.0937 0.9900 0.1059
vn 0.0019 0.9930 0.1182
vn -0.0075 0.9977 0.0674
vn -0.0231 0.9973 0.0703
vn -0.0976 0.9918 0.0830
vn -0.0110 0.9999 0.0110
vn -0.0093 0.9989 0.0466
vn -0.0467 0.9988 0.0165
vn 0.0003 0.9995 0.0328
vn -0.0000 1.0000 0.0001
vn -0.0068 0.9997 0.0222
vn -0.0298 0.9975 0.0638
vn -0.0185 0.9986 0.0501
vn -0.0092 0.9983 0.0582
vn 0.0036 1.0000 0.0064
vn 0.0040 0.9996 0.0293
vn 0.0634 0.9860 0.1543
vn 0.0113 0.9982 0.0589
vn 0.0181 0.9987 0.0486
vn -0.0078 1.0000 0.0041
vn -0.0171 0.9998 0.0135
vn -0.0012 1.0000 0.0013
vn -0.0166 0.9997 0.0166
vn -0.0005 1.0000 0.0005
vn -0.0088 0.9999 0.0142
vn -0.0318 0.9995 -0.0041
vn -0.0340 0.9994 0.0002
vn -0.0633 0.9980 0.0004
vn -0.0002 1.0000 -0.0000
vn -0.0339 0.9994 -0.0000
vn -0.0620 0.9981 -0.0000
vn -0.0779 0.9970 -0.0000
vn 0.1206 0.9910 0.0578
vn 0.0950 0.9936 0.0617
vn 0.0942 0.9945 0.0452
vn 0.0674 0.9919 0.1076
vn 0.0471 0.9925 0.1132
vn 0.0806 0.9931 0.0856
vn 0.0672 0.9947 0.0780
vn 0.0697 0.9935 0.0902
vn 0.1134 0.9880 0.1048
vn 0.0286 0.9984 0.0488
vn 0.0044 1.0000 0.0065
vn 0.0143 0.9965 0.0829
vn 0.0059 0.9991 0.0409
vn 0.0086 0.9996 0.0271
vn 0.0308 0.9940 0.1045
vn 0.0225 0.9944 0.1034
vn 0.0437 0.9949 0.0913
vn 0.0002 1.0000 0.0002
vn 0.0495 0.9984 0.0291
vn 0.0198 0.9997 0.0158
vn -0.0866 0.9886 0.1232
vn -0.0735 0.9847 0.1579
vn -0.0221 0.9864 0.1629
vn -0.0695 0.9897 0.1255
vn -0.0644 0.9869 0.1477
vn -0.0801 0.9855 0.1496
vn -0.0757 0.9953 0.0602
vn -0.0736 0.9929 0.0939
vn -0.0749 0.9927 0.0942
vn -0.0267 0.9977 0.0629
vn -0.0063 0.9998 0.0175
vn -0.0063 0.9994 0.0338
vn -0.0082 0.9999 0.0095
vn -0.0016 1.0000 0.0016
vn -0.0579 0.9896 0.1319
vn -0.0427 0.9961 0.0770
vn -0.0497 0.9932 0.1053
vn -0.0024 0.9963 0.0857
vn -0.0012 0.9991 0.0433
vn -0.0005 0.9990 0.0447
vn -0.0027 0.9965 0.0836
vn -0.0013 0.9992 0.0402
vn -0.0013 0.9991 0.0418
vn 0.0220 0.9871 0.1584
vn 0.0045 0.9923 0.1238
vn -0.0007 0.9941 0.1084
vn -0.0757 0.9942 -0.0760
vn -0.0900 0.9942 -0.0588
vn -0.0968 0.9924 -0.0754
vn 0.0304 0.9987 -0.0398
vn 0.0136 0.9993 -0.0362
vn -0.0413 0.9981 -0.0450
vn 0.0367 0.9989 -0.0297
vn 0.0468 0.9982 -0.0363
vn -0.0097 0.9986 -0.0529
vn -0.0925 0.9957 -0.0029
vn -0.0789 0.9964 -0.0297
vn -0.0592 0.9978 -0.0308
vn -0.0313 0.9991 -0.0275
vn -0.0470 0.9989 -0.0049
vn -0.0645 0.9975 -0.0286
vn -0.0070 0.9995 -0.0315
vn -0.0202 0.9996 -0.0174
vn -0.0626 0.9977 -0.0252
vn -0.0000 0.9992 0.0404
vn 0.0215 0.9976 0.0657
vn 0.0310 0.9969 0.0722
vn -0.0408 0.9991 0.0079
vn -0.0200 0.9995 0.0260
vn 0.0178 0.9984 0.0539
vn -0.0726 0.9964 -0.0436
vn -0.0547 0.9977 -0.0390
vn -0.0174 0.9998 -0.0000
vn 0.1597 0.9774 -0.1389
vn 0.1795 0.9791 -0.0953
vn 0.1822 0.9808 -0.0699
vn 0.0925 0.9879 -0.1243
vn 0.0795 0.9880 -0.1323
vn 0.1361 0.9836 -0.1185
vn 0.0873 0.9847 -0.1509
vn 0.0925 0.9864 -0.1360
vn 0.1227 0.9840 -0.1288
vn 0.1842 0.9828 0.0159
vn 0.1655 0.9832 0.0773
vn 0.1696 0.9839 0.0570
vn 0.0723 0.9969 0.0310
vn 0.0795 0.9949 0.0619
vn 0.1337 0.9873 0.0855
vn 0.0786 0.9957 -0.0497
vn 0.0763 0.9971 -0.0000
vn 0.1438 0.9896 -0.0000
vn 0.0388 0.9992 -0.0003
vn 0.0336 0.9994 0.0055
vn 0.1517 0.9884 0.0037
vn 0.1337 0.9904 0.0342
vn 0.0811 0.9966 0.0157
vn 0.1543 0.9879 -0.0153
vn 0.1549 0.9879 -0.0000
vn 0.0866 0.9962 -0.0001
vn -0.1141 0.9882 0.1026
vn -0.0883 0.9952 0.0413
vn -0.0917 0.9949 0.0411
vn -0.0526 0.9985 -0.0152
vn -0.0314 0.9994 0.0165
vn -0.0658 0.9973 0.0325
vn -0.1759 0.9844 -0.0062
vn -0.0939 0.9954 -0.0165
vn -0.1848 0.9809 0.0610
vn -0.0358 0.9993 0.0093
vn -0.0765 0.9969 0.0202
vn -0.0001 1.0000 0.0001
vn -0.0175 0.9998 0.0084
vn -0.0266 0.9984 0.0495
vn -0.0498 0.9987 0.0099
vn -0.0878 0.9953 0.0416
vn -0.0847 0.9955 0.0420
vn -0.0498 0.9975 0.0500
vn -0.0803 0.9958 0.0448
vn -0.0814 0.9953 0.0516
vn -0.0412 0.9986 0.0344
vn -0.0374 0.9959 -0.0826
vn -0.0520 0.9940 -0.0964
vn -0.0329 0.9988 -0.0373
vn -0.0567 0.9968 -0.0567
vn -0.0653 0.9949 -0.0771
vn -0.0055 1.0000 -0.0068
vn -0.0286 0.9941 -0.1047
vn -0.0241 0.9970 -0.0738
vn -0.0479 0.9942 -0.0966
vn -0.0278 0.9983 -0.0519
vn 0.0089 0.9999 -0.0081
vn 0.0357 0.9991 -0.0245
vn 0.0575 0.9980 -0.0273
vn 0.0203 0.9998 -0.0080
vn -0.0266 0.9963 -0.0812
vn -0.0210 0.9943 -0.1048
vn -0.0435 0.9941 -0.0994
vn -0.0340 0.9971 -0.0687
vn 0.0213 0.9993 0.0309
vn 0.0060 0.9994 0.0349
vn 0.0037 1.0000 0.0053
vn -0.2005 0.9768 0.0756
vn -0.1695 0.9787 0.1161
vn -0.0613 0.9884 0.1386
vn 0.0365 0.9993 -0.0032
vn 0.0381 0.9993 -0.0001
vn 0.1881 0.9816 -0.0326
vn 0.1888 0.9820 -0.0000
vn 0.1925 0.9813 -0.0000
vn 0.1174 0.9871 -0.1092
vn 0.1422 0.9837 -0.1098
vn 0.1278 0.9884 -0.0825
vn -0.0000 0.9988 -0.0499
vn -0.0909 0.9939 -0.0622
vn -0.0957 0.9949 -0.0321
vn -0.0925 0.9949 -0.0397
vn -0.0296 0.9986 -0.0432
vn -0.0579 0.9958 -0.0709
vn -0.0578 0.9937 -0.0963
vn 0.0066 0.9919 0.1266
vn -0.0031 0.9943 0.1066
vn -0.0013 0.9943 0.1069
vn -0.0582 0.9855 0.1596
vn -0.0430 0.9912 0.1253
vn -0.0197 0.9910 0.1327
vn -0.0761 0.9960 0.0473
vn -0.0869 0.9928 0.0821
vn -0.0279 0.9967 0.0762
vn 0.0754 0.9943 0.0755
vn 0.0531 0.9960 0.0718
vn 0.0462 0.9979 0.0463
vn 0.1679 0.9850 0.0398
vn 0.1404 0.9870 0.0780
vn 0.1316 0.9902 0.0460
vn -0.0081 1.0000 -0.0042
vn -0.0229 0.9997 -0.0070
vn -0.0527 0.9984 -0.0194
vn -0.0279 0.9982 0.0525
vn -0.0135 0.9994 0.0315
vn -0.0103 0.9990 0.0430
vn -0.0315 0.9995 0.0041
vn -0.0225 0.9997 0.0069
vn -0.0514 0.9985 0.0190
vn 0.0077 0.9953 0.0961
vn 0.0146 0.9989 0.0445
vn -0.0051 0.9987 0.0515
vn -0.0475 0.9862 0.1586
vn -0.0020 0.9980 0.0627
vn 0.0021 0.9977 0.0680
vn -0.0241 0.9997 0.0047
vn -0.0597 0.9963 -0.0619
vn -0.0410 0.9964 -0.0735
vn -0.0672 0.9977 0.0032
vn -0.0660 0.9978 -0.0079
vn -0.0930 0.9957 -0.0031
vn 0.1192 0.9906 -0.0665
vn 0.1609 0.9868 -0.0185
vn 0.0250 0.9997 -0.0029
vn -0.1649 0.9738 -0.1565
vn -0.1964 0.9800 -0.0321
vn -0.0400 0.9971 -0.0647
vn -0.0674 0.9940 -0.0866
vn -0.0680 0.9954 -0.0680
vn 0.0605 0.9956 -0.0714
vn 0.0777 0.9949 -0.0636
vn 0.0762 0.9960 -0.0458
vn -0.0084 0.9940 -0.1090
vn -0.0109 0.9951 -0.0978
vn -0.0000 0.9952 -0.0978
vn -0.0007 0.9998 -0.0176
vn -0.0000 0.9998 -0.0183
vn 0.0872 0.9961 -0.0097
vn 0.0209 0.9998 -0.0074
vn 0.0001 1.0000 -0.0001
vn -0.0321 0.9993 -0.0169
vn -0.0530 0.9984 -0.0177
vn -0.0848 0.9958 -0.0350
vn -0.0426 0.9958 0.0807
vn -0.0202 0.9958 0.0892
vn -0.0648 0.9945 0.0823
vn -0.0590 0.9979 0.0253
vn -0.0510 0.9974 0.0510
vn -0.0428 0.9982 0.0428
vn -0.0464 0.9967 -0.0662
vn -0.0539 0.9971 -0.0538
vn -0.0467 0.9976 -0.0513
vn 0.0181 0.9998 0.0060
vn 0.0087 1.0000 0.0017
vn 0.0436 0.9960 0.0784
vn 0.0369 0.9958 0.0842
vn 0.0181 0.9957 0.0904
vn 0.0402 0.9940 -0.1017
vn 0.0144 0.9898 -0.1416
vn 0.0634 0.9883 -0.1389
vn 0.1857 0.9825 -0.0146
vn 0.1333 0.9911 0.0046
vn 0.0602 0.9972 -0.0448
vn 0.0870 0.9957 -0.0311
vn 0.0690 0.9968 -0.0392
vn 0.0660 0.9971 -0.0390
vn 0.1330 0.9904 0.0388
vn 0.0986 0.9943 0.0414
vn 0.0874 0.9962 -0.0061
vn 0.1977 0.9803 0.0003
vn 0.1680 0.9851 0.0356
vn 0.1642 0.9864 0.0029
vn 0.0057 1.0000 -0.0048
vn 0.0179 0.9998 -0.0100
vn 0.0013 1.0000 -0.0013
vn 0.0410 0.9893 -0.1403
vn 0.0413 0.9908 -0.1288
vn 0.0636 0.9897 -0.1286
vn 0.0074 0.9909 -0.1341
vn -0.0000 0.9916 -0.1291
vn 0.0146 0.9915 -0.1290
vn 0.0147 0.9947 -0.1015
vn 0.0147 0.9930 -0.1170
vn 0.0274 0.9910 -0.1313
vn 0.0373 0.9954 0.0878
vn 0.0366 0.9946 0.0966
vn 0.0194 0.9951 0.0970
vn 0.0466 0.9955 0.0826
vn 0.0432 0.9942 0.0983
vn 0.0395 0.9944 0.0976
vn 0.0322 0.9964 0.0786
vn 0.0406 0.9958 0.0818
vn 0.0387 0.9992 0.0059
vn 0.0325 0.9994 0.0077
vn 0.0049 1.0000 0.0020
vn 0.0459 0.9988 0.0149
vn 0.0418 0.9991 0.0032
vn 0.0117 0.9999 0.0013
vn -0.0441 0.9975 -0.0555
vn -0.0448 0.9980 -0.0447
vn -0.0404 0.9982 -0.0437
vn -0.0629 0.9968 -0.0489
vn -0.0672 0.9970 -0.0373
vn -0.0578 0.9975 -0.0413
vn -0.0512 0.9967 -0.0626
vn -0.0575 0.9967 -0.0574
vn -0.0492 0.9968 -0.0630
vn -0.0472 0.9978 0.0472
vn -0.0391 0.9977 0.0547
vn -0.0598 0.9971 0.0465
vn -0.0529 0.9972 0.0529
vn -0.0685 0.9974 0.0229
vn -0.0647 0.9973 0.0360
vn -0.0554 0.9977 0.0396
vn -0.0438 0.9953 0.0863
vn -0.0484 0.9939 0.0986
vn -0.0608 0.9929 0.1018
vn -0.0136 0.9964 0.0831
vn -0.0001 0.9954 0.0955
vn -0.0226 0.9947 0.1006
vn -0.0335 0.9970 0.0704
vn -0.0210 0.9980 0.0600
vn -0.0324 0.9969 0.0718
vn -0.0713 0.9971 -0.0263
vn -0.0786 0.9967 -0.0207
vn -0.0919 0.9954 -0.0271
vn -0.0302 0.9995 -0.0092
vn -0.0374 0.9993 -0.0082
vn -0.0603 0.9981 -0.0144
vn -0.0104 0.9999 -0.0054
vn -0.0209 0.9997 -0.0082
vn -0.0435 0.9989 -0.0187
vn 0.0025 1.0000 -0.0026
vn 0.0015 1.0000 -0.0017
vn 0.0081 0.9998 -0.0207
vn 0.0054 0.9999 -0.0103
vn 0.0866 0.9962 -0.0082
vn 0.0918 0.9955 -0.0225
vn 0.0872 0.9962 -0.0000
vn 0.0752 0.9966 -0.0323
vn 0.0862 0.9959 -0.0288
vn 0.0058 1.0000 -0.0025
vn 0.0498 0.9986 -0.0166
vn 0.0291 0.9995 -0.0089
vn 0.0402 0.9992 -0.0053
vn 0.0149 0.9999 -0.0019
vn 0.0768 0.9965 -0.0317
vn 0.0656 0.9976 -0.0242
vn 0.0756 0.9971 -0.0120
vn 0.0603 0.9981 -0.0086
vn 0.0608 0.9982 -0.0000
vn 0.0453 0.9984 -0.0323
vn 0.0596 0.9976 -0.0358
vn -0.0000 0.9990 -0.0453
vn -0.0019 0.9999 -0.0152
vn -0.0055 0.9991 -0.0423
vn -0.0020 0.9990 -0.0448
vn -0.0000 0.9964 -0.0843
vn -0.0322 0.9948 -0.0965
vn -0.0121 0.9964 -0.0843
vn -0.0248 0.9939 -0.1074
vn -0.0097 0.9943 -0.1061
vn 0.0791 0.9954 -0.0548
vn 0.0862 0.9952 -0.0465
vn 0.0837 0.9957 -0.0391
vn 0.0721 0.9948 -0.0721
vn 0.0783 0.9951 -0.0609
vn 0.0844 0.9950 -0.0538
vn 0.0565 0.9951 -0.0816
vn 0.0648 0.9948 -0.0791
vn 0.0697 0.9951 -0.0697
vn -0.0611 0.9963 -0.0611
vn -0.0515 0.9973 -0.0515
vn -0.0411 0.9983 -0.0411
vn -0.0740 0.9945 -0.0740
vn -0.0793 0.9952 -0.0567
vn -0.0791 0.9937 -0.0791
vn -0.0770 0.9940 -0.0770
vn -0.1060 0.9927 -0.0575
vn -0.1097 0.9939 -0.0087
vn -0.0410 0.9991 -0.0113
vn -0.2478 0.9688 -0.0083
vn -0.2585 0.9660 -0.0092
vn -0.2076 0.9781 -0.0113
vn -0.2213 0.9668 -0.1280
vn -0.2388 0.9687 -0.0673
vn -0.1785 0.9801 -0.0873
vn 0.1070 0.9942 -0.0098
vn 0.1136 0.9935 -0.0049
vn 0.0288 0.9996 -0.0010
vn 0.1828 0.9827 -0.0285
vn 0.1894 0.9817 -0.0175
vn 0.1681 0.9857 -0.0112
vn 0.1451 0.9840 -0.1039
vn 0.1708 0.9826 -0.0735
vn 0.1477 0.9878 -0.0495
vn -0.0825 0.9966 -0.0063
vn -0.0797 0.9967 -0.0185
vn -0.0884 0.9960 -0.0133
vn -0.0432 0.9990 -0.0075
vn -0.0439 0.9988 -0.0235
vn -0.0650 0.9976 -0.0219
vn -0.0446 0.9990 0.0019
vn -0.0431 0.9991 0.0043
vn -0.0661 0.9978 0.0056
vn -0.0011 1.0000 -0.0011
vn -0.0448 0.9960 -0.0769
vn -0.0454 0.9975 -0.0534
vn -0.0303 0.9984 -0.0482
vn -0.0667 0.9974 -0.0266
vn -0.1022 0.9947 -0.0110
vn -0.0847 0.9956 -0.0396
vn -0.0074 0.9999 0.0072
vn -0.0285 0.9995 -0.0097
vn -0.0345 0.9987 -0.0383
vn -0.0003 0.9978 0.0667
vn 0.0011 0.9988 0.0481
vn 0.0017 0.9989 0.0477
vn -0.0032 0.9982 0.0598
vn -0.0023 0.9988 0.0480
vn 0.0005 0.9988 0.0483
vn -0.0565 0.9902 0.1276
vn -0.0204 0.9959 0.0884
vn -0.0195 0.9928 0.1182
vn 0.0092 0.9989 0.0458
vn 0.0062 0.9999 0.0142
vn -0.0000 0.9999 0.0107
vn 0.0176 0.9988 0.0447
vn 0.0129 0.9995 0.0298
vn 0.0114 0.9997 0.0219
vn 0.0091 0.9958 0.0911
vn 0.0153 0.9975 0.0691
vn 0.0117 0.9972 0.0738
vn -0.0388 0.9992 0.0130
vn -0.0319 0.9994 0.0137
vn -0.0446 0.9988 0.0212
vn -0.0044 1.0000 0.0019
vn -0.0013 1.0000 0.0012
vn -0.0156 0.9999 0.0061
vn -0.0115 0.9999 0.0014
vn -0.0082 1.0000 0.0019
vn -0.0278 0.9996 0.0061
vn -0.0127 0.9992 0.0380
vn -0.0069 0.9996 0.0265
vn -0.0123 0.9996 0.0235
vn -0.0041 1.0000 0.0078
vn -0.0061 0.9999 0.0155
vn -0.0292 0.9986 0.0451
vn -0.0209 0.9991 0.0361
vn -0.0208 0.9988 0.0438
vn -0.0396 0.9991 -0.0132
vn -0.0449 0.9989 -0.0107
vn -0.0579 0.9982 -0.0152
vn -0.0046 1.0000 -0.0019
vn -0.0085 1.0000 -0.0019
vn -0.0282 0.9996 -0.0061
vn -0.0014 1.0000 -0.0012
vn -0.0160 0.9999 -0.0063
vn -0.0504 0.9987 -0.0000
vn -0.0138 0.9999 -0.0000
vn -0.0487 0.9988 -0.0000
vn -0.0716 0.9974 -0.0000
vn 0.1408 0.9881 0.0627
vn 0.1221 0.9901 0.0697
vn 0.1127 0.9923 0.0506
vn 0.1311 0.9871 0.0921
vn 0.1268 0.9881 0.0870
vn 0.1275 0.9883 0.0840
vn 0.1566 0.9864 0.0498
vn 0.1448 0.9869 0.0718
vn 0.1552 0.9860 0.0610
vn 0.0519 0.9969 0.0597
vn 0.0385 0.9980 0.0500
vn 0.0315 0.9989 0.0356
vn 0.0502 0.9953 0.0824
vn 0.0399 0.9965 0.0740
vn 0.0411 0.9972 0.0629
vn 0.0698 0.9939 0.0849
vn 0.0602 0.9945 0.0860
vn 0.0645 0.9950 0.0759
vn -0.0592 0.9953 0.0765
vn -0.0601 0.9938 0.0933
vn -0.0257 0.9955 0.0908
vn -0.0883 0.9921 0.0889
vn -0.0930 0.9909 0.0975
vn -0.0897 0.9914 0.0955
vn -0.0790 0.9955 0.0521
vn -0.0826 0.9938 0.0738
vn -0.0811 0.9944 0.0674
vn -0.0322 0.9909 0.1310
vn -0.0286 0.9946 0.0993
vn -0.0200 0.9946 0.1015
vn -0.0491 0.9920 0.1164
vn -0.0387 0.9957 0.0836
vn -0.0354 0.9950 0.0932
vn -0.0690 0.9860 0.1519
vn -0.0592 0.9885 0.1388
vn -0.0506 0.9878 0.1472
vn -0.0033 0.9943 0.1068
vn -0.0030 0.9951 0.0989
vn -0.0012 0.9951 0.0992
vn -0.0035 0.9943 0.1063
vn -0.0030 0.9952 0.0981
vn -0.0028 0.9951 0.0986
vn 0.0120 0.9906 0.1360
vn 0.0013 0.9929 0.1190
vn -0.0007 0.9937 0.1122
vn -0.0612 0.9946 -0.0835
vn -0.0740 0.9934 -0.0874
vn -0.0691 0.9926 -0.0997
vn -0.0366 0.9974 -0.0613
vn -0.0445 0.9967 -0.0680
vn -0.0678 0.9948 -0.0765
vn -0.0187 0.9994 -0.0291
vn -0.0288 0.9984 -0.0478
vn -0.0448 0.9972 -0.0592
vn -0.1048 0.9939 -0.0357
vn -0.1056 0.9943 -0.0121
vn -0.0935 0.9955 -0.0134
vn -0.0802 0.9964 -0.0287
vn -0.0812 0.9966 -0.0104
vn -0.0963 0.9953 -0.0112
vn -0.0699 0.9958 -0.0590
vn -0.0764 0.9961 -0.0450
vn -0.0922 0.9944 -0.0512
vn 0.0396 0.9991 0.0132
vn -0.0000 0.9999 0.0147
vn -0.0000 0.9998 -0.0176
vn 0.1397 0.9854 -0.0969
vn 0.1488 0.9835 -0.1024
vn 0.1407 0.9856 -0.0939
vn 0.1362 0.9833 -0.1207
vn 0.1436 0.9829 -0.1155
vn 0.1498 0.9828 -0.1082
vn 0.1167 0.9854 -0.1240
vn 0.1275 0.9838 -0.1260
vn 0.1310 0.9849 -0.1131
vn 0.1958 0.9806 -0.0000
vn 0.1947 0.9809 0.0043
vn 0.1916 0.9815 0.0031
vn 0.1716 0.9852 -0.0000
vn 0.1703 0.9854 0.0067
vn 0.1876 0.9822 0.0055
vn 0.1706 0.9846 -0.0381
vn 0.1713 0.9852 -0.0099
vn 0.1886 0.9820 -0.0072
vn 0.0076 1.0000 -0.0000
vn 0.0078 1.0000 -0.0002
vn 0.0651 0.9979 -0.0001
vn 0.0654 0.9979 -0.0013
vn 0.0384 0.9993 -0.0008
vn 0.0637 0.9979 -0.0062
vn 0.0650 0.9979 -0.0003
vn 0.0380 0.9993 -0.0002
vn -0.1156 0.9846 0.1315
vn -0.1016 0.9847 0.1418
vn -0.0543 0.9871 0.1507
vn -0.1926 0.9771 0.0906
vn -0.1555 0.9835 0.0929
vn -0.1427 0.9821 0.1232
vn -0.2395 0.9691 0.0596
vn -0.2170 0.9714 0.0962
vn -0.1848 0.9770 0.1064
vn -0.0718 0.9967 0.0381
vn -0.0820 0.9956 0.0449
vn -0.0416 0.9990 0.0191
vn -0.0596 0.9978 0.0283
vn 0.0135 0.9995 0.0287
vn -0.0038 1.0000 0.0011
vn -0.0133 0.9999 -0.0087
vn -0.0209 0.9993 0.0325
vn -0.0278 0.9988 0.0413
vn -0.0041 0.9998 0.0215
vn -0.0032 0.9994 0.0352
vn -0.0120 0.9994 0.0335
vn 0.0101 0.9998 0.0176
vn -0.0442 0.9936 -0.1042
vn -0.0340 0.9941 -0.1034
vn -0.0335 0.9944 -0.1003
vn -0.0397 0.9939 -0.1032
vn -0.0207 0.9967 -0.0787
vn -0.0224 0.9956 -0.0915
vn 0.0413 0.9990 -0.0178
vn 0.0691 0.9969 -0.0366
vn 0.0483 0.9982 -0.0370
vn 0.0595 0.9975 -0.0385
vn 0.0475 0.9985 -0.0275
vn 0.0863 0.9956 -0.0360
vn 0.0863 0.9961 -0.0153
vn 0.0007 1.0000 -0.0007
vn 0.0068 1.0000 -0.0054
vn 0.0219 0.9995 -0.0219
vn 0.0357 0.9989 -0.0315
vn 0.0225 0.9996 -0.0178
vn 0.0081 0.9999 -0.0089
vn 0.0011 1.0000 -0.0011
vn -0.0063 0.9982 -0.0595
vn -0.0119 0.9997 -0.0191
vn -0.0256 0.9990 -0.0374
vn -0.0292 0.9983 -0.0504
vn -0.0007 1.0000 -0.0007
vn -0.0081 0.9999 -0.0090
vn -0.0183 0.9996 -0.0231
vn -0.0654 0.9957 -0.0654
vn -0.0712 0.9949 -0.0712
vn -0.0761 0.9942 -0.0761
vn -0.0472 0.9978 -0.0472
vn -0.0607 0.9968 -0.0526
vn -0.0225 0.9995 -0.0225
vn -0.0351 0.9988 -0.0351
vn -0.0607 0.9943 -0.0876
vn -0.0703 0.9938 -0.0859
vn -0.0600 0.9937 -0.0942
vn -0.0505 0.9952 -0.0842
vn -0.0611 0.9971 0.0443
vn -0.0651 0.9970 0.0426
vn -0.0413 0.9980 0.0473
vn -0.0895 0.9950 0.0444
vn -0.0833 0.9957 0.0410
vn -0.0920 0.9944 0.0519
vn -0.0940 0.9947 0.0412
vn -0.0842 0.9955 0.0430
vn -0.0685 0.9966 0.0465
vn -0.0559 0.9959 0.0706
vn -0.0485 0.9959 0.0770
vn -0.0831 0.9960 0.0312
vn -0.0704 0.9970 0.0333
vn -0.0675 0.9965 0.0499
vn -0.0888 0.9958 0.0217
vn -0.0910 0.9956 0.0203
vn -0.0400 0.9987 0.0312
vn -0.0539 0.9974 0.0477
vn -0.0575 0.9973 0.0459
vn -0.0294 0.9981 0.0534
vn -0.0351 0.9971 0.0673
vn -0.0388 0.9978 0.0541
vn -0.0370 0.9993 0.0095
vn -0.0340 0.9990 0.0303
vn -0.0197 0.9993 0.0307
vn -0.0027 1.0000 0.0025
vn -0.0205 0.9997 0.0099
vn -0.0114 0.9999 -0.0000
vn -0.0115 0.9999 0.0001
vn -0.0057 1.0000 0.0057
vn -0.0592 0.9981 0.0141
vn -0.0518 0.9985 0.0173
vn -0.0690 0.9973 0.0255
vn -0.0119 0.9999 0.0038
vn -0.0058 1.0000 0.0025
vn -0.0299 0.9995 0.0091
vn -0.1545 0.9876 0.0261
vn -0.1077 0.9942 0.0019
vn -0.1449 0.9881 0.0515
vn -0.0515 0.9977 -0.0432
vn -0.0458 0.9981 -0.0401
vn -0.0646 0.9974 -0.0318
vn -0.0972 0.9945 -0.0396
vn -0.0685 0.9970 -0.0374
vn -0.1367 0.9906 -0.0041
vn -0.0216 0.9998 0.0055
vn -0.0140 0.9999 0.0025
vn -0.0405 0.9989 -0.0227
vn -0.0317 0.9995 -0.0030
vn -0.0427 0.9991 0.0067
vn -0.0854 0.9954 0.0437
vn -0.1147 0.9911 0.0669
vn -0.0869 0.9955 0.0375
vn -0.0968 0.9941 0.0481
vn 0.1199 0.9928 -0.0001
vn 0.1195 0.9928 -0.0013
vn 0.0868 0.9962 -0.0017
vn 0.1790 0.9838 -0.0000
vn 0.1779 0.9840 0.0016
vn 0.1542 0.9880 -0.0001
vn 0.1784 0.9838 -0.0189
vn 0.1788 0.9839 -0.0020
vn 0.1548 0.9880 -0.0012
vn 0.1018 0.9945 0.0232
vn 0.0910 0.9954 0.0309
vn 0.0744 0.9970 0.0220
vn 0.1569 0.9865 0.0459
vn 0.1417 0.9881 0.0600
vn 0.1184 0.9920 0.0442
vn 0.1753 0.9845 0.0063
vn 0.1682 0.9854 0.0275
vn 0.1450 0.9892 0.0203
vn 0.0051 1.0000 0.0014
vn 0.0023 1.0000 0.0014
vn 0.0602 0.9981 0.0106
vn 0.0536 0.9985 0.0144
vn 0.0271 0.9996 0.0067
vn 0.0657 0.9978 -0.0005
vn 0.0643 0.9979 0.0054
vn 0.0376 0.9993 0.0029
vn 0.1054 0.9944 -0.0000
vn 0.1042 0.9945 0.0094
vn 0.1426 0.9898 0.0080
vn 0.0598 0.9981 0.0120
vn 0.0752 0.9971 0.0108
vn 0.0626 0.9968 -0.0498
vn 0.0615 0.9980 -0.0175
vn 0.0771 0.9969 -0.0175
vn 0.1051 0.9920 0.0697
vn 0.1135 0.9915 0.0634
vn 0.1414 0.9883 0.0574
vn 0.0485 0.9965 0.0678
vn 0.0736 0.9947 0.0717
vn 0.0570 0.9978 0.0343
vn 0.0530 0.9972 0.0530
vn 0.0759 0.9955 0.0567
vn 0.1724 0.9827 0.0675
vn 0.1670 0.9831 0.0745
vn 0.1587 0.9847 0.0713
vn 0.1492 0.9850 0.0866
vn 0.1538 0.9862 0.0617
vn 0.1653 0.9837 0.0707
vn 0.1668 0.9858 0.0196
vn 0.1594 0.9859 0.0515
vn 0.1764 0.9832 0.0462
vn 0.1031 0.9856 -0.1338
vn 0.1048 0.9864 -0.1270
vn 0.1275 0.9842 -0.1228
vn 0.0804 0.9872 -0.1374
vn 0.0806 0.9884 -0.1284
vn 0.0927 0.9874 -0.1282
vn 0.0851 0.9858 -0.1449
vn 0.0790 0.9854 -0.1511
vn 0.0910 0.9849 -0.1473
vn 0.1011 0.9867 -0.1271
vn 0.1033 0.9910 -0.0853
vn 0.1401 0.9870 -0.0792
vn 0.0630 0.9887 -0.1361
vn 0.0635 0.9939 -0.0897
vn 0.0797 0.9929 -0.0883
vn 0.0805 0.9889 -0.1245
vn 0.0714 0.9879 -0.1378
vn 0.0865 0.9838 -0.1568
vn 0.1861 0.9791 -0.0826
vn 0.1923 0.9798 -0.0540
vn 0.1890 0.9809 -0.0457
vn 0.1627 0.9808 -0.1076
vn 0.1678 0.9832 -0.0713
vn 0.1853 0.9807 -0.0626
vn 0.1492 0.9781 -0.1452
vn 0.1544 0.9784 -0.1375
vn 0.1700 0.9778 -0.1223
vn -0.0328 0.9993 -0.0161
vn -0.0172 0.9997 -0.0172
vn -0.0012 1.0000 -0.0012
vn -0.0737 0.9972 -0.0148
vn -0.0482 0.9987 -0.0161
vn -0.0826 0.9957 -0.0409
vn -0.0669 0.9975 -0.0221
vn 0.0138 0.9989 0.0441
vn 0.0259 0.9985 0.0489
vn 0.0320 0.9974 0.0647
vn -0.0446 0.9990 -0.0100
vn -0.0169 0.9995 0.0266
vn 0.0003 0.9993 0.0369
vn -0.0738 0.9973 0.0007
vn -0.0696 0.9975 0.0128
vn -0.0339 0.9993 0.0155
vn 0.0108 0.9971 0.0751
vn 0.0096 0.9963 0.0860
vn 0.0277 0.9962 0.0830
vn 0.0342 0.9978 0.0570
vn 0.0385 0.9962 0.0777
vn 0.0133 0.9995 0.0271
vn 0.0310 0.9986 0.0435
vn 0.0059 0.9985 0.0549
vn -0.0426 0.9989 -0.0214
vn -0.0445 0.9990 -0.0087
vn -0.0640 0.9979 -0.0097
vn -0.0102 0.9999 -0.0131
vn -0.0111 0.9999 -0.0081
vn -0.0226 0.9997 -0.0076
vn 0.0186 0.9996 -0.0216
vn 0.0029 0.9999 -0.0104
vn -0.0150 0.9996 -0.0251
vn -0.0571 0.9982 -0.0166
vn -0.0665 0.9977 0.0122
vn -0.0663 0.9978 0.0091
vn -0.0545 0.9985 -0.0006
vn -0.0556 0.9975 0.0439
vn -0.0624 0.9976 0.0285
vn -0.0143 0.9998 -0.0156
vn -0.0355 0.9993 -0.0104
vn -0.0425 0.9986 -0.0316
vn -0.0902 0.9956 -0.0263
vn -0.0778 0.9969 0.0127
vn -0.0598 0.9979 0.0234
vn -0.0767 0.9965 -0.0329
vn -0.0782 0.9969 0.0059
vn -0.0740 0.9973 0.0023
vn -0.0746 0.9971 -0.0138
vn -0.0724 0.9960 -0.0523
vn -0.0886 0.9947 -0.0521
vn 0.0191 0.9989 -0.0434
vn 0.0098 0.9987 -0.0496
vn -0.0184 0.9981 -0.0592
vn 0.0585 0.9976 -0.0378
vn 0.0628 0.9974 -0.0351
vn 0.0400 0.9984 -0.0395
vn 0.0425 0.9983 -0.0391
vn 0.0510 0.9979 -0.0399
vn 0.0450 0.9985 -0.0321
vn -0.0136 0.9990 -0.0419
vn -0.0204 0.9987 -0.0464
vn -0.0453 0.9975 -0.0542
vn 0.0419 0.9988 -0.0249
vn 0.0294 0.9993 -0.0220
vn 0.0034 0.9994 -0.0344
vn 0.0606 0.9977 -0.0315
vn 0.0529 0.9982 -0.0266
vn 0.0218 0.9991 -0.0355
vn -0.1038 0.9924 -0.0669
vn -0.1099 0.9926 -0.0507
vn -0.1029 0.9930 -0.0572
vn -0.0678 0.9964 -0.0509
vn -0.0686 0.9962 -0.0529
vn -0.0921 0.9946 -0.0486
vn -0.0525 0.9963 -0.0679
vn -0.0604 0.9963 -0.0619
vn -0.0830 0.9941 -0.0700
vn 0.0025 0.9933 0.1151
vn -0.0023 0.9952 0.0974
vn -0.0032 0.9952 0.0976
vn -0.0067 0.9914 0.1304
vn -0.0102 0.9949 0.1008
vn -0.0016 0.9951 0.0986
vn 0.0014 0.9864 0.1641
vn -0.0023 0.9884 0.1520
vn 0.0138 0.9892 0.1457
vn -0.0010 0.9992 0.0410
vn -0.0003 0.9999 0.0109
vn -0.0005 0.9999 0.0117
vn -0.0038 0.9993 0.0382
vn -0.0011 1.0000 0.0086
vn -0.0004 0.9999 0.0102
vn -0.0098 0.9966 0.0819
vn -0.0069 0.9980 0.0630
vn -0.0021 0.9979 0.0648
vn -0.0012 0.9990 0.0441
vn -0.0004 0.9999 0.0141
vn -0.0002 0.9999 0.0147
vn -0.0011 0.9991 0.0426
vn -0.0004 0.9999 0.0125
vn -0.0004 0.9999 0.0133
vn -0.0023 0.9964 0.0851
vn -0.0017 0.9978 0.0667
vn -0.0019 0.9977 0.0673
vn -0.0480 0.9946 0.0923
vn -0.0335 0.9978 0.0575
vn -0.0377 0.9967 0.0717
vn -0.0274 0.9977 0.0627
vn -0.0121 0.9997 0.0206
vn -0.0251 0.9989 0.0400
vn -0.0442 0.9911 0.1258
vn -0.0369 0.9943 0.1002
vn -0.0535 0.9927 0.1080
vn -0.0011 1.0000 0.0011
vn -0.0073 0.9996 0.0269
vn -0.0016 1.0000 0.0025
vn -0.0017 1.0000 0.0058
vn -0.0045 1.0000 0.0077
vn -0.0274 0.9983 0.0522
vn -0.0152 0.9994 0.0318
vn -0.0167 0.9989 0.0431
vn -0.0694 0.9929 0.0962
vn -0.0705 0.9923 0.1017
vn -0.0782 0.9920 0.0995
vn -0.0732 0.9934 0.0878
vn -0.0680 0.9923 0.1035
vn -0.0708 0.9921 0.1035
vn -0.0674 0.9951 0.0721
vn -0.0778 0.9931 0.0876
vn -0.0755 0.9933 0.0870
vn -0.0700 0.9863 0.1494
vn -0.0696 0.9866 0.1474
vn -0.0785 0.9856 0.1500
vn -0.0562 0.9880 0.1437
vn -0.0506 0.9889 0.1399
vn -0.0613 0.9875 0.1450
vn -0.0651 0.9902 0.1239
vn -0.0611 0.9886 0.1380
vn -0.0672 0.9878 0.1408
vn -0.0493 0.9856 0.1617
vn -0.0446 0.9849 0.1675
vn -0.0207 0.9854 0.1690
vn -0.0869 0.9845 0.1524
vn -0.0785 0.9846 0.1561
vn -0.0659 0.9844 0.1630
vn -0.0934 0.9880 0.1229
vn -0.0920 0.9856 0.1418
vn -0.0806 0.9862 0.1445
vn 0.0038 1.0000 0.0038
vn 0.0357 0.9989 0.0316
vn 0.0197 0.9996 0.0197
vn 0.0060 1.0000 0.0057
vn 0.0637 0.9971 0.0418
vn 0.0504 0.9980 0.0388
vn 0.0354 0.9991 0.0245
vn 0.0057 1.0000 0.0060
vn 0.0343 0.9946 0.0984
vn 0.0279 0.9955 0.0905
vn 0.0353 0.9959 0.0833
vn 0.0093 0.9943 0.1061
vn 0.0076 0.9951 0.0984
vn 0.0185 0.9952 0.0956
vn 0.0128 0.9941 0.1074
vn 0.0110 0.9940 0.1091
vn 0.0267 0.9940 0.1063
vn 0.0081 0.9993 0.0353
vn 0.0023 1.0000 0.0072
vn 0.0019 1.0000 0.0029
vn 0.0025 0.9990 0.0439
vn 0.0008 0.9999 0.0140
vn 0.0019 0.9999 0.0113
vn 0.0060 0.9963 0.0857
vn 0.0043 0.9977 0.0677
vn 0.0102 0.9978 0.0648
vn 0.0010 1.0000 0.0010
vn 0.0068 0.9998 0.0167
vn 0.0005 1.0000 0.0005
vn 0.0292 0.9977 0.0605
vn 0.0182 0.9990 0.0415
vn 0.0156 0.9995 0.0292
vn 0.0997 0.9895 0.1043
vn 0.1045 0.9912 0.0814
vn 0.1144 0.9901 0.0813
vn 0.0452 0.9954 0.0848
vn 0.0403 0.9945 0.0968
vn 0.0760 0.9930 0.0900
vn 0.0417 0.9946 0.0948
vn 0.0614 0.9933 0.0976
vn 0.0665 0.9927 0.1007
vn 0.0548 0.9940 0.0948
vn 0.0683 0.9939 0.0870
vn 0.0244 0.9924 0.1209
vn 0.0180 0.9936 0.1115
vn 0.0374 0.9939 0.1033
vn 0.0352 0.9927 0.1155
vn 0.0295 0.9919 0.1238
vn 0.0576 0.9917 0.1154
vn 0.0971 0.9938 0.0536
vn 0.0874 0.9943 0.0613
vn 0.0841 0.9951 0.0514
vn 0.0901 0.9934 0.0716
vn 0.0791 0.9937 0.0792
vn 0.0856 0.9938 0.0706
vn 0.1227 0.9900 0.0698
vn 0.1056 0.9918 0.0723
vn 0.1079 0.9926 0.0552
vn -0.0796 0.9968 -0.0000
vn -0.0725 0.9974 -0.0000
vn -0.0789 0.9969 0.0061
vn -0.0767 0.9970 0.0070
vn -0.0718 0.9974 0.0042
vn -0.0772 0.9970 0.0052
vn -0.0480 0.9988 0.0096
vn -0.0312 0.9995 0.0104
vn -0.0709 0.9975 0.0079
vn -0.0613 0.9981 0.0088
vn -0.0499 0.9988 0.0024
vn -0.0627 0.9980 0.0033
vn -0.0133 0.9999 0.0005
vn -0.0334 0.9994 0.0015
vn -0.0505 0.9987 0.0003
vn -0.0504 0.9987 0.0002
vn -0.0633 0.9980 0.0002
vn -0.0139 0.9999 0.0001
vn -0.0339 0.9994 0.0001
vn -0.0118 0.9999 -0.0014
vn -0.0135 0.9999 -0.0005
vn -0.0336 0.9994 -0.0014
vn -0.0041 1.0000 0.0051
vn -0.0019 1.0000 0.0020
vn -0.0064 1.0000 0.0064
vn -0.0061 1.0000 0.0067
vn -0.0052 1.0000 0.0041
vn -0.0067 1.0000 0.0061
vn -0.0020 1.0000 0.0019
vn 0.0144 0.9985 0.0535
vn 0.0101 0.9991 0.0415
vn 0.0123 0.9993 0.0364
vn 0.0059 0.9979 0.0650
vn 0.0025 0.9989 0.0469
vn 0.0067 0.9990 0.0450
vn 0.0273 0.9844 0.1737
vn 0.0152 0.9909 0.1337
vn 0.0321 0.9934 0.1105
vn 0.0015 0.9995 0.0312
vn 0.0005 0.9999 0.0116
vn 0.0013 1.0000 0.0098
vn 0.0055 0.9999 0.0137
vn 0.0008 1.0000 0.0008
vn -0.0145 0.9984 0.0550
vn -0.0066 0.9989 0.0463
vn -0.0182 0.9988 0.0462
vn -0.0154 0.9979 0.0631
vn -0.0185 0.9982 0.0565
vn -0.0242 0.9980 0.0587
vn -0.0019 1.0000 0.0044
vn -0.0014 0.9995 0.0325
vn -0.0005 0.9999 0.0132
vn 0.0001 0.9999 0.0135
vn -0.0047 0.9991 0.0423
vn -0.0224 0.9986 0.0469
vn -0.0845 0.9962 0.0196
vn -0.0272 0.9986 0.0453
vn -0.0246 0.9980 0.0574
vn -0.0084 0.9982 0.0588
vn -0.0207 0.9996 0.0207
vn -0.0103 0.9995 0.0307
vn -0.0454 0.9964 0.0713
vn -0.0330 0.9966 0.0752
vn -0.0733 0.9924 0.0989
vn -0.0169 0.9972 0.0730
vn -0.0143 0.9973 0.0715
vn -0.0299 0.9971 0.0705
vn -0.0220 0.9976 0.0660
vn -0.0195 0.9973 0.0712
vn -0.0130 0.9977 0.0667
vn -0.0375 0.9927 0.1144
vn -0.0268 0.9854 0.1681
vn 0.0026 0.9850 0.1725
vn -0.1145 0.9889 0.0951
vn -0.0915 0.9875 0.1287
vn -0.0735 0.9855 0.1530
vn -0.1200 0.9921 0.0351
vn -0.1227 0.9900 0.0691
vn -0.1017 0.9924 0.0693
vn -0.0231 0.9996 -0.0183
vn -0.0374 0.9990 -0.0256
vn -0.0513 0.9979 -0.0393
vn -0.0026 1.0000 -0.0025
vn -0.0191 0.9997 -0.0119
vn -0.0020 1.0000 -0.0021
vn -0.0091 0.9999 -0.0147
vn -0.0186 0.9996 -0.0218
vn -0.0006 1.0000 -0.0006
vn -0.0043 1.0000 -0.0054
vn -0.0389 0.9982 -0.0448
vn -0.0479 0.9977 -0.0479
vn -0.0478 0.9973 -0.0564
vn -0.0280 0.9993 -0.0247
vn -0.0381 0.9988 -0.0292
vn -0.0448 0.9982 -0.0388
vn -0.0063 1.0000 -0.0070
vn -0.0171 0.9997 -0.0171
vn -0.0247 0.9993 -0.0280
vn -0.0662 0.9963 -0.0546
vn -0.0605 0.9964 -0.0592
vn -0.0686 0.9963 -0.0522
vn -0.0397 0.9974 -0.0593
vn -0.0445 0.9970 -0.0640
vn -0.0483 0.9967 -0.0652
vn -0.0425 0.9984 -0.0379
vn -0.0399 0.9979 -0.0504
vn -0.0572 0.9973 -0.0460
vn -0.0054 1.0000 -0.0043
vn -0.0146 0.9999 -0.0091
vn -0.0281 0.9994 -0.0192
vn -0.0021 1.0000 -0.0020
vn 0.1317 0.9898 -0.0542
vn 0.1401 0.9898 -0.0275
vn 0.1782 0.9837 -0.0220
vn -0.0106 0.9981 -0.0604
vn -0.0198 0.9994 -0.0271
vn 0.0468 0.9983 -0.0351
vn -0.0085 0.9827 -0.1850
vn -0.0146 0.9896 -0.1434
vn 0.0460 0.9896 -0.1362
vn 0.1305 0.9902 -0.0501
vn 0.1104 0.9937 -0.0216
vn 0.1770 0.9834 -0.0391
vn -0.0368 0.9979 -0.0542
vn -0.0348 0.9993 0.0111
vn 0.0302 0.9995 0.0049
vn -0.0291 0.9987 -0.0415
vn -0.0294 0.9990 -0.0330
vn 0.0454 0.9978 -0.0474
vn 0.1407 0.9890 -0.0448
vn 0.1450 0.9885 -0.0425
vn 0.0616 0.9972 -0.0415
vn 0.2099 0.9760 -0.0576
vn 0.2100 0.9768 -0.0408
vn 0.1954 0.9798 -0.0419
vn 0.1968 0.9798 -0.0353
vn 0.2037 0.9778 -0.0497
vn 0.1852 0.9817 -0.0434
vn -0.2613 0.9653 0.0029
vn -0.2617 0.9651 0.0068
vn -0.2753 0.9614 0.0004
vn -0.1484 0.9889 0.0004
vn -0.1442 0.9895 -0.0060
vn -0.2175 0.9760 0.0026
vn -0.1250 0.9922 -0.0033
vn -0.1419 0.9899 0.0030
vn -0.2157 0.9764 -0.0113
vn -0.2646 0.9638 -0.0325
vn -0.2555 0.9667 -0.0109
vn -0.2701 0.9628 0.0048
vn -0.1325 0.9904 -0.0402
vn -0.1206 0.9918 -0.0418
vn -0.2035 0.9787 -0.0269
vn -0.1399 0.9900 -0.0170
vn -0.1386 0.9897 -0.0367
vn -0.2193 0.9752 -0.0306
vn -0.1262 0.9916 -0.0298
vn -0.1289 0.9917 0.0043
vn -0.0618 0.9981 0.0045
vn -0.2694 0.9624 -0.0336
vn -0.2570 0.9663 0.0142
vn -0.2142 0.9767 0.0117
vn -0.2593 0.9657 -0.0123
vn -0.2647 0.9640 -0.0257
vn -0.2177 0.9754 -0.0358
vn -0.0941 0.9938 -0.0599
vn -0.1005 0.9939 -0.0457
vn -0.0925 0.9944 -0.0515
vn -0.0932 0.9947 -0.0436
vn -0.1001 0.9944 -0.0334
vn -0.1030 0.9939 -0.0397
vn -0.0731 0.9959 -0.0537
vn -0.0841 0.9952 -0.0505
vn -0.0876 0.9943 -0.0607
vn -0.1497 0.9878 -0.0438
vn -0.1983 0.9775 -0.0717
vn -0.2106 0.9709 -0.1141
vn -0.1065 0.9943 -0.0000
vn -0.1107 0.9938 -0.0038
vn -0.1544 0.9876 -0.0287
vn -0.1045 0.9943 -0.0209
vn -0.1063 0.9943 -0.0071
vn -0.1088 0.9940 -0.0084
vn -0.0622 0.9821 -0.1775
vn -0.0715 0.9766 -0.2030
vn -0.0196 0.9780 -0.2076
vn -0.1551 0.9793 -0.1300
vn -0.1917 0.9694 -0.1532
vn -0.1435 0.9722 -0.1848
vn -0.0889 0.9951 -0.0427
vn -0.1165 0.9897 -0.0838
vn -0.0927 0.9892 -0.1136
vn 0.0484 0.9950 -0.0871
vn 0.0530 0.9958 -0.0742
vn 0.0679 0.9954 -0.0679
vn 0.0107 0.9953 -0.0965
vn 0.0119 0.9965 -0.0831
vn 0.0341 0.9963 -0.0795
vn 0.0083 0.9941 -0.1079
vn 0.0096 0.9944 -0.1049
vn 0.0276 0.9945 -0.1011
vn 0.0130 0.9978 -0.0646
vn 0.0139 0.9990 -0.0416
vn 0.0391 0.9985 -0.0391
vn 0.0925 0.9952 -0.0326
vn 0.0926 0.9954 -0.0253
vn -0.0025 1.0000 -0.0058
vn -0.0082 0.9993 -0.0375
vn -0.0082 0.9997 -0.0209
vn -0.0350 0.9958 -0.0849
vn -0.0000 0.9943 -0.1067
vn -0.0171 0.9952 -0.0967
vn -0.0071 0.9943 -0.1065
vn -0.0093 0.9978 -0.0652
vn -0.0132 0.9964 -0.0835
vn -0.0045 0.9963 -0.0856
vn -0.0065 0.9988 -0.0495
vn -0.0109 0.9970 -0.0763
vn -0.0038 0.9968 -0.0793
vn -0.0108 0.9993 -0.0352
vn -0.0206 0.9979 -0.0617
vn -0.0168 0.9974 -0.0704
vn -0.0029 1.0000 -0.0068
vn -0.0030 0.9999 -0.0127
vn 0.0611 0.9959 -0.0672
vn 0.0614 0.9948 -0.0811
vn 0.0781 0.9936 -0.0816
vn 0.0145 0.9975 -0.0685
vn 0.0147 0.9967 -0.0802
vn 0.0403 0.9959 -0.0805
vn 0.0404 0.9992 -0.0003
vn 0.0277 0.9990 -0.0356
vn 0.0454 0.9974 -0.0555
vn 0.0067 1.0000 -0.0063
vn 0.0172 0.9998 -0.0143
vn 0.0047 1.0000 -0.0053
vn 0.0231 0.9994 -0.0276
vn 0.0331 0.9988 -0.0350
vn 0.0268 0.9993 -0.0249
vn 0.0036 1.0000 -0.0044
vn 0.0126 0.9998 -0.0168
vn 0.0057 1.0000 -0.0065
vn -0.0063 0.9999 -0.0121
vn -0.0196 0.9991 -0.0372
vn -0.0217 0.9985 -0.0505
vn -0.0063 0.9999 -0.0080
vn -0.0138 0.9997 -0.0222
vn 0.0253 0.9996 -0.0124
vn 0.0462 0.9984 -0.0336
vn 0.0135 0.9998 -0.0118
vn 0.0948 0.9953 -0.0219
vn 0.0992 0.9930 -0.0639
vn 0.0966 0.9897 -0.1054
vn 0.1055 0.9879 -0.1134
vn 0.0892 0.9938 -0.0659
vn 0.0901 0.9926 -0.0820
vn 0.0903 0.9918 -0.0908
vn 0.0831 0.9954 -0.0473
vn 0.0870 0.9947 -0.0543
vn 0.0938 0.9943 -0.0512
vn 0.0751 0.9962 -0.0449
vn 0.0916 0.9927 -0.0785
vn 0.0734 0.9957 -0.0570
vn 0.0980 0.9936 -0.0568
vn 0.1062 0.9881 -0.1111
vn 0.1014 0.9900 -0.0978
vn 0.0829 0.9963 -0.0246
vn 0.0908 0.9953 -0.0347
vn 0.0799 0.9965 -0.0242
vn 0.0927 0.9955 -0.0186
vn 0.0276 0.9995 -0.0135
vn 0.0025 0.9999 -0.0109
vn 0.0081 0.9993 -0.0371
vn 0.0091 0.9995 -0.0299
vn 0.0007 0.9998 -0.0176
vn 0.0020 0.9990 -0.0446
vn 0.0055 0.9991 -0.0421
vn 0.0263 0.9957 -0.0891
vn 0.0322 0.9948 -0.0963
vn 0.0414 0.9952 -0.0886
vn 0.0058 0.9952 -0.0980
vn 0.0071 0.9944 -0.1056
vn 0.0205 0.9946 -0.1021
vn 0.0032 0.9977 -0.0673
vn 0.0045 0.9964 -0.0852
vn 0.0130 0.9965 -0.0821
vn 0.0375 0.9981 -0.0490
vn 0.0494 0.9971 -0.0570
vn 0.0446 0.9980 -0.0446
vn 0.0382 0.9967 -0.0720
vn 0.0476 0.9957 -0.0793
vn 0.0504 0.9964 -0.0686
vn 0.0183 0.9989 -0.0426
vn 0.0283 0.9978 -0.0597
vn 0.0282 0.9984 -0.0487
vn 0.0530 0.9860 -0.1580
vn 0.0786 0.9800 -0.1826
vn 0.1068 0.9830 -0.1492
vn -0.0010 0.9833 -0.1822
vn -0.0012 0.9783 -0.2074
vn 0.0289 0.9789 -0.2021
vn -0.0149 0.9989 -0.0438
vn -0.0083 0.9919 -0.1271
vn 0.0105 0.9934 -0.1145
vn 0.0029 1.0000 -0.0029
vn 0.0239 0.9996 -0.0180
vn 0.0610 0.9951 -0.0782
vn 0.1071 0.9885 -0.1071
vn 0.0773 0.9952 -0.0603
vn 0.0181 0.9995 -0.0240
vn -0.0109 0.9999 -0.0025
vn -0.0859 0.9963 -0.0000
vn -0.0453 0.9990 -0.0000
vn -0.0423 0.9991 -0.0055
vn -0.0447 0.9990 -0.0020
vn -0.0674 0.9977 -0.0032
vn 0.0186 0.9998 0.0117
vn 0.0634 0.9976 0.0283
vn 0.0421 0.9969 0.0665
vn -0.0298 0.9978 -0.0591
vn -0.0080 0.9994 -0.0324
vn 0.0454 0.9989 -0.0066
vn -0.0589 0.9978 0.0307
vn -0.0466 0.9984 -0.0318
vn -0.0288 0.9995 -0.0083
vn 0.1042 0.9871 0.1215
vn 0.0895 0.9858 0.1423
vn 0.0555 0.9909 0.1222
vn 0.0392 0.9918 0.1216
vn 0.0375 0.9850 0.1683
vn 0.0847 0.9839 0.1575
vn 0.0131 0.9992 0.0387
vn 0.0294 0.9960 0.0840
vn 0.0875 0.9918 0.0934
vn -0.0281 0.9912 0.1290
vn -0.0177 0.9924 0.1219
vn -0.0364 0.9905 0.1323
vn 0.0121 0.9932 0.1155
vn 0.0082 0.9939 0.1098
vn 0.0014 0.9937 0.1119
vn 0.0096 0.9944 0.1051
vn 0.0119 0.9937 0.1112
vn -0.0166 0.9928 0.1184
vn -0.0673 0.9971 0.0363
vn -0.0608 0.9973 0.0421
vn -0.0591 0.9971 0.0484
vn -0.0604 0.9979 0.0249
vn -0.0536 0.9982 0.0284
vn -0.0590 0.9976 0.0354
vn -0.0697 0.9975 0.0123
vn -0.0658 0.9976 0.0194
vn -0.0710 0.9972 0.0237
vn -0.0399 0.9984 0.0399
vn -0.0370 0.9984 0.0426
vn -0.0271 0.9993 0.0239
vn -0.0254 0.9994 0.0254
vn -0.0457 0.9985 0.0296
vn -0.0368 0.9989 0.0282
vn -0.0428 0.9984 0.0371
vn -0.0354 0.9972 0.0656
vn -0.0228 0.9974 0.0684
vn -0.0450 0.9976 0.0532
vn -0.0373 0.9980 0.0508
vn -0.0348 0.9977 0.0579
vn -0.0535 0.9971 0.0535
vn -0.0480 0.9971 0.0586
vn -0.0700 0.9968 -0.0377
vn -0.0749 0.9968 -0.0288
vn -0.0729 0.9968 -0.0331
vn -0.0622 0.9977 -0.0256
vn -0.0673 0.9975 -0.0198
vn -0.0730 0.9970 -0.0243
vn -0.0474 0.9984 -0.0307
vn -0.0555 0.9980 -0.0294
vn -0.0614 0.9974 -0.0369
vn -0.0796 0.9968 0.0005
vn -0.0796 0.9968 0.0002
vn -0.0775 0.9970 0.0002
vn -0.0725 0.9974 0.0005
vn -0.0725 0.9974 0.0002
vn -0.0779 0.9970 0.0002
vn -0.0707 0.9974 -0.0124
vn -0.0722 0.9974 -0.0042
vn -0.0777 0.9970 -0.0051
vn -0.0486 0.9988 0.0003
vn -0.0487 0.9988 0.0001
vn -0.0318 0.9995 0.0001
vn -0.0716 0.9974 0.0005
vn -0.0716 0.9974 0.0002
vn -0.0620 0.9981 0.0002
vn -0.0702 0.9973 -0.0233
vn -0.0714 0.9974 -0.0078
vn -0.0618 0.9981 -0.0087
vn 0.0846 0.9963 0.0154
vn 0.0782 0.9967 0.0223
vn 0.0582 0.9982 0.0151
vn 0.1141 0.9930 0.0300
vn 0.1019 0.9941 0.0369
vn 0.0924 0.9953 0.0293
vn 0.1371 0.9903 0.0221
vn 0.1295 0.9913 0.0225
vn 0.1055 0.9944 0.0117
vn 0.0511 0.9985 0.0199
vn 0.0422 0.9989 0.0186
vn 0.0169 0.9998 0.0069
vn 0.0860 0.9956 0.0365
vn 0.0757 0.9963 0.0409
vn 0.0618 0.9976 0.0299
vn 0.0926 0.9947 0.0451
vn 0.0896 0.9953 0.0355
vn 0.0778 0.9963 0.0350
vn 0.0044 1.0000 0.0033
vn 0.0238 0.9997 0.0077
vn 0.0133 0.9999 0.0058
vn 0.0001 1.0000 0.0001
vn 0.0460 0.9940 0.0996
vn 0.0364 0.9942 0.1012
vn -0.0146 0.9966 0.0809
vn -0.0041 0.9953 0.0963
vn 0.0234 0.9946 0.1011
vn -0.0131 0.9982 0.0592
vn -0.0160 0.9971 0.0744
vn 0.0266 0.9969 0.0736
vn 0.0293 0.9872 0.1570
vn 0.0265 0.9871 0.1579
vn 0.0235 0.9880 0.1529
vn 0.0067 0.9869 0.1613
vn 0.0044 0.9859 0.1672
vn 0.0292 0.9864 0.1619
vn 0.0063 0.9921 0.1252
vn 0.0085 0.9892 0.1462
vn 0.0302 0.9885 0.1479
vn 0.0225 0.9908 0.1338
vn 0.0128 0.9915 0.1295
vn 0.0084 0.9927 0.1200
vn 0.0269 0.9888 0.1467
vn 0.0216 0.9892 0.1452
vn 0.0153 0.9903 0.1382
vn 0.0355 0.9914 0.1256
vn 0.0299 0.9896 0.1405
vn 0.0329 0.9903 0.1349
vn -0.0245 0.9922 -0.1223
vn -0.0289 0.9917 -0.1251
vn -0.0099 0.9917 -0.1283
vn -0.0502 0.9930 -0.1073
vn -0.0595 0.9921 -0.1104
vn -0.0459 0.9918 -0.1191
vn -0.0306 0.9961 -0.0828
vn -0.0405 0.9944 -0.0981
vn -0.0315 0.9938 -0.1069
vn -0.0411 0.9946 -0.0958
vn -0.0445 0.9963 -0.0740
vn -0.0154 0.9969 -0.0767
vn -0.0834 0.9930 -0.0834
vn -0.0889 0.9940 -0.0636
vn -0.0693 0.9952 -0.0693
vn -0.0684 0.9919 -0.1073
vn -0.0764 0.9922 -0.0982
vn -0.0590 0.9926 -0.1060
vn 0.0283 0.9932 -0.1132
vn 0.0152 0.9956 -0.0924
vn 0.0421 0.9949 -0.0912
vn -0.0000 0.9950 -0.0994
vn -0.0000 0.9970 -0.0774
vn 0.0074 0.9963 -0.0851
vn -0.0000 0.9921 -0.1255
vn -0.0000 0.9933 -0.1156
vn 0.0147 0.9932 -0.1154
vn 0.0432 0.9985 -0.0341
vn 0.0599 0.9974 -0.0411
vn 0.0406 0.9989 -0.0248
vn 0.1058 0.9921 -0.0669
vn 0.1220 0.9893 -0.0800
vn 0.0922 0.9939 -0.0608
vn 0.0690 0.9963 -0.0513
vn 0.0890 0.9941 -0.0622
vn 0.0551 0.9976 -0.0427
vn 0.1066 0.9937 -0.0333
vn 0.1151 0.9931 -0.0233
vn 0.0817 0.9965 -0.0170
vn 0.1679 0.9841 -0.0574
vn 0.1751 0.9838 -0.0378
vn 0.1506 0.9881 -0.0304
vn 0.1395 0.9867 -0.0830
vn 0.1559 0.9851 -0.0730
vn 0.1300 0.9899 -0.0564
vn 0.0017 1.0000 -0.0012
vn 0.0043 1.0000 -0.0014
vn 0.0529 0.9985 -0.0148
vn 0.0597 0.9982 -0.0113
vn 0.0323 0.9995 -0.0056
vn 0.0317 0.9994 -0.0147
vn 0.0435 0.9989 -0.0162
vn 0.0161 0.9999 -0.0056
vn 0.0416 0.9922 0.1174
vn 0.0133 0.9950 0.0992
vn 0.0623 0.9954 0.0727
vn -0.0433 0.9894 0.1385
vn -0.0566 0.9879 0.1447
vn -0.0459 0.9912 0.1241
vn -0.0387 0.9967 0.0712
vn -0.0442 0.9935 0.1045
vn -0.0184 0.9950 0.0985
vn -0.0497 0.9985 0.0217
vn -0.0501 0.9976 0.0471
vn -0.0244 0.9991 0.0337
vn -0.0918 0.9952 0.0335
vn -0.0949 0.9945 0.0432
vn -0.0761 0.9959 0.0481
vn -0.0792 0.9917 0.1014
vn -0.0882 0.9949 0.0481
vn -0.0677 0.9966 0.0474
vn 0.0585 0.9982 -0.0098
vn 0.0580 0.9982 0.0120
vn 0.0499 0.9988 -0.0020
vn 0.0118 0.9997 0.0211
vn 0.0010 0.9998 0.0177
vn 0.0264 0.9996 0.0123
vn 0.0492 0.9988 0.0055
vn 0.0164 0.9998 -0.0136
vn 0.0509 0.9986 -0.0114
vn -0.0177 0.9984 -0.0530
vn -0.0094 0.9993 -0.0362
vn -0.0258 0.9975 -0.0655
vn -0.0038 0.9999 -0.0120
vn 0.0684 0.9970 -0.0350
vn 0.0640 0.9978 -0.0157
vn 0.0726 0.9971 -0.0217
vn -0.0090 0.9963 0.0851
vn -0.0343 0.9991 0.0268
vn -0.0058 1.0000 -0.0018
vn 0.0830 0.9961 0.0288
vn 0.0649 0.9944 0.0829
vn 0.1397 0.9881 0.0650
vn 0.0002 1.0000 -0.0002
vn 0.0774 0.9961 -0.0431
vn 0.0936 0.9948 -0.0402
vn 0.0659 0.9975 -0.0270
vn 0.0101 0.9999 -0.0102
vn 0.0266 0.9994 -0.0240
vn 0.0096 0.9999 -0.0081
vn 0.0413 0.9913 -0.1252
vn 0.0412 0.9925 -0.1151
vn 0.0579 0.9910 -0.1210
vn -0.0332 0.9920 -0.1216
vn -0.0373 0.9930 -0.1118
vn -0.0128 0.9933 -0.1148
vn -0.0155 0.9951 -0.0976
vn -0.0200 0.9934 -0.1131
vn -0.0068 0.9932 -0.1162
vn 0.0310 0.9925 0.1180
vn 0.0279 0.9911 0.1300
vn 0.0222 0.9915 0.1279
vn 0.0421 0.9910 0.1273
vn 0.0347 0.9884 0.1480
vn 0.0387 0.9890 0.1431
vn 0.0695 0.9972 0.0270
vn 0.0593 0.9978 0.0284
vn 0.0387 0.9991 0.0172
vn 0.0876 0.9960 0.0196
vn 0.0885 0.9961 0.0071
vn 0.0682 0.9977 0.0049
vn -0.0472 0.9985 -0.0283
vn -0.0484 0.9988 -0.0095
vn -0.0331 0.9994 -0.0088
vn -0.0780 0.9968 -0.0179
vn -0.0794 0.9968 -0.0060
vn -0.0773 0.9970 -0.0069
vn -0.0563 0.9973 -0.0477
vn -0.0638 0.9970 -0.0441
vn -0.0624 0.9967 -0.0511
vn -0.0460 0.9972 0.0591
vn -0.0408 0.9971 0.0640
vn -0.0311 0.9972 0.0683
vn -0.0535 0.9975 0.0453
vn -0.0492 0.9976 0.0492
vn -0.0765 0.9969 0.0177
vn -0.0726 0.9970 0.0280
vn -0.0704 0.9970 0.0321
vn -0.0433 0.9923 0.1159
vn -0.0366 0.9913 0.1266
vn -0.0512 0.9898 0.1332
vn 0.0914 0.9930 0.0750
vn 0.1045 0.9893 0.1019
vn 0.0774 0.9913 0.1067
vn -0.0469 0.9978 0.0468
vn -0.0266 0.9993 0.0278
vn -0.0302 0.9982 0.0521
vn -0.0833 0.9964 -0.0132
vn -0.0855 0.9963 -0.0045
vn -0.0985 0.9951 -0.0058
vn -0.0176 0.9998 -0.0007
vn -0.0017 1.0000 -0.0015
vn -0.0009 0.9997 -0.0233
vn 0.0266 0.9950 -0.0963
vn 0.0288 0.9976 -0.0626
vn 0.0117 0.9998 -0.0188
vn 0.0248 0.9990 -0.0362
vn 0.0179 0.9996 -0.0226
vn 0.0142 0.9981 -0.0593
vn 0.0202 0.9968 -0.0767
vn 0.0255 0.9973 -0.0692
vn 0.0636 0.9979 -0.0136
vn 0.0411 0.9991 -0.0061
vn 0.0915 0.9951 -0.0364
vn 0.0961 0.9942 -0.0480
vn 0.0961 0.9944 -0.0429
vn -0.0018 1.0000 -0.0020
vn 0.0008 1.0000 -0.0008
vn 0.0675 0.9975 -0.0228
vn 0.0598 0.9964 -0.0600
vn 0.0758 0.9955 -0.0572
vn -0.0022 0.9998 -0.0178
vn 0.0139 0.9997 -0.0208
vn -0.0000 0.9963 -0.0861
vn 0.0569 0.9968 -0.0569
vn 0.0379 0.9944 -0.0984
vn 0.0434 0.9945 -0.0953
vn 0.0559 0.9946 -0.0878
vn -0.0438 0.9967 -0.0680
vn -0.0528 0.9902 -0.1295
vn -0.0175 0.9908 -0.1342
vn -0.1045 0.9941 -0.0285
vn -0.1145 0.9933 -0.0175
vn -0.1209 0.9916 -0.0458
vn -0.0859 0.9938 -0.0703
vn -0.1183 0.9926 -0.0262
vn -0.1266 0.9913 -0.0374
vn -0.0514 0.9981 -0.0326
vn -0.2669 0.9635 -0.0200
vn -0.2643 0.9642 -0.0222
vn -0.2794 0.9600 -0.0187
vn -0.2353 0.9700 -0.0616
vn -0.2564 0.9662 -0.0281
vn -0.2641 0.9634 -0.0469
vn 0.1219 0.9923 -0.0216
vn 0.1316 0.9907 -0.0359
vn 0.0450 0.9986 -0.0271
vn 0.1383 0.9897 -0.0372
vn 0.1331 0.9894 -0.0576
vn 0.1885 0.9805 -0.0550
vn 0.1016 0.9804 -0.1689
vn 0.1196 0.9856 -0.1196
vn 0.1616 0.9820 -0.0972
vn -0.0070 1.0000 -0.0063
vn -0.0750 0.9968 -0.0294
vn -0.0701 0.9967 -0.0408
vn -0.0788 0.9961 -0.0384
vn -0.0193 0.9994 -0.0281
vn -0.0292 0.9988 -0.0382
vn -0.0309 0.9984 -0.0475
vn -0.0153 0.9999 0.0018
vn -0.0090 0.9999 -0.0081
vn -0.0441 0.9989 0.0180
vn -0.0428 0.9967 0.0686
vn -0.0043 0.9973 0.0733
vn -0.0449 0.9972 0.0591
vn -0.0526 0.9966 0.0635
vn -0.1064 0.9920 0.0673
vn -0.0000 0.9995 0.0310
vn -0.0122 0.9997 0.0191
vn 0.0008 0.9995 0.0326
vn 0.0003 0.9999 0.0132
vn 0.0004 0.9999 0.0125
vn -0.0060 0.9996 0.0273
vn -0.0019 1.0000 0.0082
vn -0.0014 0.9999 0.0114
vn -0.0232 0.9974 0.0688
vn -0.0140 0.9975 0.0688
vn 0.0014 1.0000 0.0014
vn 0.0057 0.9997 0.0258
vn 0.0018 1.0000 0.0067
vn 0.0017 1.0000 0.0033
vn 0.0636 0.9900 0.1255
vn 0.0324 0.9964 0.0783
vn 0.0192 0.9977 0.0645
vn -0.0237 0.9996 0.0125
vn -0.0142 0.9999 0.0089
vn -0.0273 0.9995 0.0187
vn -0.0238 0.9994 0.0270
vn -0.0135 0.9998 0.0171
vn -0.0186 0.9995 0.0271
vn -0.0484 0.9988 -0.0069
vn -0.0501 0.9987 -0.0023
vn -0.0630 0.9980 -0.0033
vn 0.1116 0.9924 0.0514
vn 0.1062 0.9934 0.0431
vn 0.1016 0.9941 0.0369
vn 0.0934 0.9909 0.0969
vn 0.0805 0.9914 0.1036
vn 0.0968 0.9913 0.0891
vn 0.1059 0.9920 0.0691
vn 0.0972 0.9911 0.0907
vn 0.1253 0.9887 0.0818
vn 0.0243 0.9991 0.0352
vn 0.0096 0.9998 0.0150
vn 0.0215 0.9968 0.0776
vn 0.0149 0.9981 0.0594
vn 0.0178 0.9985 0.0516
vn 0.0470 0.9939 0.0997
vn 0.0406 0.9940 0.1014
vn 0.0520 0.9942 0.0945
vn 0.0295 0.9994 0.0158
vn 0.0151 0.9998 0.0096
vn -0.0578 0.9906 0.1242
vn -0.0539 0.9876 0.1472
vn -0.0239 0.9887 0.1479
vn -0.0710 0.9896 0.1253
vn -0.0706 0.9874 0.1417
vn -0.0795 0.9868 0.1413
vn -0.0664 0.9961 0.0586
vn -0.0681 0.9942 0.0836
vn -0.0707 0.9944 0.0789
vn -0.0231 0.9972 0.0715
vn -0.0153 0.9985 0.0521
vn -0.0119 0.9982 0.0588
vn -0.0180 0.9995 0.0247
vn -0.0051 1.0000 0.0060
vn -0.0105 0.9998 0.0183
vn -0.0681 0.9884 0.1360
vn -0.0609 0.9912 0.1173
vn -0.0610 0.9898 0.1286
vn -0.0026 0.9963 0.0861
vn -0.0020 0.9977 0.0679
vn -0.0008 0.9977 0.0684
vn -0.0021 0.9965 0.0841
vn -0.0016 0.9979 0.0654
vn -0.0021 0.9978 0.0661
vn 0.0214 0.9882 0.1514
vn 0.0124 0.9905 0.1369
vn 0.0066 0.9918 0.1279
vn -0.0857 0.9926 -0.0858
vn -0.0957 0.9923 -0.0790
vn -0.0889 0.9921 -0.0889
vn 0.0006 0.9988 -0.0496
vn -0.0083 0.9990 -0.0442
vn -0.0355 0.9980 -0.0532
vn 0.0263 0.9994 -0.0212
vn 0.0269 0.9991 -0.0318
vn -0.0013 0.9992 -0.0396
vn -0.1052 0.9945 0.0009
vn -0.0984 0.9944 -0.0388
vn -0.0752 0.9971 -0.0098
vn -0.0437 0.9985 -0.0331
vn -0.0451 0.9982 -0.0388
vn -0.0600 0.9972 -0.0457
vn -0.0304 0.9987 -0.0410
vn -0.0378 0.9988 -0.0320
vn -0.0583 0.9976 -0.0386
vn 0.0132 0.9991 0.0395
vn 0.0120 0.9981 0.0597
vn -0.0172 0.9997 0.0149
vn -0.0039 0.9996 0.0277
vn -0.0471 0.9978 -0.0471
vn 0.1615 0.9792 -0.1232
vn 0.1757 0.9787 -0.1062
vn 0.1710 0.9812 -0.0896
vn 0.0994 0.9863 -0.1317
vn 0.0971 0.9821 -0.1614
vn 0.1297 0.9800 -0.1508
vn 0.0957 0.9848 -0.1447
vn 0.1003 0.9846 -0.1430
vn 0.1169 0.9838 -0.1361
vn 0.1916 0.9814 0.0125
vn 0.1836 0.9822 0.0404
vn 0.1809 0.9829 0.0342
vn 0.1010 0.9945 0.0273
vn 0.0958 0.9935 0.0610
vn 0.1325 0.9896 0.0565
vn 0.1044 0.9934 -0.0479
vn 0.1052 0.9943 -0.0160
vn 0.1436 0.9896 -0.0130
vn 0.0081 1.0000 -0.0001
vn 0.0074 1.0000 0.0008
vn 0.1173 0.9931 0.0008
vn 0.1112 0.9937 0.0129
vn 0.0853 0.9963 0.0079
vn 0.1191 0.9928 -0.0121
vn 0.1199 0.9928 -0.0007
vn 0.0866 0.9962 -0.0005
vn -0.0907 0.9885 0.1211
vn -0.0868 0.9947 0.0556
vn -0.0817 0.9953 0.0516
vn -0.0733 0.9973 -0.0040
vn -0.0600 0.9981 0.0167
vn -0.0723 0.9970 0.0264
vn -0.2285 0.9732 0.0246
vn -0.1944 0.9803 0.0347
vn -0.2181 0.9734 0.0708
vn -0.0634 0.9977 0.0249
vn -0.0784 0.9966 0.0257
vn -0.0177 0.9998 0.0024
vn -0.0242 0.9993 0.0273
vn -0.0317 0.9994 0.0160
vn -0.0689 0.9971 0.0318
vn -0.0738 0.9970 0.0237
vn -0.0548 0.9981 0.0271
vn -0.0570 0.9978 0.0349
vn -0.0571 0.9972 0.0477
vn -0.0344 0.9983 0.0468
vn -0.0393 0.9979 -0.0513
vn -0.0526 0.9968 -0.0607
vn -0.0537 0.9959 -0.0732
vn -0.0025 1.0000 -0.0026
vn -0.0189 0.9951 -0.0970
vn -0.0451 0.9948 -0.0910
vn 0.0187 0.9998 -0.0116
vn 0.0309 0.9994 -0.0162
vn 0.0103 0.9999 -0.0054
vn 0.0418 0.9991 0.0095
vn 0.0236 0.9997 0.0097
vn 0.0230 0.9997 0.0040
vn -0.1189 0.9889 0.0888
vn -0.1180 0.9875 0.1040
vn -0.0678 0.9926 0.1008
vn 0.0065 1.0000 -0.0009
vn 0.0075 1.0000 -0.0000
vn 0.1952 0.9804 -0.0275
vn 0.1955 0.9807 -0.0050
vn 0.1923 0.9813 -0.0032
vn 0.1102 0.9897 -0.0919
vn 0.1263 0.9872 -0.0978
vn 0.1125 0.9904 -0.0808
vn 0.0152 0.9986 -0.0499
vn 0.0149 0.9997 -0.0176
vn 0.0409 0.9990 -0.0175
vn -0.1056 0.9930 -0.0532
vn -0.1013 0.9932 -0.0573
vn -0.0950 0.9939 -0.0568
vn -0.0338 0.9977 -0.0582
vn -0.0477 0.9961 -0.0737
vn -0.0461 0.9952 -0.0869
vn 0.0020 0.9931 0.1175
vn -0.0033 0.9939 0.1099
vn -0.0014 0.9939 0.1099
vn -0.0401 0.9856 0.1645
vn -0.0360 0.9877 0.1525
vn -0.0195 0.9879 0.1541
vn -0.0598 0.9970 0.0484
vn -0.0567 0.9965 0.0615
vn -0.0397 0.9969 0.0682
vn 0.0764 0.9949 0.0651
vn 0.0646 0.9958 0.0646
vn 0.0600 0.9968 0.0522
vn 0.1687 0.9852 0.0306
vn 0.1564 0.9865 0.0491
vn 0.1480 0.9883 0.0363
vn -0.0243 0.9996 -0.0127
vn -0.0326 0.9994 -0.0140
vn -0.0458 0.9987 -0.0217
vn -0.0479 0.9988 0.0069
vn -0.0442 0.9990 0.0105
vn -0.0568 0.9983 0.0150
vn -0.0055 0.9945 0.1048
vn 0.0048 0.9968 0.0794
vn -0.0160 0.9958 0.0896
vn -0.0162 0.9844 0.1752
vn -0.0066 0.9907 0.1361
vn 0.0023 0.9901 0.1402
vn -0.0450 0.9989 0.0094
vn -0.0434 0.9978 -0.0496
vn -0.0502 0.9978 -0.0439
vn -0.0850 0.9964 0.0045
vn -0.0836 0.9965 0.0066
vn -0.0957 0.9954 0.0084
vn 0.0612 0.9977 -0.0282
vn 0.0920 0.9954 -0.0254
vn 0.0156 0.9999 -0.0066
vn -0.0792 0.9816 -0.1738
vn -0.0902 0.9901 -0.1075
vn -0.0305 0.9909 -0.1312
vn -0.0567 0.9952 -0.0793
vn 0.0605 0.9963 -0.0605
vn 0.0705 0.9957 -0.0597
vn 0.0671 0.9965 -0.0493
vn -0.0000 0.9943 -0.1062
vn -0.0000 1.0000 -0.0002
vn -0.0504 0.9983 -0.0292
vn -0.0618 0.9977 -0.0293
vn -0.0754 0.9963 -0.0400
vn -0.0528 0.9952 0.0826
vn -0.0446 0.9951 0.0878
vn -0.0609 0.9940 0.0909
vn -0.0460 0.9986 0.0276
vn -0.0365 0.9987 0.0365
vn -0.0540 0.9965 -0.0638
vn -0.0479 0.9969 -0.0624
vn -0.0551 0.9970 -0.0546
vn 0.0165 0.9963 0.0846
vn 0.0290 0.9957 0.0882
vn 0.0213 0.9955 0.0921
vn 0.0561 0.9925 -0.1083
vn 0.0460 0.9874 -0.1511
vn 0.0620 0.9860 -0.1548
vn 0.1376 0.9900 -0.0302
vn 0.1164 0.9929 -0.0258
vn 0.0581 0.9974 -0.0428
vt 0.984375 0.984375
vt 1.000000 0.984375
vt 1.000000 1.000000
vt 0.984375 1.000000
vt 0.484375 0.984375
vt 0.500000 0.984375
vt 0.500000 1.000000
vt 0.484375 1.000000
vt 0.484375 0.484375
vt 0.500000 0.484375
vt 0.500000 0.500000
vt 0.484375 0.500000
vt 0.984375 0.484375
vt 1.000000 0.484375
vt 1.000000 0.500000
vt 0.984375 0.500000
vt 0.734375 0.484375
vt 0.750000 0.484375
vt 0.750000 0.500000
vt 0.734375 0.500000
vt 0.734375 0.234375
vt 0.750000 0.234375
vt 0.750000 0.250000
vt 0.734375 0.250000
vt 0.984375 0.234375
vt 1.000000 0.234375
vt 1.000000 0.250000
vt 0.984375 0.250000
vt 0.234375 0.484375
vt 0.250000 0.484375
vt 0.250000 0.500000
vt 0.234375 0.500000
vt 0.234375 0.234375
vt 0.250000 0.234375
vt 0.250000 0.250000
vt 0.234375 0.250000
vt 0.484375 0.234375
vt 0.500000 0.234375
vt 0.500000 0.250000
vt 0.484375 0.250000
vt 0.234375 0.984375
vt 0.250000 0.984375
vt 0.250000 1.000000
vt 0.234375 1.000000
vt 0.234375 0.734375
vt 0.250000 0.734375
vt 0.250000 0.750000
vt 0.234375 0.750000
vt 0.484375 0.734375
vt 0.500000 0.734375
vt 0.500000 0.750000
vt 0.484375 0.750000
vt 0.734375 0.984375
vt 0.750000 0.984375
vt 0.750000 1.000000
vt 0.734375 1.000000
vt 0.734375 0.734375
vt 0.750000 0.734375
vt 0.750000 0.750000
vt 0.734375 0.750000
vt 0.984375 0.734375
vt 1.000000 0.734375
vt 1.000000 0.750000
vt 0.984375 0.750000
vt 0.859375 0.734375
vt 0.875000 0.734375
vt 0.875000 0.750000
vt 0.859375 0.750000
vt 0.859375 0.609375
vt 0.875000 0.609375
vt 0.875000 0.625000
vt 0.859375 0.625000
vt 0.984375 0.609375
vt 1.000000 0.609375
vt 1.000000 0.625000
vt 0.984375 0.625000
vt 0.609375 0.734375
vt 0.625000 0.734375
vt 0.625000 0.750000
vt 0.609375 0.750000
vt 0.609375 0.609375
vt 0.625000 0.609375
vt 0.625000 0.625000
vt 0.609375 0.625000
vt 0.734375 0.609375
vt 0.750000 0.609375
vt 0.750000 0.625000
vt 0.734375 0.625000
vt 0.609375 0.984375
vt 0.625000 0.984375
vt 0.625000 1.000000
vt 0.609375 1.000000
vt 0.609375 0.859375
vt 0.625000 0.859375
vt 0.625000 0.875000
vt 0.609375 0.875000
vt 0.734375 0.859375
vt 0.750000 0.859375
vt 0.750000 0.875000
vt 0.734375 0.875000
vt 0.359375 0.734375
vt 0.375000 0.734375
vt 0.375000 0.750000
vt 0.359375 0.750000
vt 0.359375 0.609375
vt 0.375000 0.609375
vt 0.375000 0.625000
vt 0.359375 0.625000
vt 0.484375 0.609375
vt 0.500000 0.609375
vt 0.500000 0.625000
vt 0.484375 0.625000
vt 0.109375 0.734375
vt 0.125000 0.734375
vt 0.125000 0.750000
vt 0.109375 0.750000
vt 0.109375 0.609375
vt 0.125000 0.609375
vt 0.125000 0.625000
vt 0.109375 0.625000
vt 0.234375 0.609375
vt 0.250000 0.609375
vt 0.250000 0.625000
vt 0.234375 0.625000
vt 0.109375 0.984375
vt 0.125000 0.984375
vt 0.125000 1.000000
vt 0.109375 1.000000
vt 0.109375 0.859375
vt 0.125000 0.859375
vt 0.125000 0.875000
vt 0.109375 0.875000
vt 0.234375 0.859375
vt 0.250000 0.859375
vt 0.250000 0.875000
vt 0.234375 0.875000
vt 0.359375 0.234375
vt 0.375000 0.234375
vt 0.375000 0.250000
vt 0.359375 0.250000
vt 0.359375 0.109375
vt 0.375000 0.109375
vt 0.375000 0.125000
vt 0.359375 0.125000
vt 0.484375 0.109375
vt 0.500000 0.109375
vt 0.500000 0.125000
vt 0.484375 0.125000
vt 0.109375 0.234375
vt 0.125000 0.234375
vt 0.125000 0.250000
vt 0.109375 0.250000
vt 0.109375 0.109375
vt 0.125000 0.109375
vt 0.125000 0.125000
vt 0.109375 0.125000
vt 0.234375 0.109375
vt 0.250000 0.109375
vt 0.250000 0.125000
vt 0.234375 0.125000
vt 0.109375 0.484375
vt 0.125000 0.484375
vt 0.125000 0.500000
vt 0.109375 0.500000
vt 0.109375 0.359375
vt 0.125000 0.359375
vt 0.125000 0.375000
vt 0.109375 0.375000
vt 0.234375 0.359375
vt 0.250000 0.359375
vt 0.250000 0.375000
vt 0.234375 0.375000
vt 0.859375 0.234375
vt 0.875000 0.234375
vt 0.875000 0.250000
vt 0.859375 0.250000
vt 0.859375 0.109375
vt 0.875000 0.109375
vt 0.875000 0.125000
vt 0.859375 0.125000
vt 0.984375 0.109375
vt 1.000000 0.109375
vt 1.000000 0.125000
vt 0.984375 0.125000
vt 0.609375 0.234375
vt 0.625000 0.234375
vt 0.625000 0.250000
vt 0.609375 0.250000
vt 0.609375 0.109375
vt 0.625000 0.109375
vt 0.625000 0.125000
vt 0.609375 0.125000
vt 0.734375 0.109375
vt 0.750000 0.109375
vt 0.750000 0.125000
vt 0.734375 0.125000
vt 0.609375 0.484375
vt 0.625000 0.484375
vt 0.625000 0.500000
vt 0.609375 0.500000
vt 0.609375 0.359375
vt 0.625000 0.359375
vt 0.625000 0.375000
vt 0.609375 0.375000
vt 0.734375 0.359375
vt 0.750000 0.359375
vt 0.750000 0.375000
vt 0.734375 0.375000
vt 0.859375 0.484375
vt 0.875000 0.484375
vt 0.875000 0.500000
vt 0.859375 0.500000
vt 0.859375 0.359375
vt 0.875000 0.359375
vt 0.875000 0.375000
vt 0.859375 0.375000
vt 0.984375 0.359375
vt 1.000000 0.359375
vt 1.000000 0.375000
vt 0.984375 0.375000
vt 0.359375 0.484375
vt 0.375000 0.484375
vt 0.375000 0.500000
vt 0.359375 0.500000
vt 0.359375 0.359375
vt 0.375000 0.359375
vt 0.375000 0.375000
vt 0.359375 0.375000
vt 0.484375 0.359375
vt 0.500000 0.359375
vt 0.500000 0.375000
vt 0.484375 0.375000
vt 0.359375 0.984375
vt 0.375000 0.984375
vt 0.375000 1.000000
vt 0.359375 1.000000
vt 0.359375 0.859375
vt 0.375000 0.859375
vt 0.375000 0.875000
vt 0.359375 0.875000
vt 0.484375 0.859375
vt 0.500000 0.859375
vt 0.500000 0.875000
vt 0.484375 0.875000
vt 0.859375 0.984375
vt 0.875000 0.984375
vt 0.875000 1.000000
vt 0.859375 1.000000
vt 0.859375 0.859375
vt 0.875000 0.859375
vt 0.875000 0.875000
vt 0.859375 0.875000
vt 0.984375 0.859375
vt 1.000000 0.859375
vt 1.000000 0.875000
vt 0.984375 0.875000
vt 0.921875 0.859375
vt 0.937500 0.859375
vt 0.937500 0.875000
vt 0.921875 0.875000
vt 0.921875 0.796875
vt 0.937500 0.796875
vt 0.937500 0.812500
vt 0.921875 0.812500
vt 0.984375 0.796875
vt 1.000000 0.796875
vt 1.000000 0.812500
vt 0.984375 0.812500
vt 0.796875 0.859375
vt 0.812500 0.859375
vt 0.812500 0.875000
vt 0.796875 0.875000
vt 0.796875 0.796875
vt 0.812500 0.796875
vt 0.812500 0.812500
vt 0.796875 0.812500
vt 0.859375 0.796875
vt 0.875000 0.796875
vt 0.875000 0.812500
vt 0.859375 0.812500
vt 0.796875 0.984375
vt 0.812500 0.984375
vt 0.812500 1.000000
vt 0.796875 1.000000
vt 0.796875 0.921875
vt 0.812500 0.921875
vt 0.812500 0.937500
vt 0.796875 0.937500
vt 0.859375 0.921875
vt 0.875000 0.921875
vt 0.875000 0.937500
vt 0.859375 0.937500
vt 0.421875 0.859375
vt 0.437500 0.859375
vt 0.437500 0.875000
vt 0.421875 0.875000
vt 0.421875 0.796875
vt 0.437500 0.796875
vt 0.437500 0.812500
vt 0.421875 0.812500
vt 0.484375 0.796875
vt 0.500000 0.796875
vt 0.500000 0.812500
vt 0.484375 0.812500
vt 0.296875 0.859375
vt 0.312500 0.859375
vt 0.312500 0.875000
vt 0.296875 0.875000
vt 0.296875 0.796875
vt 0.312500 0.796875
vt 0.312500 0.812500
vt 0.296875 0.812500
vt 0.359375 0.796875
vt 0.375000 0.796875
vt 0.375000 0.812500
vt 0.359375 0.812500
vt 0.296875 0.984375
vt 0.312500 0.984375
vt 0.312500 1.000000
vt 0.296875 1.000000
vt 0.296875 0.921875
vt 0.312500 0.921875
vt 0.312500 0.937500
vt 0.296875 0.937500
vt 0.359375 0.921875
vt 0.375000 0.921875
vt 0.375000 0.937500
vt 0.359375 0.937500
vt 0.421875 0.359375
vt 0.437500 0.359375
vt 0.437500 0.375000
vt 0.421875 0.375000
vt 0.421875 0.296875
vt 0.437500 0.296875
vt 0.437500 0.312500
vt 0.421875 0.312500
vt 0.484375 0.296875
vt 0.500000 0.296875
vt 0.500000 0.312500
vt 0.484375 0.312500
vt 0.296875 0.359375
vt 0.312500 0.359375
vt 0.312500 0.375000
vt 0.296875 0.375000
vt 0.296875 0.296875
vt 0.312500 0.296875
vt 0.312500 0.312500
vt 0.296875 0.312500
vt 0.359375 0.296875
vt 0.375000 0.296875
vt 0.375000 0.312500
vt 0.359375 0.312500
vt 0.296875 0.484375
vt 0.312500 0.484375
vt 0.312500 0.500000
vt 0.296875 0.500000
vt 0.296875 0.421875
vt 0.312500 0.421875
vt 0.312500 0.437500
vt 0.296875 0.437500
vt 0.359375 0.421875
vt 0.375000 0.421875
vt 0.375000 0.437500
vt 0.359375 0.437500
vt 0.921875 0.359375
vt 0.937500 0.359375
vt 0.937500 0.375000
vt 0.921875 0.375000
vt 0.921875 0.296875
vt 0.937500 0.296875
vt 0.937500 0.312500
vt 0.921875 0.312500
vt 0.984375 0.296875
vt 1.000000 0.296875
vt 1.000000 0.312500
vt 0.984375 0.312500
vt 0.796875 0.359375
vt 0.812500 0.359375
vt 0.812500 0.375000
vt 0.796875 0.375000
vt 0.796875 0.296875
vt 0.812500 0.296875
vt 0.812500 0.312500
vt 0.796875 0.312500
vt 0.859375 0.296875
vt 0.875000 0.296875
vt 0.875000 0.312500
vt 0.859375 0.312500
vt 0.796875 0.484375
vt 0.812500 0.484375
vt 0.812500 0.500000
vt 0.796875 0.500000
vt 0.796875 0.421875
vt 0.812500 0.421875
vt 0.812500 0.437500
vt 0.796875 0.437500
vt 0.859375 0.421875
vt 0.875000 0.421875
vt 0.875000 0.437500
vt 0.859375 0.437500
vt 0.671875 0.359375
vt 0.687500 0.359375
vt 0.687500 0.375000
vt 0.671875 0.375000
vt 0.671875 0.296875
vt 0.687500 0.296875
vt 0.687500 0.312500
vt 0.671875 0.312500
vt 0.734375 0.296875
vt 0.750000 0.296875
vt 0.750000 0.312500
vt 0.734375 0.312500
vt 0.546875 0.359375
vt 0.562500 0.359375
vt 0.562500 0.375000
vt 0.546875 0.375000
vt 0.546875 0.296875
vt 0.562500 0.296875
vt 0.562500 0.312500
vt 0.546875 0.312500
vt 0.609375 0.296875
vt 0.625000 0.296875
vt 0.625000 0.312500
vt 0.609375 0.312500
vt 0.546875 0.484375
vt 0.562500 0.484375
vt 0.562500 0.500000
vt 0.546875 0.500000
vt 0.546875 0.421875
vt 0.562500 0.421875
vt 0.562500 0.437500
vt 0.546875 0.437500
vt 0.609375 0.421875
vt 0.625000 0.421875
vt 0.625000 0.437500
vt 0.609375 0.437500
vt 0.671875 0.109375
vt 0.687500 0.109375
vt 0.687500 0.125000
vt 0.671875 0.125000
vt 0.671875 0.046875
vt 0.687500 0.046875
vt 0.687500 0.062500
vt 0.671875 0.062500
vt 0.734375 0.046875
vt 0.750000 0.046875
vt 0.750000 0.062500
vt 0.734375 0.062500
vt 0.546875 0.109375
vt 0.562500 0.109375
vt 0.562500 0.125000
vt 0.546875 0.125000
vt 0.546875 0.046875
vt 0.562500 0.046875
vt 0.562500 0.062500
vt 0.546875 0.062500
vt 0.609375 0.046875
vt 0.625000 0.046875
vt 0.625000 0.062500
vt 0.609375 0.062500
vt 0.546875 0.234375
vt 0.562500 0.234375
vt 0.562500 0.250000
vt 0.546875 0.250000
vt 0.546875 0.171875
vt 0.562500 0.171875
vt 0.562500 0.187500
vt 0.546875 0.187500
vt 0.609375 0.171875
vt 0.625000 0.171875
vt 0.625000 0.187500
vt 0.609375 0.187500
vt 0.921875 0.109375
vt 0.937500 0.109375
vt 0.937500 0.125000
vt 0.921875 0.125000
vt 0.921875 0.046875
vt 0.937500 0.046875
vt 0.937500 0.062500
vt 0.921875 0.062500
vt 0.984375 0.046875
vt 1.000000 0.046875
vt 1.000000 0.062500
vt 0.984375 0.062500
vt 0.796875 0.109375
vt 0.812500 0.109375
vt 0.812500 0.125000
vt 0.796875 0.125000
vt 0.796875 0.046875
vt 0.812500 0.046875
vt 0.812500 0.062500
vt 0.796875 0.062500
vt 0.859375 0.046875
vt 0.875000 0.046875
vt 0.875000 0.062500
vt 0.859375 0.062500
vt 0.796875 0.234375
vt 0.812500 0.234375
vt 0.812500 0.250000
vt 0.796875 0.250000
vt 0.796875 0.171875
vt 0.812500 0.171875
vt 0.812500 0.187500
vt 0.796875 0.187500
vt 0.859375 0.171875
vt 0.875000 0.171875
vt 0.875000 0.187500
vt 0.859375 0.187500
vt 0.171875 0.359375
vt 0.187500 0.359375
vt 0.187500 0.375000
vt 0.171875 0.375000
vt 0.171875 0.296875
vt 0.187500 0.296875
vt 0.187500 0.312500
vt 0.171875 0.312500
vt 0.234375 0.296875
vt 0.250000 0.296875
vt 0.250000 0.312500
vt 0.234375 0.312500
vt 0.046875 0.359375
vt 0.062500 0.359375
vt 0.062500 0.375000
vt 0.046875 0.375000
vt 0.046875 0.296875
vt 0.062500 0.296875
vt 0.062500 0.312500
vt 0.046875 0.312500
vt 0.109375 0.296875
vt 0.125000 0.296875
vt 0.125000 0.312500
vt 0.109375 0.312500
vt 0.046875 0.484375
vt 0.062500 0.484375
vt 0.062500 0.500000
vt 0.046875 0.500000
vt 0.046875 0.421875
vt 0.062500 0.421875
vt 0.062500 0.437500
vt 0.046875 0.437500
vt 0.109375 0.421875
vt 0.125000 0.421875
vt 0.125000 0.437500
vt 0.109375 0.437500
vt 0.171875 0.109375
vt 0.187500 0.109375
vt 0.187500 0.125000
vt 0.171875 0.125000
vt 0.171875 0.046875
vt 0.187500 0.046875
vt 0.187500 0.062500
vt 0.171875 0.062500
vt 0.234375 0.046875
vt 0.250000 0.046875
vt 0.250000 0.062500
vt 0.234375 0.062500
vt 0.046875 0.109375
vt 0.062500 0.109375
vt 0.062500 0.125000
vt 0.046875 0.125000
vt 0.046875 0.046875
vt 0.062500 0.046875
vt 0.062500 0.062500
vt 0.046875 0.062500
vt 0.109375 0.046875
vt 0.125000 0.046875
vt 0.125000 0.062500
vt 0.109375 0.062500
vt 0.046875 0.234375
vt 0.062500 0.234375
vt 0.062500 0.250000
vt 0.046875 0.250000
vt 0.046875 0.171875
vt 0.062500 0.171875
vt 0.062500 0.187500
vt 0.046875 0.187500
vt 0.109375 0.171875
vt 0.125000 0.171875
vt 0.125000 0.187500
vt 0.109375 0.187500
vt 0.421875 0.109375
vt 0.437500 0.109375
vt 0.437500 0.125000
vt 0.421875 0.125000
vt 0.421875 0.046875
vt 0.437500 0.046875
vt 0.437500 0.062500
vt 0.421875 0.062500
vt 0.484375 0.046875
vt 0.500000 0.046875
vt 0.500000 0.062500
vt 0.484375 0.062500
vt 0.296875 0.109375
vt 0.312500 0.109375
vt 0.312500 0.125000
vt 0.296875 0.125000
vt 0.296875 0.046875
vt 0.312500 0.046875
vt 0.312500 0.062500
vt 0.296875 0.062500
vt 0.359375 0.046875
vt 0.375000 0.046875
vt 0.375000 0.062500
vt 0.359375 0.062500
vt 0.296875 0.234375
vt 0.312500 0.234375
vt 0.312500 0.250000
vt 0.296875 0.250000
vt 0.296875 0.171875
vt 0.312500 0.171875
vt 0.312500 0.187500
vt 0.296875 0.187500
vt 0.359375 0.171875
vt 0.375000 0.171875
vt 0.375000 0.187500
vt 0.359375 0.187500
vt 0.171875 0.859375
vt 0.187500 0.859375
vt 0.187500 0.875000
vt 0.171875 0.875000
vt 0.171875 0.796875
vt 0.187500 0.796875
vt 0.187500 0.812500
vt 0.171875 0.812500
vt 0.234375 0.796875
vt 0.250000 0.796875
vt 0.250000 0.812500
vt 0.234375 0.812500
vt 0.046875 0.859375
vt 0.062500 0.859375
vt 0.062500 0.875000
vt 0.046875 0.875000
vt 0.046875 0.796875
vt 0.062500 0.796875
vt 0.062500 0.812500
vt 0.046875 0.812500
vt 0.109375 0.796875
vt 0.125000 0.796875
vt 0.125000 0.812500
vt 0.109375 0.812500
vt 0.046875 0.984375
vt 0.062500 0.984375
vt 0.062500 1.000000
vt 0.046875 1.000000
vt 0.046875 0.921875
vt 0.062500 0.921875
vt 0.062500 0.937500
vt 0.046875 0.937500
vt 0.109375 0.921875
vt 0.125000 0.921875
vt 0.125000 0.937500
vt 0.109375 0.937500
vt 0.171875 0.609375
vt 0.187500 0.609375
vt 0.187500 0.625000
vt 0.171875 0.625000
vt 0.171875 0.546875
vt 0.187500 0.546875
vt 0.187500 0.562500
vt 0.171875 0.562500
vt 0.234375 0.546875
vt 0.250000 0.546875
vt 0.250000 0.562500
vt 0.234375 0.562500
vt 0.046875 0.609375
vt 0.062500 0.609375
vt 0.062500 0.625000
vt 0.046875 0.625000
vt 0.046875 0.546875
vt 0.062500 0.546875
vt 0.062500 0.562500
vt 0.046875 0.562500
vt 0.109375 0.546875
vt 0.125000 0.546875
vt 0.125000 0.562500
vt 0.109375 0.562500
vt 0.046875 0.734375
vt 0.062500 0.734375
vt 0.062500 0.750000
vt 0.046875 0.750000
vt 0.046875 0.671875
vt 0.062500 0.671875
vt 0.062500 0.687500
vt 0.046875 0.687500
vt 0.109375 0.671875
vt 0.125000 0.671875
vt 0.125000 0.687500
vt 0.109375 0.687500
vt 0.421875 0.609375
vt 0.437500 0.609375
vt 0.437500 0.625000
vt 0.421875 0.625000
vt 0.421875 0.546875
vt 0.437500 0.546875
vt 0.437500 0.562500
vt 0.421875 0.562500
vt 0.484375 0.546875
vt 0.500000 0.546875
vt 0.500000 0.562500
vt 0.484375 0.562500
vt 0.296875 0.609375
vt 0.312500 0.609375
vt 0.312500 0.625000
vt 0.296875 0.625000
vt 0.296875 0.546875
vt 0.312500 0.546875
vt 0.312500 0.562500
vt 0.296875 0.562500
vt 0.359375 0.546875
vt 0.375000 0.546875
vt 0.375000 0.562500
vt 0.359375 0.562500
vt 0.296875 0.734375
vt 0.312500 0.734375
vt 0.312500 0.750000
vt 0.296875 0.750000
vt 0.296875 0.671875
vt 0.312500 0.671875
vt 0.312500 0.687500
vt 0.296875 0.687500
vt 0.359375 0.671875
vt 0.375000 0.671875
vt 0.375000 0.687500
vt 0.359375 0.687500
vt 0.671875 0.859375
vt 0.687500 0.859375
vt 0.687500 0.875000
vt 0.671875 0.875000
vt 0.671875 0.796875
vt 0.687500 0.796875
vt 0.687500 0.812500
vt 0.671875 0.812500
vt 0.734375 0.796875
vt 0.750000 0.796875
vt 0.750000 0.812500
vt 0.734375 0.812500
vt 0.546875 0.859375
vt 0.562500 0.859375
vt 0.562500 0.875000
vt 0.546875 0.875000
vt 0.546875 0.796875
vt 0.562500 0.796875
vt 0.562500 0.812500
vt 0.546875 0.812500
vt 0.609375 0.796875
vt 0.625000 0.796875
vt 0.625000 0.812500
vt 0.609375 0.812500
vt 0.546875 0.984375
vt 0.562500 0.984375
vt 0.562500 1.000000
vt 0.546875 1.000000
vt 0.546875 0.921875
vt 0.562500 0.921875
vt 0.562500 0.937500
vt 0.546875 0.937500
vt 0.609375 0.921875
vt 0.625000 0.921875
vt 0.625000 0.937500
vt 0.609375 0.937500
vt 0.671875 0.609375
vt 0.687500 0.609375
vt 0.687500 0.625000
vt 0.671875 0.625000
vt 0.671875 0.546875
vt 0.687500 0.546875
vt 0.687500 0.562500
vt 0.671875 0.562500
vt 0.734375 0.546875
vt 0.750000 0.546875
vt 0.750000 0.562500
vt 0.734375 0.562500
vt 0.546875 0.609375
vt 0.562500 0.609375
vt 0.562500 0.625000
vt 0.546875 0.625000
vt 0.546875 0.546875
vt 0.562500 0.546875
vt 0.562500 0.562500
vt 0.546875 0.562500
vt 0.609375 0.546875
vt 0.625000 0.546875
vt 0.625000 0.562500
vt 0.609375 0.562500
vt 0.546875 0.734375
vt 0.562500 0.734375
vt 0.562500 0.750000
vt 0.546875 0.750000
vt 0.546875 0.671875
vt 0.562500 0.671875
vt 0.562500 0.687500
vt 0.546875 0.687500
vt 0.609375 0.671875
vt 0.625000 0.671875
vt 0.625000 0.687500
vt 0.609375 0.687500
vt 0.921875 0.609375
vt 0.937500 0.609375
vt 0.937500 0.625000
vt 0.921875 0.625000
vt 0.921875 0.546875
vt 0.937500 0.546875
vt 0.937500 0.562500
vt 0.921875 0.562500
vt 0.984375 0.546875
vt 1.000000 0.546875
vt 1.000000 0.562500
vt 0.984375 0.562500
vt 0.796875 0.609375
vt 0.812500 0.609375
vt 0.812500 0.625000
vt 0.796875 0.625000
vt 0.796875 0.546875
vt 0.812500 0.546875
vt 0.812500 0.562500
vt 0.796875 0.562500
vt 0.859375 0.546875
vt 0.875000 0.546875
vt 0.875000 0.562500
vt 0.859375 0.562500
vt 0.796875 0.734375
vt 0.812500 0.734375
vt 0.812500 0.750000
vt 0.796875 0.750000
vt 0.796875 0.671875
vt 0.812500 0.671875
vt 0.812500 0.687500
vt 0.796875 0.687500
vt 0.859375 0.671875
vt 0.875000 0.671875
vt 0.875000 0.687500
vt 0.859375 0.687500
vt 0.921875 0.734375
vt 0.937500 0.734375
vt 0.937500 0.750000
vt 0.921875 0.750000
vt 0.921875 0.671875
vt 0.937500 0.671875
vt 0.937500 0.687500
vt 0.921875 0.687500
vt 0.984375 0.671875
vt 1.000000 0.671875
vt 1.000000 0.687500
vt 0.984375 0.687500
vt 0.671875 0.734375
vt 0.687500 0.734375
vt 0.687500 0.750000
vt 0.671875 0.750000
vt 0.671875 0.671875
vt 0.687500 0.671875
vt 0.687500 0.687500
vt 0.671875 0.687500
vt 0.734375 0.671875
vt 0.750000 0.671875
vt 0.750000 0.687500
vt 0.734375 0.687500
vt 0.671875 0.984375
vt 0.687500 0.984375
vt 0.687500 1.000000
vt 0.671875 1.000000
vt 0.671875 0.921875
vt 0.687500 0.921875
vt 0.687500 0.937500
vt 0.671875 0.937500
vt 0.734375 0.921875
vt 0.750000 0.921875
vt 0.750000 0.937500
vt 0.734375 0.937500
vt 0.421875 0.734375
vt 0.437500 0.734375
vt 0.437500 0.750000
vt 0.421875 0.750000
vt 0.421875 0.671875
vt 0.437500 0.671875
vt 0.437500 0.687500
vt 0.421875 0.687500
vt 0.484375 0.671875
vt 0.500000 0.671875
vt 0.500000 0.687500
vt 0.484375 0.687500
vt 0.171875 0.734375
vt 0.187500 0.734375
vt 0.187500 0.750000
vt 0.171875 0.750000
vt 0.171875 0.671875
vt 0.187500 0.671875
vt 0.187500 0.687500
vt 0.171875 0.687500
vt 0.234375 0.671875
vt 0.250000 0.671875
vt 0.250000 0.687500
vt 0.234375 0.687500
vt 0.171875 0.984375
vt 0.187500 0.984375
vt 0.187500 1.000000
vt 0.171875 1.000000
vt 0.171875 0.921875
vt 0.187500 0.921875
vt 0.187500 0.937500
vt 0.171875 0.937500
vt 0.234375 0.921875
vt 0.250000 0.921875
vt 0.250000 0.937500
vt 0.234375 0.937500
vt 0.421875 0.234375
vt 0.437500 0.234375
vt 0.437500 0.250000
vt 0.421875 0.250000
vt 0.421875 0.171875
vt 0.437500 0.171875
vt 0.437500 0.187500
vt 0.421875 0.187500
vt 0.484375 0.171875
vt 0.500000 0.171875
vt 0.500000 0.187500
vt 0.484375 0.187500
vt 0.171875 0.234375
vt 0.187500 0.234375
vt 0.187500 0.250000
vt 0.171875 0.250000
vt 0.171875 0.171875
vt 0.187500 0.171875
vt 0.187500 0.187500
vt 0.171875 0.187500
vt 0.234375 0.171875
vt 0.250000 0.171875
vt 0.250000 0.187500
vt 0.234375 0.187500
vt 0.171875 0.484375
vt 0.187500 0.484375
vt 0.187500 0.500000
vt 0.171875 0.500000
vt 0.171875 0.421875
vt 0.187500 0.421875
vt 0.187500 0.437500
vt 0.171875 0.437500
vt 0.234375 0.421875
vt 0.250000 0.421875
vt 0.250000 0.437500
vt 0.234375 0.437500
vt 0.921875 0.234375
vt 0.937500 0.234375
vt 0.937500 0.250000
vt 0.921875 0.250000
vt 0.921875 0.171875
vt 0.937500 0.171875
vt 0.937500 0.187500
vt 0.921875 0.187500
vt 0.984375 0.171875
vt 1.000000 0.171875
vt 1.000000 0.187500
vt 0.984375 0.187500
vt 0.671875 0.234375
vt 0.687500 0.234375
vt 0.687500 0.250000
vt 0.671875 0.250000
vt 0.671875 0.171875
vt 0.687500 0.171875
vt 0.687500 0.187500
vt 0.671875 0.187500
vt 0.734375 0.171875
vt 0.750000 0.171875
vt 0.750000 0.187500
vt 0.734375 0.187500
vt 0.671875 0.484375
vt 0.687500 0.484375
vt 0.687500 0.500000
vt 0.671875 0.500000
vt 0.671875 0.421875
vt 0.687500 0.421875
vt 0.687500 0.437500
vt 0.671875 0.437500
vt 0.734375 0.421875
vt 0.750000 0.421875
vt 0.750000 0.437500
vt 0.734375 0.437500
vt 0.921875 0.484375
vt 0.937500 0.484375
vt 0.937500 0.500000
vt 0.921875 0.500000
vt 0.921875 0.421875
vt 0.937500 0.421875
vt 0.937500 0.437500
vt 0.921875 0.437500
vt 0.984375 0.421875
vt 1.000000 0.421875
vt 1.000000 0.437500
vt 0.984375 0.437500
vt 0.421875 0.484375
vt 0.437500 0.484375
vt 0.437500 0.500000
vt 0.421875 0.500000
vt 0.421875 0.421875
vt 0.437500 0.421875
vt 0.437500 0.437500
vt 0.421875 0.437500
vt 0.484375 0.421875
vt 0.500000 0.421875
vt 0.500000 0.437500
vt 0.484375 0.437500
vt 0.421875 0.984375
vt 0.437500 0.984375
vt 0.437500 1.000000
vt 0.421875 1.000000
vt 0.421875 0.921875
vt 0.437500 0.921875
vt 0.437500 0.937500
vt 0.421875 0.937500
vt 0.484375 0.921875
vt 0.500000 0.921875
vt 0.500000 0.937500
vt 0.484375 0.937500
vt 0.921875 0.984375
vt 0.937500 0.984375
vt 0.937500 1.000000
vt 0.921875 1.000000
vt 0.921875 0.921875
vt 0.937500 0.921875
vt 0.937500 0.937500
vt 0.921875 0.937500
vt 0.984375 0.921875
vt 1.000000 0.921875
vt 1.000000 0.937500
vt 0.984375 0.937500
vt 0.953125 0.921875
vt 0.968750 0.921875
vt 0.968750 0.937500
vt 0.953125 0.937500
vt 0.953125 0.890625
vt 0.968750 0.890625
vt 0.968750 0.906250
vt 0.953125 0.906250
vt 0.984375 0.890625
vt 1.000000 0.890625
vt 1.000000 0.906250
vt 0.984375 0.906250
vt 0.890625 0.921875
vt 0.906250 0.921875
vt 0.906250 0.937500
vt 0.890625 0.937500
vt 0.890625 0.890625
vt 0.906250 0.890625
vt 0.906250 0.906250
vt 0.890625 0.906250
vt 0.921875 0.890625
vt 0.937500 0.890625
vt 0.937500 0.906250
vt 0.921875 0.906250
vt 0.890625 0.984375
vt 0.906250 0.984375
vt 0.906250 1.000000
vt 0.890625 1.000000
vt 0.890625 0.953125
vt 0.906250 0.953125
vt 0.906250 0.968750
vt 0.890625 0.968750
vt 0.921875 0.953125
vt 0.937500 0.953125
vt 0.937500 0.968750
vt 0.921875 0.968750
vt 0.453125 0.921875
vt 0.468750 0.921875
vt 0.468750 0.937500
vt 0.453125 0.937500
vt 0.453125 0.890625
vt 0.468750 0.890625
vt 0.468750 0.906250
vt 0.453125 0.906250
vt 0.484375 0.890625
vt 0.500000 0.890625
vt 0.500000 0.906250
vt 0.484375 0.906250
vt 0.390625 0.921875
vt 0.406250 0.921875
vt 0.406250 0.937500
vt 0.390625 0.937500
vt 0.390625 0.890625
vt 0.406250 0.890625
vt 0.406250 0.906250
vt 0.390625 0.906250
vt 0.421875 0.890625
vt 0.437500 0.890625
vt 0.437500 0.906250
vt 0.421875 0.906250
vt 0.390625 0.984375
vt 0.406250 0.984375
vt 0.406250 1.000000
vt 0.390625 1.000000
vt 0.390625 0.953125
vt 0.406250 0.953125
vt 0.406250 0.968750
vt 0.390625 0.968750
vt 0.421875 0.953125
vt 0.437500 0.953125
vt 0.437500 0.968750
vt 0.421875 0.968750
vt 0.453125 0.421875
vt 0.468750 0.421875
vt 0.468750 0.437500
vt 0.453125 0.437500
vt 0.453125 0.390625
vt 0.468750 0.390625
vt 0.468750 0.406250
vt 0.453125 0.406250
vt 0.484375 0.390625
vt 0.500000 0.390625
vt 0.500000 0.406250
vt 0.484375 0.406250
vt 0.390625 0.421875
vt 0.406250 0.421875
vt 0.406250 0.437500
vt 0.390625 0.437500
vt 0.390625 0.390625
vt 0.406250 0.390625
vt 0.406250 0.406250
vt 0.390625 0.406250
vt 0.421875 0.390625
vt 0.437500 0.390625
vt 0.437500 0.406250
vt 0.421875 0.406250
vt 0.390625 0.484375
vt 0.406250 0.484375
vt 0.406250 0.500000
vt 0.390625 0.500000
vt 0.390625 0.453125
vt 0.406250 0.453125
vt 0.406250 0.468750
vt 0.390625 0.468750
vt 0.421875 0.453125
vt 0.437500 0.453125
vt 0.437500 0.468750
vt 0.421875 0.468750
vt 0.953125 0.421875
vt 0.968750 0.421875
vt 0.968750 0.437500
vt 0.953125 0.437500
vt 0.953125 0.390625
vt 0.968750 0.390625
vt 0.968750 0.406250
vt 0.953125 0.406250
vt 0.984375 0.390625
vt 1.000000 0.390625
vt 1.000000 0.406250
vt 0.984375 0.406250
vt 0.890625 0.421875
vt 0.906250 0.421875
vt 0.906250 0.437500
vt 0.890625 0.437500
vt 0.890625 0.390625
vt 0.906250 0.390625
vt 0.906250 0.406250
vt 0.890625 0.406250
vt 0.921875 0.390625
vt 0.937500 0.390625
vt 0.937500 0.406250
vt 0.921875 0.406250
vt 0.890625 0.484375
vt 0.906250 0.484375
vt 0.906250 0.500000
vt 0.890625 0.500000
vt 0.890625 0.453125
vt 0.906250 0.453125
vt 0.906250 0.468750
vt 0.890625 0.468750
vt 0.921875 0.453125
vt 0.937500 0.453125
vt 0.937500 0.468750
vt 0.921875 0.468750
vt 0.703125 0.421875
vt 0.718750 0.421875
vt 0.718750 0.437500
vt 0.703125 0.437500
vt 0.703125 0.390625
vt 0.718750 0.390625
vt 0.718750 0.406250
vt 0.703125 0.406250
vt 0.734375 0.390625
vt 0.750000 0.390625
vt 0.750000 0.406250
vt 0.734375 0.406250
vt 0.640625 0.421875
vt 0.656250 0.421875
vt 0.656250 0.437500
vt 0.640625 0.437500
vt 0.640625 0.390625
vt 0.656250 0.390625
vt 0.656250 0.406250
vt 0.640625 0.406250
vt 0.671875 0.390625
vt 0.687500 0.390625
vt 0.687500 0.406250
vt 0.671875 0.406250
vt 0.640625 0.484375
vt 0.656250 0.484375
vt 0.656250 0.500000
vt 0.640625 0.500000
vt 0.640625 0.453125
vt 0.656250 0.453125
vt 0.656250 0.468750
vt 0.640625 0.468750
vt 0.671875 0.453125
vt 0.687500 0.453125
vt 0.687500 0.468750
vt 0.671875 0.468750
vt 0.703125 0.171875
vt 0.718750 0.171875
vt 0.718750 0.187500
vt 0.703125 0.187500
vt 0.703125 0.140625
vt 0.718750 0.140625
vt 0.718750 0.156250
vt 0.703125 0.156250
vt 0.734375 0.140625
vt 0.750000 0.140625
vt 0.750000 0.156250
vt 0.734375 0.156250
vt 0.640625 0.171875
vt 0.656250 0.171875
vt 0.656250 0.187500
vt 0.640625 0.187500
vt 0.640625 0.140625
vt 0.656250 0.140625
vt 0.656250 0.156250
vt 0.640625 0.156250
vt 0.671875 0.140625
vt 0.687500 0.140625
vt 0.687500 0.156250
vt 0.671875 0.156250
vt 0.640625 0.234375
vt 0.656250 0.234375
vt 0.656250 0.250000
vt 0.640625 0.250000
vt 0.640625 0.203125
vt 0.656250 0.203125
vt 0.656250 0.218750
vt 0.640625 0.218750
vt 0.671875 0.203125
vt 0.687500 0.203125
vt 0.687500 0.218750
vt 0.671875 0.218750
vt 0.953125 0.171875
vt 0.968750 0.171875
vt 0.968750 0.187500
vt 0.953125 0.187500
vt 0.953125 0.140625
vt 0.968750 0.140625
vt 0.968750 0.156250
vt 0.953125 0.156250
vt 0.984375 0.140625
vt 1.000000 0.140625
vt 1.000000 0.156250
vt 0.984375 0.156250
vt 0.890625 0.171875
vt 0.906250 0.171875
vt 0.906250 0.187500
vt 0.890625 0.187500
vt 0.890625 0.140625
vt 0.906250 0.140625
vt 0.906250 0.156250
vt 0.890625 0.156250
vt 0.921875 0.140625
vt 0.937500 0.140625
vt 0.937500 0.156250
vt 0.921875 0.156250
vt 0.890625 0.234375
vt 0.906250 0.234375
vt 0.906250 0.250000
vt 0.890625 0.250000
vt 0.890625 0.203125
vt 0.906250 0.203125
vt 0.906250 0.218750
vt 0.890625 0.218750
vt 0.921875 0.203125
vt 0.937500 0.203125
vt 0.937500 0.218750
vt 0.921875 0.218750
vt 0.203125 0.421875
vt 0.218750 0.421875
vt 0.218750 0.437500
vt 0.203125 0.437500
vt 0.203125 0.390625
vt 0.218750 0.390625
vt 0.218750 0.406250
vt 0.203125 0.406250
vt 0.234375 0.390625
vt 0.250000 0.390625
vt 0.250000 0.406250
vt 0.234375 0.406250
vt 0.140625 0.421875
vt 0.156250 0.421875
vt 0.156250 0.437500
vt 0.140625 0.437500
vt 0.140625 0.390625
vt 0.156250 0.390625
vt 0.156250 0.406250
vt 0.140625 0.406250
vt 0.171875 0.390625
vt 0.187500 0.390625
vt 0.187500 0.406250
vt 0.171875 0.406250
vt 0.140625 0.484375
vt 0.156250 0.484375
vt 0.156250 0.500000
vt 0.140625 0.500000
vt 0.140625 0.453125
vt 0.156250 0.453125
vt 0.156250 0.468750
vt 0.140625 0.468750
vt 0.171875 0.453125
vt 0.187500 0.453125
vt 0.187500 0.468750
vt 0.171875 0.468750
vt 0.203125 0.171875
vt 0.218750 0.171875
vt 0.218750 0.187500
vt 0.203125 0.187500
vt 0.203125 0.140625
vt 0.218750 0.140625
vt 0.218750 0.156250
vt 0.203125 0.156250
vt 0.234375 0.140625
vt 0.250000 0.140625
vt 0.250000 0.156250
vt 0.234375 0.156250
vt 0.140625 0.171875
vt 0.156250 0.171875
vt 0.156250 0.187500
vt 0.140625 0.187500
vt 0.140625 0.140625
vt 0.156250 0.140625
vt 0.156250 0.156250
vt 0.140625 0.156250
vt 0.171875 0.140625
vt 0.187500 0.140625
vt 0.187500 0.156250
vt 0.171875 0.156250
vt 0.140625 0.234375
vt 0.156250 0.234375
vt 0.156250 0.250000
vt 0.140625 0.250000
vt 0.140625 0.203125
vt 0.156250 0.203125
vt 0.156250 0.218750
vt 0.140625 0.218750
vt 0.171875 0.203125
vt 0.187500 0.203125
vt 0.187500 0.218750
vt 0.171875 0.218750
vt 0.453125 0.171875
vt 0.468750 0.171875
vt 0.468750 0.187500
vt 0.453125 0.187500
vt 0.453125 0.140625
vt 0.468750 0.140625
vt 0.468750 0.156250
vt 0.453125 0.156250
vt 0.484375 0.140625
vt 0.500000 0.140625
vt 0.500000 0.156250
vt 0.484375 0.156250
vt 0.390625 0.171875
vt 0.406250 0.171875
vt 0.406250 0.187500
vt 0.390625 0.187500
vt 0.390625 0.140625
vt 0.406250 0.140625
vt 0.406250 0.156250
vt 0.390625 0.156250
vt 0.421875 0.140625
vt 0.437500 0.140625
vt 0.437500 0.156250
vt 0.421875 0.156250
vt 0.390625 0.234375
vt 0.406250 0.234375
vt 0.406250 0.250000
vt 0.390625 0.250000
vt 0.390625 0.203125
vt 0.406250 0.203125
vt 0.406250 0.218750
vt 0.390625 0.218750
vt 0.421875 0.203125
vt 0.437500 0.203125
vt 0.437500 0.218750
vt 0.421875 0.218750
vt 0.203125 0.921875
vt 0.218750 0.921875
vt 0.218750 0.937500
vt 0.203125 0.937500
vt 0.203125 0.890625
vt 0.218750 0.890625
vt 0.218750 0.906250
vt 0.203125 0.906250
vt 0.234375 0.890625
vt 0.250000 0.890625
vt 0.250000 0.906250
vt 0.234375 0.906250
vt 0.140625 0.921875
vt 0.156250 0.921875
vt 0.156250 0.937500
vt 0.140625 0.937500
vt 0.140625 0.890625
vt 0.156250 0.890625
vt 0.156250 0.906250
vt 0.140625 0.906250
vt 0.171875 0.890625
vt 0.187500 0.890625
vt 0.187500 0.906250
vt 0.171875 0.906250
vt 0.140625 0.984375
vt 0.156250 0.984375
vt 0.156250 1.000000
vt 0.140625 1.000000
vt 0.140625 0.953125
vt 0.156250 0.953125
vt 0.156250 0.968750
vt 0.140625 0.968750
vt 0.171875 0.953125
vt 0.187500 0.953125
vt 0.187500 0.968750
vt 0.171875 0.968750
vt 0.203125 0.671875
vt 0.218750 0.671875
vt 0.218750 0.687500
vt 0.203125 0.687500
vt 0.203125 0.640625
vt 0.218750 0.640625
vt 0.218750 0.656250
vt 0.203125 0.656250
vt 0.234375 0.640625
vt 0.250000 0.640625
vt 0.250000 0.656250
vt 0.234375 0.656250
vt 0.140625 0.671875
vt 0.156250 0.671875
vt 0.156250 0.687500
vt 0.140625 0.687500
vt 0.140625 0.640625
vt 0.156250 0.640625
vt 0.156250 0.656250
vt 0.140625 0.656250
vt 0.171875 0.640625
vt 0.187500 0.640625
vt 0.187500 0.656250
vt 0.171875 0.656250
vt 0.140625 0.734375
vt 0.156250 0.734375
vt 0.156250 0.750000
vt 0.140625 0.750000
vt 0.140625 0.703125
vt 0.156250 0.703125
vt 0.156250 0.718750
vt 0.140625 0.718750
vt 0.171875 0.703125
vt 0.187500 0.703125
vt 0.187500 0.718750
vt 0.171875 0.718750
vt 0.453125 0.671875
vt 0.468750 0.671875
vt 0.468750 0.687500
vt 0.453125 0.687500
vt 0.453125 0.640625
vt 0.468750 0.640625
vt 0.468750 0.656250
vt 0.453125 0.656250
vt 0.484375 0.640625
vt 0.500000 0.640625
vt 0.500000 0.656250
vt 0.484375 0.656250
vt 0.390625 0.671875
vt 0.406250 0.671875
vt 0.406250 0.687500
vt 0.390625 0.687500
vt 0.390625 0.640625
vt 0.406250 0.640625
vt 0.406250 0.656250
vt 0.390625 0.656250
vt 0.421875 0.640625
vt 0.437500 0.640625
vt 0.437500 0.656250
vt 0.421875 0.656250
vt 0.390625 0.734375
vt 0.406250 0.734375
vt 0.406250 0.750000
vt 0.390625 0.750000
vt 0.390625 0.703125
vt 0.406250 0.703125
vt 0.406250 0.718750
vt 0.390625 0.718750
vt 0.421875 0.703125
vt 0.437500 0.703125
vt 0.437500 0.718750
vt 0.421875 0.718750
vt 0.703125 0.921875
vt 0.718750 0.921875
vt 0.718750 0.937500
vt 0.703125 0.937500
vt 0.703125 0.890625
vt 0.718750 0.890625
vt 0.718750 0.906250
vt 0.703125 0.906250
vt 0.734375 0.890625
vt 0.750000 0.890625
vt 0.750000 0.906250
vt 0.734375 0.906250
vt 0.640625 0.921875
vt 0.656250 0.921875
vt 0.656250 0.937500
vt 0.640625 0.937500
vt 0.640625 0.890625
vt 0.656250 0.890625
vt 0.656250 0.906250
vt 0.640625 0.906250
vt 0.671875 0.890625
vt 0.687500 0.890625
vt 0.687500 0.906250
vt 0.671875 0.906250
vt 0.640625 0.984375
vt 0.656250 0.984375
vt 0.656250 1.000000
vt 0.640625 1.000000
vt 0.640625 0.953125
vt 0.656250 0.953125
vt 0.656250 0.968750
vt 0.640625 0.968750
vt 0.671875 0.953125
vt 0.687500 0.953125
vt 0.687500 0.968750
vt 0.671875 0.968750
vt 0.703125 0.671875
vt 0.718750 0.671875
vt 0.718750 0.687500
vt 0.703125 0.687500
vt 0.703125 0.640625
vt 0.718750 0.640625
vt 0.718750 0.656250
vt 0.703125 0.656250
vt 0.734375 0.640625
vt 0.750000 0.640625
vt 0.750000 0.656250
vt 0.734375 0.656250
vt 0.640625 0.671875
vt 0.656250 0.671875
vt 0.656250 0.687500
vt 0.640625 0.687500
vt 0.640625 0.640625
vt 0.656250 0.640625
vt 0.656250 0.656250
vt 0.640625 0.656250
vt 0.671875 0.640625
vt 0.687500 0.640625
vt 0.687500 0.656250
vt 0.671875 0.656250
vt 0.640625 0.734375
vt 0.656250 0.734375
vt 0.656250 0.750000
vt 0.640625 0.750000
vt 0.640625 0.703125
vt 0.656250 0.703125
vt 0.656250 0.718750
vt 0.640625 0.718750
vt 0.671875 0.703125
vt 0.687500 0.703125
vt 0.687500 0.718750
vt 0.671875 0.718750
vt 0.953125 0.671875
vt 0.968750 0.671875
vt 0.968750 0.687500
vt 0.953125 0.687500
vt 0.953125 0.640625
vt 0.968750 0.640625
vt 0.968750 0.656250
vt 0.953125 0.656250
vt 0.984375 0.640625
vt 1.000000 0.640625
vt 1.000000 0.656250
vt 0.984375 0.656250
vt 0.890625 0.671875
vt 0.906250 0.671875
vt 0.906250 0.687500
vt 0.890625 0.687500
vt 0.890625 0.640625
vt 0.906250 0.640625
vt 0.906250 0.656250
vt 0.890625 0.656250
vt 0.921875 0.640625
vt 0.937500 0.640625
vt 0.937500 0.656250
vt 0.921875 0.656250
vt 0.890625 0.734375
vt 0.906250 0.734375
vt 0.906250 0.750000
vt 0.890625 0.750000
vt 0.890625 0.703125
vt 0.906250 0.703125
vt 0.906250 0.718750
vt 0.890625 0.718750
vt 0.921875 0.703125
vt 0.937500 0.703125
vt 0.937500 0.718750
vt 0.921875 0.718750
vt 0.828125 0.671875
vt 0.843750 0.671875
vt 0.843750 0.687500
vt 0.828125 0.687500
vt 0.828125 0.640625
vt 0.843750 0.640625
vt 0.843750 0.656250
vt 0.828125 0.656250
vt 0.859375 0.640625
vt 0.875000 0.640625
vt 0.875000 0.656250
vt 0.859375 0.656250
vt 0.765625 0.671875
vt 0.781250 0.671875
vt 0.781250 0.687500
vt 0.765625 0.687500
vt 0.765625 0.640625
vt 0.781250 0.640625
vt 0.781250 0.656250
vt 0.765625 0.656250
vt 0.796875 0.640625
vt 0.812500 0.640625
vt 0.812500 0.656250
vt 0.796875 0.656250
vt 0.765625 0.734375
vt 0.781250 0.734375
vt 0.781250 0.750000
vt 0.765625 0.750000
vt 0.765625 0.703125
vt 0.781250 0.703125
vt 0.781250 0.718750
vt 0.765625 0.718750
vt 0.796875 0.703125
vt 0.812500 0.703125
vt 0.812500 0.718750
vt 0.796875 0.718750
vt 0.828125 0.546875
vt 0.843750 0.546875
vt 0.843750 0.562500
vt 0.828125 0.562500
vt 0.828125 0.515625
vt 0.843750 0.515625
vt 0.843750 0.531250
vt 0.828125 0.531250
vt 0.859375 0.515625
vt 0.875000 0.515625
vt 0.875000 0.531250
vt 0.859375 0.531250
vt 0.765625 0.546875
vt 0.781250 0.546875
vt 0.781250 0.562500
vt 0.765625 0.562500
vt 0.765625 0.515625
vt 0.781250 0.515625
vt 0.781250 0.531250
vt 0.765625 0.531250
vt 0.796875 0.515625
vt 0.812500 0.515625
vt 0.812500 0.531250
vt 0.796875 0.531250
vt 0.765625 0.609375
vt 0.781250 0.609375
vt 0.781250 0.625000
vt 0.765625 0.625000
vt 0.765625 0.578125
vt 0.781250 0.578125
vt 0.781250 0.593750
vt 0.765625 0.593750
vt 0.796875 0.578125
vt 0.812500 0.578125
vt 0.812500 0.593750
vt 0.796875 0.593750
vt 0.953125 0.546875
vt 0.968750 0.546875
vt 0.968750 0.562500
vt 0.953125 0.562500
vt 0.953125 0.515625
vt 0.968750 0.515625
vt 0.968750 0.531250
vt 0.953125 0.531250
vt 0.984375 0.515625
vt 1.000000 0.515625
vt 1.000000 0.531250
vt 0.984375 0.531250
vt 0.890625 0.546875
vt 0.906250 0.546875
vt 0.906250 0.562500
vt 0.890625 0.562500
vt 0.890625 0.515625
vt 0.906250 0.515625
vt 0.906250 0.531250
vt 0.890625 0.531250
vt 0.921875 0.515625
vt 0.937500 0.515625
vt 0.937500 0.531250
vt 0.921875 0.531250
vt 0.890625 0.609375
vt 0.906250 0.609375
vt 0.906250 0.625000
vt 0.890625 0.625000
vt 0.890625 0.578125
vt 0.906250 0.578125
vt 0.906250 0.593750
vt 0.890625 0.593750
vt 0.921875 0.578125
vt 0.937500 0.578125
vt 0.937500 0.593750
vt 0.921875 0.593750
vt 0.578125 0.671875
vt 0.593750 0.671875
vt 0.593750 0.687500
vt 0.578125 0.687500
vt 0.578125 0.640625
vt 0.593750 0.640625
vt 0.593750 0.656250
vt 0.578125 0.656250
vt 0.609375 0.640625
vt 0.625000 0.640625
vt 0.625000 0.656250
vt 0.609375 0.656250
vt 0.515625 0.671875
vt 0.531250 0.671875
vt 0.531250 0.687500
vt 0.515625 0.687500
vt 0.515625 0.640625
vt 0.531250 0.640625
vt 0.531250 0.656250
vt 0.515625 0.656250
vt 0.546875 0.640625
vt 0.562500 0.640625
vt 0.562500 0.656250
vt 0.546875 0.656250
vt 0.515625 0.734375
vt 0.531250 0.734375
vt 0.531250 0.750000
vt 0.515625 0.750000
vt 0.515625 0.703125
vt 0.531250 0.703125
vt 0.531250 0.718750
vt 0.515625 0.718750
vt 0.546875 0.703125
vt 0.562500 0.703125
vt 0.562500 0.718750
vt 0.546875 0.718750
vt 0.578125 0.546875
vt 0.593750 0.546875
vt 0.593750 0.562500
vt 0.578125 0.562500
vt 0.578125 0.515625
vt 0.593750 0.515625
vt 0.593750 0.531250
vt 0.578125 0.531250
vt 0.609375 0.515625
vt 0.625000 0.515625
vt 0.625000 0.531250
vt 0.609375 0.531250
vt 0.515625 0.546875
vt 0.531250 0.546875
vt 0.531250 0.562500
vt 0.515625 0.562500
vt 0.515625 0.515625
vt 0.531250 0.515625
vt 0.531250 0.531250
vt 0.515625 0.531250
vt 0.546875 0.515625
vt 0.562500 0.515625
vt 0.562500 0.531250
vt 0.546875 0.531250
vt 0.515625 0.609375
vt 0.531250 0.609375
vt 0.531250 0.625000
vt 0.515625 0.625000
vt 0.515625 0.578125
vt 0.531250 0.578125
vt 0.531250 0.593750
vt 0.515625 0.593750
vt 0.546875 0.578125
vt 0.562500 0.578125
vt 0.562500 0.593750
vt 0.546875 0.593750
vt 0.703125 0.546875
vt 0.718750 0.546875
vt 0.718750 0.562500
vt 0.703125 0.562500
vt 0.703125 0.515625
vt 0.718750 0.515625
vt 0.718750 0.531250
vt 0.703125 0.531250
vt 0.734375 0.515625
vt 0.750000 0.515625
vt 0.750000 0.531250
vt 0.734375 0.531250
vt 0.640625 0.546875
vt 0.656250 0.546875
vt 0.656250 0.562500
vt 0.640625 0.562500
vt 0.640625 0.515625
vt 0.656250 0.515625
vt 0.656250 0.531250
vt 0.640625 0.531250
vt 0.671875 0.515625
vt 0.687500 0.515625
vt 0.687500 0.531250
vt 0.671875 0.531250
vt 0.640625 0.609375
vt 0.656250 0.609375
vt 0.656250 0.625000
vt 0.640625 0.625000
vt 0.640625 0.578125
vt 0.656250 0.578125
vt 0.656250 0.593750
vt 0.640625 0.593750
vt 0.671875 0.578125
vt 0.687500 0.578125
vt 0.687500 0.593750
vt 0.671875 0.593750
vt 0.578125 0.921875
vt 0.593750 0.921875
vt 0.593750 0.937500
vt 0.578125 0.937500
vt 0.578125 0.890625
vt 0.593750 0.890625
vt 0.593750 0.906250
vt 0.578125 0.906250
vt 0.609375 0.890625
vt 0.625000 0.890625
vt 0.625000 0.906250
vt 0.609375 0.906250
vt 0.515625 0.921875
vt 0.531250 0.921875
vt 0.531250 0.937500
vt 0.515625 0.937500
vt 0.515625 0.890625
vt 0.531250 0.890625
vt 0.531250 0.906250
vt 0.515625 0.906250
vt 0.546875 0.890625
vt 0.562500 0.890625
vt 0.562500 0.906250
vt 0.546875 0.906250
vt 0.515625 0.984375
vt 0.531250 0.984375
vt 0.531250 1.000000
vt 0.515625 1.000000
vt 0.515625 0.953125
vt 0.531250 0.953125
vt 0.531250 0.968750
vt 0.515625 0.968750
vt 0.546875 0.953125
vt 0.562500 0.953125
vt 0.562500 0.968750
vt 0.546875 0.968750
vt 0.578125 0.796875
vt 0.593750 0.796875
vt 0.593750 0.812500
vt 0.578125 0.812500
vt 0.578125 0.765625
vt 0.593750 0.765625
vt 0.593750 0.781250
vt 0.578125 0.781250
vt 0.609375 0.765625
vt 0.625000 0.765625
vt 0.625000 0.781250
vt 0.609375 0.781250
vt 0.515625 0.796875
vt 0.531250 0.796875
vt 0.531250 0.812500
vt 0.515625 0.812500
vt 0.515625 0.765625
vt 0.531250 0.765625
vt 0.531250 0.781250
vt 0.515625 0.781250
vt 0.546875 0.765625
vt 0.562500 0.765625
vt 0.562500 0.781250
vt 0.546875 0.781250
vt 0.515625 0.859375
vt 0.531250 0.859375
vt 0.531250 0.875000
vt 0.515625 0.875000
vt 0.515625 0.828125
vt 0.531250 0.828125
vt 0.531250 0.843750
vt 0.515625 0.843750
vt 0.546875 0.828125
vt 0.562500 0.828125
vt 0.562500 0.843750
vt 0.546875 0.843750
vt 0.703125 0.796875
vt 0.718750 0.796875
vt 0.718750 0.812500
vt 0.703125 0.812500
vt 0.703125 0.765625
vt 0.718750 0.765625
vt 0.718750 0.781250
vt 0.703125 0.781250
vt 0.734375 0.765625
vt 0.750000 0.765625
vt 0.750000 0.781250
vt 0.734375 0.781250
vt 0.640625 0.796875
vt 0.656250 0.796875
vt 0.656250 0.812500
vt 0.640625 0.812500
vt 0.640625 0.765625
vt 0.656250 0.765625
vt 0.656250 0.781250
vt 0.640625 0.781250
vt 0.671875 0.765625
vt 0.687500 0.765625
vt 0.687500 0.781250
vt 0.671875 0.781250
vt 0.640625 0.859375
vt 0.656250 0.859375
vt 0.656250 0.875000
vt 0.640625 0.875000
vt 0.640625 0.828125
vt 0.656250 0.828125
vt 0.656250 0.843750
vt 0.640625 0.843750
vt 0.671875 0.828125
vt 0.687500 0.828125
vt 0.687500 0.843750
vt 0.671875 0.843750
vt 0.328125 0.671875
vt 0.343750 0.671875
vt 0.343750 0.687500
vt 0.328125 0.687500
vt 0.328125 0.640625
vt 0.343750 0.640625
vt 0.343750 0.656250
vt 0.328125 0.656250
vt 0.359375 0.640625
vt 0.375000 0.640625
vt 0.375000 0.656250
vt 0.359375 0.656250
vt 0.265625 0.671875
vt 0.281250 0.671875
vt 0.281250 0.687500
vt 0.265625 0.687500
vt 0.265625 0.640625
vt 0.281250 0.640625
vt 0.281250 0.656250
vt 0.265625 0.656250
vt 0.296875 0.640625
vt 0.312500 0.640625
vt 0.312500 0.656250
vt 0.296875 0.656250
vt 0.265625 0.734375
vt 0.281250 0.734375
vt 0.281250 0.750000
vt 0.265625 0.750000
vt 0.265625 0.703125
vt 0.281250 0.703125
vt 0.281250 0.718750
vt 0.265625 0.718750
vt 0.296875 0.703125
vt 0.312500 0.703125
vt 0.312500 0.718750
vt 0.296875 0.718750
vt 0.328125 0.546875
vt 0.343750 0.546875
vt 0.343750 0.562500
vt 0.328125 0.562500
vt 0.328125 0.515625
vt 0.343750 0.515625
vt 0.343750 0.531250
vt 0.328125 0.531250
vt 0.359375 0.515625
vt 0.375000 0.515625
vt 0.375000 0.531250
vt 0.359375 0.531250
vt 0.265625 0.546875
vt 0.281250 0.546875
vt 0.281250 0.562500
vt 0.265625 0.562500
vt 0.265625 0.515625
vt 0.281250 0.515625
vt 0.281250 0.531250
vt 0.265625 0.531250
vt 0.296875 0.515625
vt 0.312500 0.515625
vt 0.312500 0.531250
vt 0.296875 0.531250
vt 0.265625 0.609375
vt 0.281250 0.609375
vt 0.281250 0.625000
vt 0.265625 0.625000
vt 0.265625 0.578125
vt 0.281250 0.578125
vt 0.281250 0.593750
vt 0.265625 0.593750
vt 0.296875 0.578125
vt 0.312500 0.578125
vt 0.312500 0.593750
vt 0.296875 0.593750
vt 0.453125 0.546875
vt 0.468750 0.546875
vt 0.468750 0.562500
vt 0.453125 0.562500
vt 0.453125 0.515625
vt 0.468750 0.515625
vt 0.468750 0.531250
vt 0.453125 0.531250
vt 0.484375 0.515625
vt 0.500000 0.515625
vt 0.500000 0.531250
vt 0.484375 0.531250
vt 0.390625 0.546875
vt 0.406250 0.546875
vt 0.406250 0.562500
vt 0.390625 0.562500
vt 0.390625 0.515625
vt 0.406250 0.515625
vt 0.406250 0.531250
vt 0.390625 0.531250
vt 0.421875 0.515625
vt 0.437500 0.515625
vt 0.437500 0.531250
vt 0.421875 0.531250
vt 0.390625 0.609375
vt 0.406250 0.609375
vt 0.406250 0.625000
vt 0.390625 0.625000
vt 0.390625 0.578125
vt 0.406250 0.578125
vt 0.406250 0.593750
vt 0.390625 0.593750
vt 0.421875 0.578125
vt 0.437500 0.578125
vt 0.437500 0.593750
vt 0.421875 0.593750
vt 0.078125 0.671875
vt 0.093750 0.671875
vt 0.093750 0.687500
vt 0.078125 0.687500
vt 0.078125 0.640625
vt 0.093750 0.640625
vt 0.093750 0.656250
vt 0.078125 0.656250
vt 0.109375 0.640625
vt 0.125000 0.640625
vt 0.125000 0.656250
vt 0.109375 0.656250
vt 0.015625 0.671875
vt 0.031250 0.671875
vt 0.031250 0.687500
vt 0.015625 0.687500
vt 0.015625 0.640625
vt 0.031250 0.640625
vt 0.031250 0.656250
vt 0.015625 0.656250
vt 0.046875 0.640625
vt 0.062500 0.640625
vt 0.062500 0.656250
vt 0.046875 0.656250
vt 0.015625 0.734375
vt 0.031250 0.734375
vt 0.031250 0.750000
vt 0.015625 0.750000
vt 0.015625 0.703125
vt 0.031250 0.703125
vt 0.031250 0.718750
vt 0.015625 0.718750
vt 0.046875 0.703125
vt 0.062500 0.703125
vt 0.062500 0.718750
vt 0.046875 0.718750
vt 0.078125 0.546875
vt 0.093750 0.546875
vt 0.093750 0.562500
vt 0.078125 0.562500
vt 0.078125 0.515625
vt 0.093750 0.515625
vt 0.093750 0.531250
vt 0.078125 0.531250
vt 0.109375 0.515625
vt 0.125000 0.515625
vt 0.125000 0.531250
vt 0.109375 0.531250
vt 0.015625 0.546875
vt 0.031250 0.546875
vt 0.031250 0.562500
vt 0.015625 0.562500
vt 0.015625 0.515625
vt 0.031250 0.515625
vt 0.031250 0.531250
vt 0.015625 0.531250
vt 0.046875 0.515625
vt 0.062500 0.515625
vt 0.062500 0.531250
vt 0.046875 0.531250
vt 0.015625 0.609375
vt 0.031250 0.609375
vt 0.031250 0.625000
vt 0.015625 0.625000
vt 0.015625 0.578125
vt 0.031250 0.578125
vt 0.031250 0.593750
vt 0.015625 0.593750
vt 0.046875 0.578125
vt 0.062500 0.578125
vt 0.062500 0.593750
vt 0.046875 0.593750
vt 0.203125 0.546875
vt 0.218750 0.546875
vt 0.218750 0.562500
vt 0.203125 0.562500
vt 0.203125 0.515625
vt 0.218750 0.515625
vt 0.218750 0.531250
vt 0.203125 0.531250
vt 0.234375 0.515625
vt 0.250000 0.515625
vt 0.250000 0.531250
vt 0.234375 0.531250
vt 0.140625 0.546875
vt 0.156250 0.546875
vt 0.156250 0.562500
vt 0.140625 0.562500
vt 0.140625 0.515625
vt 0.156250 0.515625
vt 0.156250 0.531250
vt 0.140625 0.531250
vt 0.171875 0.515625
vt 0.187500 0.515625
vt 0.187500 0.531250
vt 0.171875 0.531250
vt 0.140625 0.609375
vt 0.156250 0.609375
vt 0.156250 0.625000
vt 0.140625 0.625000
vt 0.140625 0.578125
vt 0.156250 0.578125
vt 0.156250 0.593750
vt 0.140625 0.593750
vt 0.171875 0.578125
vt 0.187500 0.578125
vt 0.187500 0.593750
vt 0.171875 0.593750
vt 0.078125 0.921875
vt 0.093750 0.921875
vt 0.093750 0.937500
vt 0.078125 0.937500
vt 0.078125 0.890625
vt 0.093750 0.890625
vt 0.093750 0.906250
vt 0.078125 0.906250
vt 0.109375 0.890625
vt 0.125000 0.890625
vt 0.125000 0.906250
vt 0.109375 0.906250
vt 0.015625 0.921875
vt 0.031250 0.921875
vt 0.031250 0.937500
vt 0.015625 0.937500
vt 0.015625 0.890625
vt 0.031250 0.890625
vt 0.031250 0.906250
vt 0.015625 0.906250
vt 0.046875 0.890625
vt 0.062500 0.890625
vt 0.062500 0.906250
vt 0.046875 0.906250
vt 0.015625 0.984375
vt 0.031250 0.984375
vt 0.031250 1.000000
vt 0.015625 1.000000
vt 0.015625 0.953125
vt 0.031250 0.953125
vt 0.031250 0.968750
vt 0.015625 0.968750
vt 0.046875 0.953125
vt 0.062500 0.953125
vt 0.062500 0.968750
vt 0.046875 0.968750
vt 0.078125 0.796875
vt 0.093750 0.796875
vt 0.093750 0.812500
vt 0.078125 0.812500
vt 0.078125 0.765625
vt 0.093750 0.765625
vt 0.093750 0.781250
vt 0.078125 0.781250
vt 0.109375 0.765625
vt 0.125000 0.765625
vt 0.125000 0.781250
vt 0.109375 0.781250
vt 0.015625 0.796875
vt 0.031250 0.796875
vt 0.031250 0.812500
vt 0.015625 0.812500
vt 0.015625 0.765625
vt 0.031250 0.765625
vt 0.031250 0.781250
vt 0.015625 0.781250
vt 0.046875 0.765625
vt 0.062500 0.765625
vt 0.062500 0.781250
vt 0.046875 0.781250
vt 0.015625 0.859375
vt 0.031250 0.859375
vt 0.031250 0.875000
vt 0.015625 0.875000
vt 0.015625 0.828125
vt 0.031250 0.828125
vt 0.031250 0.843750
vt 0.015625 0.843750
vt 0.046875 0.828125
vt 0.062500 0.828125
vt 0.062500 0.843750
vt 0.046875 0.843750
vt 0.203125 0.796875
vt 0.218750 0.796875
vt 0.218750 0.812500
vt 0.203125 0.812500
vt 0.203125 0.765625
vt 0.218750 0.765625
vt 0.218750 0.781250
vt 0.203125 0.781250
vt 0.234375 0.765625
vt 0.250000 0.765625
vt 0.250000 0.781250
vt 0.234375 0.781250
vt 0.140625 0.796875
vt 0.156250 0.796875
vt 0.156250 0.812500
vt 0.140625 0.812500
vt 0.140625 0.765625
vt 0.156250 0.765625
vt 0.156250 0.781250
vt 0.140625 0.781250
vt 0.171875 0.765625
vt 0.187500 0.765625
vt 0.187500 0.781250
vt 0.171875 0.781250
vt 0.140625 0.859375
vt 0.156250 0.859375
vt 0.156250 0.875000
vt 0.140625 0.875000
vt 0.140625 0.828125
vt 0.156250 0.828125
vt 0.156250 0.843750
vt 0.140625 0.843750
vt 0.171875 0.828125
vt 0.187500 0.828125
vt 0.187500 0.843750
vt 0.171875 0.843750
vt 0.328125 0.171875
vt 0.343750 0.171875
vt 0.343750 0.187500
vt 0.328125 0.187500
vt 0.328125 0.140625
vt 0.343750 0.140625
vt 0.343750 0.156250
vt 0.328125 0.156250
vt 0.359375 0.140625
vt 0.375000 0.140625
vt 0.375000 0.156250
vt 0.359375 0.156250
vt 0.265625 0.171875
vt 0.281250 0.171875
vt 0.281250 0.187500
vt 0.265625 0.187500
vt 0.265625 0.140625
vt 0.281250 0.140625
vt 0.281250 0.156250
vt 0.265625 0.156250
vt 0.296875 0.140625
vt 0.312500 0.140625
vt 0.312500 0.156250
vt 0.296875 0.156250
vt 0.265625 0.234375
vt 0.281250 0.234375
vt 0.281250 0.250000
vt 0.265625 0.250000
vt 0.265625 0.203125
vt 0.281250 0.203125
vt 0.281250 0.218750
vt 0.265625 0.218750
vt 0.296875 0.203125
vt 0.312500 0.203125
vt 0.312500 0.218750
vt 0.296875 0.218750
vt 0.328125 0.046875
vt 0.343750 0.046875
vt 0.343750 0.062500
vt 0.328125 0.062500
vt 0.328125 0.015625
vt 0.343750 0.015625
vt 0.343750 0.031250
vt 0.328125 0.031250
vt 0.359375 0.015625
vt 0.375000 0.015625
vt 0.375000 0.031250
vt 0.359375 0.031250
vt 0.265625 0.046875
vt 0.281250 0.046875
vt 0.281250 0.062500
vt 0.265625 0.062500
vt 0.265625 0.015625
vt 0.281250 0.015625
vt 0.281250 0.031250
vt 0.265625 0.031250
vt 0.296875 0.015625
vt 0.312500 0.015625
vt 0.312500 0.031250
vt 0.296875 0.031250
vt 0.265625 0.109375
vt 0.281250 0.109375
vt 0.281250 0.125000
vt 0.265625 0.125000
vt 0.265625 0.078125
vt 0.281250 0.078125
vt 0.281250 0.093750
vt 0.265625 0.093750
vt 0.296875 0.078125
vt 0.312500 0.078125
vt 0.312500 0.093750
vt 0.296875 0.093750
vt 0.453125 0.046875
vt 0.468750 0.046875
vt 0.468750 0.062500
vt 0.453125 0.062500
vt 0.453125 0.015625
vt 0.468750 0.015625
vt 0.468750 0.031250
vt 0.453125 0.031250
vt 0.484375 0.015625
vt 0.500000 0.015625
vt 0.500000 0.031250
vt 0.484375 0.031250
vt 0.390625 0.046875
vt 0.406250 0.046875
vt 0.406250 0.062500
vt 0.390625 0.062500
vt 0.390625 0.015625
vt 0.406250 0.015625
vt 0.406250 0.031250
vt 0.390625 0.031250
vt 0.421875 0.015625
vt 0.437500 0.015625
vt 0.437500 0.031250
vt 0.421875 0.031250
vt 0.390625 0.109375
vt 0.406250 0.109375
vt 0.406250 0.125000
vt 0.390625 0.125000
vt 0.390625 0.078125
vt 0.406250 0.078125
vt 0.406250 0.093750
vt 0.390625 0.093750
vt 0.421875 0.078125
vt 0.437500 0.078125
vt 0.437500 0.093750
vt 0.421875 0.093750
vt 0.078125 0.171875
vt 0.093750 0.171875
vt 0.093750 0.187500
vt 0.078125 0.187500
vt 0.078125 0.140625
vt 0.093750 0.140625
vt 0.093750 0.156250
vt 0.078125 0.156250
vt 0.109375 0.140625
vt 0.125000 0.140625
vt 0.125000 0.156250
vt 0.109375 0.156250
vt 0.015625 0.171875
vt 0.031250 0.171875
vt 0.031250 0.187500
vt 0.015625 0.187500
vt 0.015625 0.140625
vt 0.031250 0.140625
vt 0.031250 0.156250
vt 0.015625 0.156250
vt 0.046875 0.140625
vt 0.062500 0.140625
vt 0.062500 0.156250
vt 0.046875 0.156250
vt 0.015625 0.234375
vt 0.031250 0.234375
vt 0.031250 0.250000
vt 0.015625 0.250000
vt 0.015625 0.203125
vt 0.031250 0.203125
vt 0.031250 0.218750
vt 0.015625 0.218750
vt 0.046875 0.203125
vt 0.062500 0.203125
vt 0.062500 0.218750
vt 0.046875 0.218750
vt 0.078125 0.046875
vt 0.093750 0.046875
vt 0.093750 0.062500
vt 0.078125 0.062500
vt 0.078125 0.015625
vt 0.093750 0.015625
vt 0.093750 0.031250
vt 0.078125 0.031250
vt 0.109375 0.015625
vt 0.125000 0.015625
vt 0.125000 0.031250
vt 0.109375 0.031250
vt 0.015625 0.046875
vt 0.031250 0.046875
vt 0.031250 0.062500
vt 0.015625 0.062500
vt 0.015625 0.015625
vt 0.031250 0.015625
vt 0.031250 0.031250
vt 0.015625 0.031250
vt 0.046875 0.015625
vt 0.062500 0.015625
vt 0.062500 0.031250
vt 0.046875 0.031250
vt 0.015625 0.109375
vt 0.031250 0.109375
vt 0.031250 0.125000
vt 0.015625 0.125000
vt 0.015625 0.078125
vt 0.031250 0.078125
vt 0.031250 0.093750
vt 0.015625 0.093750
vt 0.046875 0.078125
vt 0.062500 0.078125
vt 0.062500 0.093750
vt 0.046875 0.093750
vt 0.203125 0.046875
vt 0.218750 0.046875
vt 0.218750 0.062500
vt 0.203125 0.062500
vt 0.203125 0.015625
vt 0.218750 0.015625
vt 0.218750 0.031250
vt 0.203125 0.031250
vt 0.234375 0.015625
vt 0.250000 0.015625
vt 0.250000 0.031250
vt 0.234375 0.031250
vt 0.140625 0.046875
vt 0.156250 0.046875
vt 0.156250 0.062500
vt 0.140625 0.062500
vt 0.140625 0.015625
vt 0.156250 0.015625
vt 0.156250 0.031250
vt 0.140625 0.031250
vt 0.171875 0.015625
vt 0.187500 0.015625
vt 0.187500 0.031250
vt 0.171875 0.031250
vt 0.140625 0.109375
vt 0.156250 0.109375
vt 0.156250 0.125000
vt 0.140625 0.125000
vt 0.140625 0.078125
vt 0.156250 0.078125
vt 0.156250 0.093750
vt 0.140625 0.093750
vt 0.171875 0.078125
vt 0.187500 0.078125
vt 0.187500 0.093750
vt 0.171875 0.093750
vt 0.078125 0.421875
vt 0.093750 0.421875
vt 0.093750 0.437500
vt 0.078125 0.437500
vt 0.078125 0.390625
vt 0.093750 0.390625
vt 0.093750 0.406250
vt 0.078125 0.406250
vt 0.109375 0.390625
vt 0.125000 0.390625
vt 0.125000 0.406250
vt 0.109375 0.406250
vt 0.015625 0.421875
vt 0.031250 0.421875
vt 0.031250 0.437500
vt 0.015625 0.437500
vt 0.015625 0.390625
vt 0.031250 0.390625
vt 0.031250 0.406250
vt 0.015625 0.406250
vt 0.046875 0.390625
vt 0.062500 0.390625
vt 0.062500 0.406250
vt 0.046875 0.406250
vt 0.015625 0.484375
vt 0.031250 0.484375
vt 0.031250 0.500000
vt 0.015625 0.500000
vt 0.015625 0.453125
vt 0.031250 0.453125
vt 0.031250 0.468750
vt 0.015625 0.468750
vt 0.046875 0.453125
vt 0.062500 0.453125
vt 0.062500 0.468750
vt 0.046875 0.468750
vt 0.078125 0.296875
vt 0.093750 0.296875
vt 0.093750 0.312500
vt 0.078125 0.312500
vt 0.078125 0.265625
vt 0.093750 0.265625
vt 0.093750 0.281250
vt 0.078125 0.281250
vt 0.109375 0.265625
vt 0.125000 0.265625
vt 0.125000 0.281250
vt 0.109375 0.281250
vt 0.015625 0.296875
vt 0.031250 0.296875
vt 0.031250 0.312500
vt 0.015625 0.312500
vt 0.015625 0.265625
vt 0.031250 0.265625
vt 0.031250 0.281250
vt 0.015625 0.281250
vt 0.046875 0.265625
vt 0.062500 0.265625
vt 0.062500 0.281250
vt 0.046875 0.281250
vt 0.015625 0.359375
vt 0.031250 0.359375
vt 0.031250 0.375000
vt 0.015625 0.375000
vt 0.015625 0.328125
vt 0.031250 0.328125
vt 0.031250 0.343750
vt 0.015625 0.343750
vt 0.046875 0.328125
vt 0.062500 0.328125
vt 0.062500 0.343750
vt 0.046875 0.343750
vt 0.203125 0.296875
vt 0.218750 0.296875
vt 0.218750 0.312500
vt 0.203125 0.312500
vt 0.203125 0.265625
vt 0.218750 0.265625
vt 0.218750 0.281250
vt 0.203125 0.281250
vt 0.234375 0.265625
vt 0.250000 0.265625
vt 0.250000 0.281250
vt 0.234375 0.281250
vt 0.140625 0.296875
vt 0.156250 0.296875
vt 0.156250 0.312500
vt 0.140625 0.312500
vt 0.140625 0.265625
vt 0.156250 0.265625
vt 0.156250 0.281250
vt 0.140625 0.281250
vt 0.171875 0.265625
vt 0.187500 0.265625
vt 0.187500 0.281250
vt 0.171875 0.281250
vt 0.140625 0.359375
vt 0.156250 0.359375
vt 0.156250 0.375000
vt 0.140625 0.375000
vt 0.140625 0.328125
vt 0.156250 0.328125
vt 0.156250 0.343750
vt 0.140625 0.343750
vt 0.171875 0.328125
vt 0.187500 0.328125
vt 0.187500 0.343750
vt 0.171875 0.343750
vt 0.828125 0.171875
vt 0.843750 0.171875
vt 0.843750 0.187500
vt 0.828125 0.187500
vt 0.828125 0.140625
vt 0.843750 0.140625
vt 0.843750 0.156250
vt 0.828125 0.156250
vt 0.859375 0.140625
vt 0.875000 0.140625
vt 0.875000 0.156250
vt 0.859375 0.156250
vt 0.765625 0.171875
vt 0.781250 0.171875
vt 0.781250 0.187500
vt 0.765625 0.187500
vt 0.765625 0.140625
vt 0.781250 0.140625
vt 0.781250 0.156250
vt 0.765625 0.156250
vt 0.796875 0.140625
vt 0.812500 0.140625
vt 0.812500 0.156250
vt 0.796875 0.156250
vt 0.765625 0.234375
vt 0.781250 0.234375
vt 0.781250 0.250000
vt 0.765625 0.250000
vt 0.765625 0.203125
vt 0.781250 0.203125
vt 0.781250 0.218750
vt 0.765625 0.218750
vt 0.796875 0.203125
vt 0.812500 0.203125
vt 0.812500 0.218750
vt 0.796875 0.218750
vt 0.828125 0.046875
vt 0.843750 0.046875
vt 0.843750 0.062500
vt 0.828125 0.062500
vt 0.828125 0.015625
vt 0.843750 0.015625
vt 0.843750 0.031250
vt 0.828125 0.031250
vt 0.859375 0.015625
vt 0.875000 0.015625
vt 0.875000 0.031250
vt 0.859375 0.031250
vt 0.765625 0.046875
vt 0.781250 0.046875
vt 0.781250 0.062500
vt 0.765625 0.062500
vt 0.765625 0.015625
vt 0.781250 0.015625
vt 0.781250 0.031250
vt 0.765625 0.031250
vt 0.796875 0.015625
vt 0.812500 0.015625
vt 0.812500 0.031250
vt 0.796875 0.031250
vt 0.765625 0.109375
vt 0.781250 0.109375
vt 0.781250 0.125000
vt 0.765625 0.125000
vt 0.765625 0.078125
vt 0.781250 0.078125
vt 0.781250 0.093750
vt 0.765625 0.093750
vt 0.796875 0.078125
vt 0.812500 0.078125
vt 0.812500 0.093750
vt 0.796875 0.093750
vt 0.953125 0.046875
vt 0.968750 0.046875
vt 0.968750 0.062500
vt 0.953125 0.062500
vt 0.953125 0.015625
vt 0.968750 0.015625
vt 0.968750 0.031250
vt 0.953125 0.031250
vt 0.984375 0.015625
vt 1.000000 0.015625
vt 1.000000 0.031250
vt 0.984375 0.031250
vt 0.890625 0.046875
vt 0.906250 0.046875
vt 0.906250 0.062500
vt 0.890625 0.062500
vt 0.890625 0.015625
vt 0.906250 0.015625
vt 0.906250 0.031250
vt 0.890625 0.031250
vt 0.921875 0.015625
vt 0.937500 0.015625
vt 0.937500 0.031250
vt 0.921875 0.031250
vt 0.890625 0.109375
vt 0.906250 0.109375
vt 0.906250 0.125000
vt 0.890625 0.125000
vt 0.890625 0.078125
vt 0.906250 0.078125
vt 0.906250 0.093750
vt 0.890625 0.093750
vt 0.921875 0.078125
vt 0.937500 0.078125
vt 0.937500 0.093750
vt 0.921875 0.093750
vt 0.578125 0.171875
vt 0.593750 0.171875
vt 0.593750 0.187500
vt 0.578125 0.187500
vt 0.578125 0.140625
vt 0.593750 0.140625
vt 0.593750 0.156250
vt 0.578125 0.156250
vt 0.609375 0.140625
vt 0.625000 0.140625
vt 0.625000 0.156250
vt 0.609375 0.156250
vt 0.515625 0.171875
vt 0.531250 0.171875
vt 0.531250 0.187500
vt 0.515625 0.187500
vt 0.515625 0.140625
vt 0.531250 0.140625
vt 0.531250 0.156250
vt 0.515625 0.156250
vt 0.546875 0.140625
vt 0.562500 0.140625
vt 0.562500 0.156250
vt 0.546875 0.156250
vt 0.515625 0.234375
vt 0.531250 0.234375
vt 0.531250 0.250000
vt 0.515625 0.250000
vt 0.515625 0.203125
vt 0.531250 0.203125
vt 0.531250 0.218750
vt 0.515625 0.218750
vt 0.546875 0.203125
vt 0.562500 0.203125
vt 0.562500 0.218750
vt 0.546875 0.218750
vt 0.578125 0.046875
vt 0.593750 0.046875
vt 0.593750 0.062500
vt 0.578125 0.062500
vt 0.578125 0.015625
vt 0.593750 0.015625
vt 0.593750 0.031250
vt 0.578125 0.031250
vt 0.609375 0.015625
vt 0.625000 0.015625
vt 0.625000 0.031250
vt 0.609375 0.031250
vt 0.515625 0.046875
vt 0.531250 0.046875
vt 0.531250 0.062500
vt 0.515625 0.062500
vt 0.515625 0.015625
vt 0.531250 0.015625
vt 0.531250 0.031250
vt 0.515625 0.031250
vt 0.546875 0.015625
vt 0.562500 0.015625
vt 0.562500 0.031250
vt 0.546875 0.031250
vt 0.515625 0.109375
vt 0.531250 0.109375
vt 0.531250 0.125000
vt 0.515625 0.125000
vt 0.515625 0.078125
vt 0.531250 0.078125
vt 0.531250 0.093750
vt 0.515625 0.093750
vt 0.546875 0.078125
vt 0.562500 0.078125
vt 0.562500 0.093750
vt 0.546875 0.093750
vt 0.703125 0.046875
vt 0.718750 0.046875
vt 0.718750 0.062500
vt 0.703125 0.062500
vt 0.703125 0.015625
vt 0.718750 0.015625
vt 0.718750 0.031250
vt 0.703125 0.031250
vt 0.734375 0.015625
vt 0.750000 0.015625
vt 0.750000 0.031250
vt 0.734375 0.031250
vt 0.640625 0.046875
vt 0.656250 0.046875
vt 0.656250 0.062500
vt 0.640625 0.062500
vt 0.640625 0.015625
vt 0.656250 0.015625
vt 0.656250 0.031250
vt 0.640625 0.031250
vt 0.671875 0.015625
vt 0.687500 0.015625
vt 0.687500 0.031250
vt 0.671875 0.031250
vt 0.640625 0.109375
vt 0.656250 0.109375
vt 0.656250 0.125000
vt 0.640625 0.125000
vt 0.640625 0.078125
vt 0.656250 0.078125
vt 0.656250 0.093750
vt 0.640625 0.093750
vt 0.671875 0.078125
vt 0.687500 0.078125
vt 0.687500 0.093750
vt 0.671875 0.093750
vt 0.578125 0.421875
vt 0.593750 0.421875
vt 0.593750 0.437500
vt 0.578125 0.437500
vt 0.578125 0.390625
vt 0.593750 0.390625
vt 0.593750 0.406250
vt 0.578125 0.406250
vt 0.609375 0.390625
vt 0.625000 0.390625
vt 0.625000 0.406250
vt 0.609375 0.406250
vt 0.515625 0.421875
vt 0.531250 0.421875
vt 0.531250 0.437500
vt 0.515625 0.437500
vt 0.515625 0.390625
vt 0.531250 0.390625
vt 0.531250 0.406250
vt 0.515625 0.406250
vt 0.546875 0.390625
vt 0.562500 0.390625
vt 0.562500 0.406250
vt 0.546875 0.406250
vt 0.515625 0.484375
vt 0.531250 0.484375
vt 0.531250 0.500000
vt 0.515625 0.500000
vt 0.515625 0.453125
vt 0.531250 0.453125
vt 0.531250 0.468750
vt 0.515625 0.468750
vt 0.546875 0.453125
vt 0.562500 0.453125
vt 0.562500 0.468750
vt 0.546875 0.468750
vt 0.578125 0.296875
vt 0.593750 0.296875
vt 0.593750 0.312500
vt 0.578125 0.312500
vt 0.578125 0.265625
vt 0.593750 0.265625
vt 0.593750 0.281250
vt 0.578125 0.281250
vt 0.609375 0.265625
vt 0.625000 0.265625
vt 0.625000 0.281250
vt 0.609375 0.281250
vt 0.515625 0.296875
vt 0.531250 0.296875
vt 0.531250 0.312500
vt 0.515625 0.312500
vt 0.515625 0.265625
vt 0.531250 0.265625
vt 0.531250 0.281250
vt 0.515625 0.281250
vt 0.546875 0.265625
vt 0.562500 0.265625
vt 0.562500 0.281250
vt 0.546875 0.281250
vt 0.515625 0.359375
vt 0.531250 0.359375
vt 0.531250 0.375000
vt 0.515625 0.375000
vt 0.515625 0.328125
vt 0.531250 0.328125
vt 0.531250 0.343750
vt 0.515625 0.343750
vt 0.546875 0.328125
vt 0.562500 0.328125
vt 0.562500 0.343750
vt 0.546875 0.343750
vt 0.703125 0.296875
vt 0.718750 0.296875
vt 0.718750 0.312500
vt 0.703125 0.312500
vt 0.703125 0.265625
vt 0.718750 0.265625
vt 0.718750 0.281250
vt 0.703125 0.281250
vt 0.734375 0.265625
vt 0.750000 0.265625
vt 0.750000 0.281250
vt 0.734375 0.281250
vt 0.640625 0.296875
vt 0.656250 0.296875
vt 0.656250 0.312500
vt 0.640625 0.312500
vt 0.640625 0.265625
vt 0.656250 0.265625
vt 0.656250 0.281250
vt 0.640625 0.281250
vt 0.671875 0.265625
vt 0.687500 0.265625
vt 0.687500 0.281250
vt 0.671875 0.281250
vt 0.640625 0.359375
vt 0.656250 0.359375
vt 0.656250 0.375000
vt 0.640625 0.375000
vt 0.640625 0.328125
vt 0.656250 0.328125
vt 0.656250 0.343750
vt 0.640625 0.343750
vt 0.671875 0.328125
vt 0.687500 0.328125
vt 0.687500 0.343750
vt 0.671875 0.343750
vt 0.828125 0.421875
vt 0.843750 0.421875
vt 0.843750 0.437500
vt 0.828125 0.437500
vt 0.828125 0.390625
vt 0.843750 0.390625
vt 0.843750 0.406250
vt 0.828125 0.406250
vt 0.859375 0.390625
vt 0.875000 0.390625
vt 0.875000 0.406250
vt 0.859375 0.406250
vt 0.765625 0.421875
vt 0.781250 0.421875
vt 0.781250 0.437500
vt 0.765625 0.437500
vt 0.765625 0.390625
vt 0.781250 0.390625
vt 0.781250 0.406250
vt 0.765625 0.406250
vt 0.796875 0.390625
vt 0.812500 0.390625
vt 0.812500 0.406250
vt 0.796875 0.406250
vt 0.765625 0.484375
vt 0.781250 0.484375
vt 0.781250 0.500000
vt 0.765625 0.500000
vt 0.765625 0.453125
vt 0.781250 0.453125
vt 0.781250 0.468750
vt 0.765625 0.468750
vt 0.796875 0.453125
vt 0.812500 0.453125
vt 0.812500 0.468750
vt 0.796875 0.468750
vt 0.828125 0.296875
vt 0.843750 0.296875
vt 0.843750 0.312500
vt 0.828125 0.312500
vt 0.828125 0.265625
vt 0.843750 0.265625
vt 0.843750 0.281250
vt 0.828125 0.281250
vt 0.859375 0.265625
vt 0.875000 0.265625
vt 0.875000 0.281250
vt 0.859375 0.281250
vt 0.765625 0.296875
vt 0.781250 0.296875
vt 0.781250 0.312500
vt 0.765625 0.312500
vt 0.765625 0.265625
vt 0.781250 0.265625
vt 0.781250 0.281250
vt 0.765625 0.281250
vt 0.796875 0.265625
vt 0.812500 0.265625
vt 0.812500 0.281250
vt 0.796875 0.281250
vt 0.765625 0.359375
vt 0.781250 0.359375
vt 0.781250 0.375000
vt 0.765625 0.375000
vt 0.765625 0.328125
vt 0.781250 0.328125
vt 0.781250 0.343750
vt 0.765625 0.343750
vt 0.796875 0.328125
vt 0.812500 0.328125
vt 0.812500 0.343750
vt 0.796875 0.343750
vt 0.953125 0.296875
vt 0.968750 0.296875
vt 0.968750 0.312500
vt 0.953125 0.312500
vt 0.953125 0.265625
vt 0.968750 0.265625
vt 0.968750 0.281250
vt 0.953125 0.281250
vt 0.984375 0.265625
vt 1.000000 0.265625
vt 1.000000 0.281250
vt 0.984375 0.281250
vt 0.890625 0.296875
vt 0.906250 0.296875
vt 0.906250 0.312500
vt 0.890625 0.312500
vt 0.890625 0.265625
vt 0.906250 0.265625
vt 0.906250 0.281250
vt 0.890625 0.281250
vt 0.921875 0.265625
vt 0.937500 0.265625
vt 0.937500 0.281250
vt 0.921875 0.281250
vt 0.890625 0.359375
vt 0.906250 0.359375
vt 0.906250 0.375000
vt 0.890625 0.375000
vt 0.890625 0.328125
vt 0.906250 0.328125
vt 0.906250 0.343750
vt 0.890625 0.343750
vt 0.921875 0.328125
vt 0.937500 0.328125
vt 0.937500 0.343750
vt 0.921875 0.343750
vt 0.328125 0.421875
vt 0.343750 0.421875
vt 0.343750 0.437500
vt 0.328125 0.437500
vt 0.328125 0.390625
vt 0.343750 0.390625
vt 0.343750 0.406250
vt 0.328125 0.406250
vt 0.359375 0.390625
vt 0.375000 0.390625
vt 0.375000 0.406250
vt 0.359375 0.406250
vt 0.265625 0.421875
vt 0.281250 0.421875
vt 0.281250 0.437500
vt 0.265625 0.437500
vt 0.265625 0.390625
vt 0.281250 0.390625
vt 0.281250 0.406250
vt 0.265625 0.406250
vt 0.296875 0.390625
vt 0.312500 0.390625
vt 0.312500 0.406250
vt 0.296875 0.406250
vt 0.265625 0.484375
vt 0.281250 0.484375
vt 0.281250 0.500000
vt 0.265625 0.500000
vt 0.265625 0.453125
vt 0.281250 0.453125
vt 0.281250 0.468750
vt 0.265625 0.468750
vt 0.296875 0.453125
vt 0.312500 0.453125
vt 0.312500 0.468750
vt 0.296875 0.468750
vt 0.328125 0.296875
vt 0.343750 0.296875
vt 0.343750 0.312500
vt 0.328125 0.312500
vt 0.328125 0.265625
vt 0.343750 0.265625
vt 0.343750 0.281250
vt 0.328125 0.281250
vt 0.359375 0.265625
vt 0.375000 0.265625
vt 0.375000 0.281250
vt 0.359375 0.281250
vt 0.265625 0.296875
vt 0.281250 0.296875
vt 0.281250 0.312500
vt 0.265625 0.312500
vt 0.265625 0.265625
vt 0.281250 0.265625
vt 0.281250 0.281250
vt 0.265625 0.281250
vt 0.296875 0.265625
vt 0.312500 0.265625
vt 0.312500 0.281250
vt 0.296875 0.281250
vt 0.265625 0.359375
vt 0.281250 0.359375
vt 0.281250 0.375000
vt 0.265625 0.375000
vt 0.265625 0.328125
vt 0.281250 0.328125
vt 0.281250 0.343750
vt 0.265625 0.343750
vt 0.296875 0.328125
vt 0.312500 0.328125
vt 0.312500 0.343750
vt 0.296875 0.343750
vt 0.453125 0.296875
vt 0.468750 0.296875
vt 0.468750 0.312500
vt 0.453125 0.312500
vt 0.453125 0.265625
vt 0.468750 0.265625
vt 0.468750 0.281250
vt 0.453125 0.281250
vt 0.484375 0.265625
vt 0.500000 0.265625
vt 0.500000 0.281250
vt 0.484375 0.281250
vt 0.390625 0.296875
vt 0.406250 0.296875
vt 0.406250 0.312500
vt 0.390625 0.312500
vt 0.390625 0.265625
vt 0.406250 0.265625
vt 0.406250 0.281250
vt 0.390625 0.281250
vt 0.421875 0.265625
vt 0.437500 0.265625
vt 0.437500 0.281250
vt 0.421875 0.281250
vt 0.390625 0.359375
vt 0.406250 0.359375
vt 0.406250 0.375000
vt 0.390625 0.375000
vt 0.390625 0.328125
vt 0.406250 0.328125
vt 0.406250 0.343750
vt 0.390625 0.343750
vt 0.421875 0.328125
vt 0.437500 0.328125
vt 0.437500 0.343750
vt 0.421875 0.343750
vt 0.328125 0.921875
vt 0.343750 0.921875
vt 0.343750 0.937500
vt 0.328125 0.937500
vt 0.328125 0.890625
vt 0.343750 0.890625
vt 0.343750 0.906250
vt 0.328125 0.906250
vt 0.359375 0.890625
vt 0.375000 0.890625
vt 0.375000 0.906250
vt 0.359375 0.906250
vt 0.265625 0.921875
vt 0.281250 0.921875
vt 0.281250 0.937500
vt 0.265625 0.937500
vt 0.265625 0.890625
vt 0.281250 0.890625
vt 0.281250 0.906250
vt 0.265625 0.906250
vt 0.296875 0.890625
vt 0.312500 0.890625
vt 0.312500 0.906250
vt 0.296875 0.906250
vt 0.265625 0.984375
vt 0.281250 0.984375
vt 0.281250 1.000000
vt 0.265625 1.000000
vt 0.265625 0.953125
vt 0.281250 0.953125
vt 0.281250 0.968750
vt 0.265625 0.968750
vt 0.296875 0.953125
vt 0.312500 0.953125
vt 0.312500 0.968750
vt 0.296875 0.968750
vt 0.328125 0.796875
vt 0.343750 0.796875
vt 0.343750 0.812500
vt 0.328125 0.812500
vt 0.328125 0.765625
vt 0.343750 0.765625
vt 0.343750 0.781250
vt 0.328125 0.781250
vt 0.359375 0.765625
vt 0.375000 0.765625
vt 0.375000 0.781250
vt 0.359375 0.781250
vt 0.265625 0.796875
vt 0.281250 0.796875
vt 0.281250 0.812500
vt 0.265625 0.812500
vt 0.265625 0.765625
vt 0.281250 0.765625
vt 0.281250 0.781250
vt 0.265625 0.781250
vt 0.296875 0.765625
vt 0.312500 0.765625
vt 0.312500 0.781250
vt 0.296875 0.781250
vt 0.265625 0.859375
vt 0.281250 0.859375
vt 0.281250 0.875000
vt 0.265625 0.875000
vt 0.265625 0.828125
vt 0.281250 0.828125
vt 0.281250 0.843750
vt 0.265625 0.843750
vt 0.296875 0.828125
vt 0.312500 0.828125
vt 0.312500 0.843750
vt 0.296875 0.843750
vt 0.453125 0.796875
vt 0.468750 0.796875
vt 0.468750 0.812500
vt 0.453125 0.812500
vt 0.453125 0.765625
vt 0.468750 0.765625
vt 0.468750 0.781250
vt 0.453125 0.781250
vt 0.484375 0.765625
vt 0.500000 0.765625
vt 0.500000 0.781250
vt 0.484375 0.781250
vt 0.390625 0.796875
vt 0.406250 0.796875
vt 0.406250 0.812500
vt 0.390625 0.812500
vt 0.390625 0.765625
vt 0.406250 0.765625
vt 0.406250 0.781250
vt 0.390625 0.781250
vt 0.421875 0.765625
vt 0.437500 0.765625
vt 0.437500 0.781250
vt 0.421875 0.781250
vt 0.390625 0.859375
vt 0.406250 0.859375
vt 0.406250 0.875000
vt 0.390625 0.875000
vt 0.390625 0.828125
vt 0.406250 0.828125
vt 0.406250 0.843750
vt 0.390625 0.843750
vt 0.421875 0.828125
vt 0.437500 0.828125
vt 0.437500 0.843750
vt 0.421875 0.843750
vt 0.828125 0.921875
vt 0.843750 0.921875
vt 0.843750 0.937500
vt 0.828125 0.937500
vt 0.828125 0.890625
vt 0.843750 0.890625
vt 0.843750 0.906250
vt 0.828125 0.906250
vt 0.859375 0.890625
vt 0.875000 0.890625
vt 0.875000 0.906250
vt 0.859375 0.906250
vt 0.765625 0.921875
vt 0.781250 0.921875
vt 0.781250 0.937500
vt 0.765625 0.937500
vt 0.765625 0.890625
vt 0.781250 0.890625
vt 0.781250 0.906250
vt 0.765625 0.906250
vt 0.796875 0.890625
vt 0.812500 0.890625
vt 0.812500 0.906250
vt 0.796875 0.906250
vt 0.765625 0.984375
vt 0.781250 0.984375
vt 0.781250 1.000000
vt 0.765625 1.000000
vt 0.765625 0.953125
vt 0.781250 0.953125
vt 0.781250 0.968750
vt 0.765625 0.968750
vt 0.796875 0.953125
vt 0.812500 0.953125
vt 0.812500 0.968750
vt 0.796875 0.968750
vt 0.828125 0.796875
vt 0.843750 0.796875
vt 0.843750 0.812500
vt 0.828125 0.812500
vt 0.828125 0.765625
vt 0.843750 0.765625
vt 0.843750 0.781250
vt 0.828125 0.781250
vt 0.859375 0.765625
vt 0.875000 0.765625
vt 0.875000 0.781250
vt 0.859375 0.781250
vt 0.765625 0.796875
vt 0.781250 0.796875
vt 0.781250 0.812500
vt 0.765625 0.812500
vt 0.765625 0.765625
vt 0.781250 0.765625
vt 0.781250 0.781250
vt 0.765625 0.781250
vt 0.796875 0.765625
vt 0.812500 0.765625
vt 0.812500 0.781250
vt 0.796875 0.781250
vt 0.765625 0.859375
vt 0.781250 0.859375
vt 0.781250 0.875000
vt 0.765625 0.875000
vt 0.765625 0.828125
vt 0.781250 0.828125
vt 0.781250 0.843750
vt 0.765625 0.843750
vt 0.796875 0.828125
vt 0.812500 0.828125
vt 0.812500 0.843750
vt 0.796875 0.843750
vt 0.953125 0.796875
vt 0.968750 0.796875
vt 0.968750 0.812500
vt 0.953125 0.812500
vt 0.953125 0.765625
vt 0.968750 0.765625
vt 0.968750 0.781250
vt 0.953125 0.781250
vt 0.984375 0.765625
vt 1.000000 0.765625
vt 1.000000 0.781250
vt 0.984375 0.781250
vt 0.890625 0.796875
vt 0.906250 0.796875
vt 0.906250 0.812500
vt 0.890625 0.812500
vt 0.890625 0.765625
vt 0.906250 0.765625
vt 0.906250 0.781250
vt 0.890625 0.781250
vt 0.921875 0.765625
vt 0.937500 0.765625
vt 0.937500 0.781250
vt 0.921875 0.781250
vt 0.890625 0.859375
vt 0.906250 0.859375
vt 0.906250 0.875000
vt 0.890625 0.875000
vt 0.890625 0.828125
vt 0.906250 0.828125
vt 0.906250 0.843750
vt 0.890625 0.843750
vt 0.921875 0.828125
vt 0.937500 0.828125
vt 0.937500 0.843750
vt 0.921875 0.843750
vt 0.953125 0.859375
vt 0.968750 0.859375
vt 0.968750 0.875000
vt 0.953125 0.875000
vt 0.953125 0.828125
vt 0.968750 0.828125
vt 0.968750 0.843750
vt 0.953125 0.843750
vt 0.984375 0.828125
vt 1.000000 0.828125
vt 1.000000 0.843750
vt 0.984375 0.843750
vt 0.828125 0.859375
vt 0.843750 0.859375
vt 0.843750 0.875000
vt 0.828125 0.875000
vt 0.828125 0.828125
vt 0.843750 0.828125
vt 0.843750 0.843750
vt 0.828125 0.843750
vt 0.859375 0.828125
vt 0.875000 0.828125
vt 0.875000 0.843750
vt 0.859375 0.843750
vt 0.828125 0.984375
vt 0.843750 0.984375
vt 0.843750 1.000000
vt 0.828125 1.000000
vt 0.828125 0.953125
vt 0.843750 0.953125
vt 0.843750 0.968750
vt 0.828125 0.968750
vt 0.859375 0.953125
vt 0.875000 0.953125
vt 0.875000 0.968750
vt 0.859375 0.968750
vt 0.453125 0.859375
vt 0.468750 0.859375
vt 0.468750 0.875000
vt 0.453125 0.875000
vt 0.453125 0.828125
vt 0.468750 0.828125
vt 0.468750 0.843750
vt 0.453125 0.843750
vt 0.484375 0.828125
vt 0.500000 0.828125
vt 0.500000 0.843750
vt 0.484375 0.843750
vt 0.328125 0.859375
vt 0.343750 0.859375
vt 0.343750 0.875000
vt 0.328125 0.875000
vt 0.328125 0.828125
vt 0.343750 0.828125
vt 0.343750 0.843750
vt 0.328125 0.843750
vt 0.359375 0.828125
vt 0.375000 0.828125
vt 0.375000 0.843750
vt 0.359375 0.843750
vt 0.328125 0.984375
vt 0.343750 0.984375
vt 0.343750 1.000000
vt 0.328125 1.000000
vt 0.328125 0.953125
vt 0.343750 0.953125
vt 0.343750 0.968750
vt 0.328125 0.968750
vt 0.359375 0.953125
vt 0.375000 0.953125
vt 0.375000 0.968750
vt 0.359375 0.968750
vt 0.453125 0.359375
vt 0.468750 0.359375
vt 0.468750 0.375000
vt 0.453125 0.375000
vt 0.453125 0.328125
vt 0.468750 0.328125
vt 0.468750 0.343750
vt 0.453125 0.343750
vt 0.484375 0.328125
vt 0.500000 0.328125
vt 0.500000 0.343750
vt 0.484375 0.343750
vt 0.328125 0.359375
vt 0.343750 0.359375
vt 0.343750 0.375000
vt 0.328125 0.375000
vt 0.328125 0.328125
vt 0.343750 0.328125
vt 0.343750 0.343750
vt 0.328125 0.343750
vt 0.359375 0.328125
vt 0.375000 0.328125
vt 0.375000 0.343750
vt 0.359375 0.343750
vt 0.328125 0.484375
vt 0.343750 0.484375
vt 0.343750 0.500000
vt 0.328125 0.500000
vt 0.328125 0.453125
vt 0.343750 0.453125
vt 0.343750 0.468750
vt 0.328125 0.468750
vt 0.359375 0.453125
vt 0.375000 0.453125
vt 0.375000 0.468750
vt 0.359375 0.468750
vt 0.953125 0.359375
vt 0.968750 0.359375
vt 0.968750 0.375000
vt 0.953125 0.375000
vt 0.953125 0.328125
vt 0.968750 0.328125
vt 0.968750 0.343750
vt 0.953125 0.343750
vt 0.984375 0.328125
vt 1.000000 0.328125
vt 1.000000 0.343750
vt 0.984375 0.343750
vt 0.828125 0.359375
vt 0.843750 0.359375
vt 0.843750 0.375000
vt 0.828125 0.375000
vt 0.828125 0.328125
vt 0.843750 0.328125
vt 0.843750 0.343750
vt 0.828125 0.343750
vt 0.859375 0.328125
vt 0.875000 0.328125
vt 0.875000 0.343750
vt 0.859375 0.343750
vt 0.828125 0.484375
vt 0.843750 0.484375
vt 0.843750 0.500000
vt 0.828125 0.500000
vt 0.828125 0.453125
vt 0.843750 0.453125
vt 0.843750 0.468750
vt 0.828125 0.468750
vt 0.859375 0.453125
vt 0.875000 0.453125
vt 0.875000 0.468750
vt 0.859375 0.468750
vt 0.703125 0.359375
vt 0.718750 0.359375
vt 0.718750 0.375000
vt 0.703125 0.375000
vt 0.703125 0.328125
vt 0.718750 0.328125
vt 0.718750 0.343750
vt 0.703125 0.343750
vt 0.734375 0.328125
vt 0.750000 0.328125
vt 0.750000 0.343750
vt 0.734375 0.343750
vt 0.578125 0.359375
vt 0.593750 0.359375
vt 0.593750 0.375000
vt 0.578125 0.375000
vt 0.578125 0.328125
vt 0.593750 0.328125
vt 0.593750 0.343750
vt 0.578125 0.343750
vt 0.609375 0.328125
vt 0.625000 0.328125
vt 0.625000 0.343750
vt 0.609375 0.343750
vt 0.578125 0.484375
vt 0.593750 0.484375
vt 0.593750 0.500000
vt 0.578125 0.500000
vt 0.578125 0.453125
vt 0.593750 0.453125
vt 0.593750 0.468750
vt 0.578125 0.468750
vt 0.609375 0.453125
vt 0.625000 0.453125
vt 0.625000 0.468750
vt 0.609375 0.468750
vt 0.703125 0.109375
vt 0.718750 0.109375
vt 0.718750 0.125000
vt 0.703125 0.125000
vt 0.703125 0.078125
vt 0.718750 0.078125
vt 0.718750 0.093750
vt 0.703125 0.093750
vt 0.734375 0.078125
vt 0.750000 0.078125
vt 0.750000 0.093750
vt 0.734375 0.093750
vt 0.578125 0.109375
vt 0.593750 0.109375
vt 0.593750 0.125000
vt 0.578125 0.125000
vt 0.578125 0.078125
vt 0.593750 0.078125
vt 0.593750 0.093750
vt 0.578125 0.093750
vt 0.609375 0.078125
vt 0.625000 0.078125
vt 0.625000 0.093750
vt 0.609375 0.093750
vt 0.578125 0.234375
vt 0.593750 0.234375
vt 0.593750 0.250000
vt 0.578125 0.250000
vt 0.578125 0.203125
vt 0.593750 0.203125
vt 0.593750 0.218750
vt 0.578125 0.218750
vt 0.609375 0.203125
vt 0.625000 0.203125
vt 0.625000 0.218750
vt 0.609375 0.218750
vt 0.953125 0.109375
vt 0.968750 0.109375
vt 0.968750 0.125000
vt 0.953125 0.125000
vt 0.953125 0.078125
vt 0.968750 0.078125
vt 0.968750 0.093750
vt 0.953125 0.093750
vt 0.984375 0.078125
vt 1.000000 0.078125
vt 1.000000 0.093750
vt 0.984375 0.093750
vt 0.828125 0.109375
vt 0.843750 0.109375
vt 0.843750 0.125000
vt 0.828125 0.125000
vt 0.828125 0.078125
vt 0.843750 0.078125
vt 0.843750 0.093750
vt 0.828125 0.093750
vt 0.859375 0.078125
vt 0.875000 0.078125
vt 0.875000 0.093750
vt 0.859375 0.093750
vt 0.828125 0.234375
vt 0.843750 0.234375
vt 0.843750 0.250000
vt 0.828125 0.250000
vt 0.828125 0.203125
vt 0.843750 0.203125
vt 0.843750 0.218750
vt 0.828125 0.218750
vt 0.859375 0.203125
vt 0.875000 0.203125
vt 0.875000 0.218750
vt 0.859375 0.218750
vt 0.203125 0.359375
vt 0.218750 0.359375
vt 0.218750 0.375000
vt 0.203125 0.375000
vt 0.203125 0.328125
vt 0.218750 0.328125
vt 0.218750 0.343750
vt 0.203125 0.343750
vt 0.234375 0.328125
vt 0.250000 0.328125
vt 0.250000 0.343750
vt 0.234375 0.343750
vt 0.078125 0.359375
vt 0.093750 0.359375
vt 0.093750 0.375000
vt 0.078125 0.375000
vt 0.078125 0.328125
vt 0.093750 0.328125
vt 0.093750 0.343750
vt 0.078125 0.343750
vt 0.109375 0.328125
vt 0.125000 0.328125
vt 0.125000 0.343750
vt 0.109375 0.343750
vt 0.078125 0.484375
vt 0.093750 0.484375
vt 0.093750 0.500000
vt 0.078125 0.500000
vt 0.078125 0.453125
vt 0.093750 0.453125
vt 0.093750 0.468750
vt 0.078125 0.468750
vt 0.109375 0.453125
vt 0.125000 0.453125
vt 0.125000 0.468750
vt 0.109375 0.468750
vt 0.203125 0.109375
vt 0.218750 0.109375
vt 0.218750 0.125000
vt 0.203125 0.125000
vt 0.203125 0.078125
vt 0.218750 0.078125
vt 0.218750 0.093750
vt 0.203125 0.093750
vt 0.234375 0.078125
vt 0.250000 0.078125
vt 0.250000 0.093750
vt 0.234375 0.093750
vt 0.078125 0.109375
vt 0.093750 0.109375
vt 0.093750 0.125000
vt 0.078125 0.125000
vt 0.078125 0.078125
vt 0.093750 0.078125
vt 0.093750 0.093750
vt 0.078125 0.093750
vt 0.109375 0.078125
vt 0.125000 0.078125
vt 0.125000 0.093750
vt 0.109375 0.093750
vt 0.078125 0.234375
vt 0.093750 0.234375
vt 0.093750 0.250000
vt 0.078125 0.250000
vt 0.078125 0.203125
vt 0.093750 0.203125
vt 0.093750 0.218750
vt 0.078125 0.218750
vt 0.109375 0.203125
vt 0.125000 0.203125
vt 0.125000 0.218750
vt 0.109375 0.218750
vt 0.453125 0.109375
vt 0.468750 0.109375
vt 0.468750 0.125000
vt 0.453125 0.125000
vt 0.453125 0.078125
vt 0.468750 0.078125
vt 0.468750 0.093750
vt 0.453125 0.093750
vt 0.484375 0.078125
vt 0.500000 0.078125
vt 0.500000 0.093750
vt 0.484375 0.093750
vt 0.328125 0.109375
vt 0.343750 0.109375
vt 0.343750 0.125000
vt 0.328125 0.125000
vt 0.328125 0.078125
vt 0.343750 0.078125
vt 0.343750 0.093750
vt 0.328125 0.093750
vt 0.359375 0.078125
vt 0.375000 0.078125
vt 0.375000 0.093750
vt 0.359375 0.093750
vt 0.328125 0.234375
vt 0.343750 0.234375
vt 0.343750 0.250000
vt 0.328125 0.250000
vt 0.328125 0.203125
vt 0.343750 0.203125
vt 0.343750 0.218750
vt 0.328125 0.218750
vt 0.359375 0.203125
vt 0.375000 0.203125
vt 0.375000 0.218750
vt 0.359375 0.218750
vt 0.203125 0.859375
vt 0.218750 0.859375
vt 0.218750 0.875000
vt 0.203125 0.875000
vt 0.203125 0.828125
vt 0.218750 0.828125
vt 0.218750 0.843750
vt 0.203125 0.843750
vt 0.234375 0.828125
vt 0.250000 0.828125
vt 0.250000 0.843750
vt 0.234375 0.843750
vt 0.078125 0.859375
vt 0.093750 0.859375
vt 0.093750 0.875000
vt 0.078125 0.875000
vt 0.078125 0.828125
vt 0.093750 0.828125
vt 0.093750 0.843750
vt 0.078125 0.843750
vt 0.109375 0.828125
vt 0.125000 0.828125
vt 0.125000 0.843750
vt 0.109375 0.843750
vt 0.078125 0.984375
vt 0.093750 0.984375
vt 0.093750 1.000000
vt 0.078125 1.000000
vt 0.078125 0.953125
vt 0.093750 0.953125
vt 0.093750 0.968750
vt 0.078125 0.968750
vt 0.109375 0.953125
vt 0.125000 0.953125
vt 0.125000 0.968750
vt 0.109375 0.968750
vt 0.203125 0.609375
vt 0.218750 0.609375
vt 0.218750 0.625000
vt 0.203125 0.625000
vt 0.203125 0.578125
vt 0.218750 0.578125
vt 0.218750 0.593750
vt 0.203125 0.593750
vt 0.234375 0.578125
vt 0.250000 0.578125
vt 0.250000 0.593750
vt 0.234375 0.593750
vt 0.078125 0.609375
vt 0.093750 0.609375
vt 0.093750 0.625000
vt 0.078125 0.625000
vt 0.078125 0.578125
vt 0.093750 0.578125
vt 0.093750 0.593750
vt 0.078125 0.593750
vt 0.109375 0.578125
vt 0.125000 0.578125
vt 0.125000 0.593750
vt 0.109375 0.593750
vt 0.078125 0.734375
vt 0.093750 0.734375
vt 0.093750 0.750000
vt 0.078125 0.750000
vt 0.078125 0.703125
vt 0.093750 0.703125
vt 0.093750 0.718750
vt 0.078125 0.718750
vt 0.109375 0.703125
vt 0.125000 0.703125
vt 0.125000 0.718750
vt 0.109375 0.718750
vt 0.453125 0.609375
vt 0.468750 0.609375
vt 0.468750 0.625000
vt 0.453125 0.625000
vt 0.453125 0.578125
vt 0.468750 0.578125
vt 0.468750 0.593750
vt 0.453125 0.593750
vt 0.484375 0.578125
vt 0.500000 0.578125
vt 0.500000 0.593750
vt 0.484375 0.593750
vt 0.328125 0.609375
vt 0.343750 0.609375
vt 0.343750 0.625000
vt 0.328125 0.625000
vt 0.328125 0.578125
vt 0.343750 0.578125
vt 0.343750 0.593750
vt 0.328125 0.593750
vt 0.359375 0.578125
vt 0.375000 0.578125
vt 0.375000 0.593750
vt 0.359375 0.593750
vt 0.328125 0.734375
vt 0.343750 0.734375
vt 0.343750 0.750000
vt 0.328125 0.750000
vt 0.328125 0.703125
vt 0.343750 0.703125
vt 0.343750 0.718750
vt 0.328125 0.718750
vt 0.359375 0.703125
vt 0.375000 0.703125
vt 0.375000 0.718750
vt 0.359375 0.718750
vt 0.703125 0.859375
vt 0.718750 0.859375
vt 0.718750 0.875000
vt 0.703125 0.875000
vt 0.703125 0.828125
vt 0.718750 0.828125
vt 0.718750 0.843750
vt 0.703125 0.843750
vt 0.734375 0.828125
vt 0.750000 0.828125
vt 0.750000 0.843750
vt 0.734375 0.843750
vt 0.578125 0.859375
vt 0.593750 0.859375
vt 0.593750 0.875000
vt 0.578125 0.875000
vt 0.578125 0.828125
vt 0.593750 0.828125
vt 0.593750 0.843750
vt 0.578125 0.843750
vt 0.609375 0.828125
vt 0.625000 0.828125
vt 0.625000 0.843750
vt 0.609375 0.843750
vt 0.578125 0.984375
vt 0.593750 0.984375
vt 0.593750 1.000000
vt 0.578125 1.000000
vt 0.578125 0.953125
vt 0.593750 0.953125
vt 0.593750 0.968750
vt 0.578125 0.968750
vt 0.609375 0.953125
vt 0.625000 0.953125
vt 0.625000 0.968750
vt 0.609375 0.968750
vt 0.703125 0.609375
vt 0.718750 0.609375
vt 0.718750 0.625000
vt 0.703125 0.625000
vt 0.703125 0.578125
vt 0.718750 0.578125
vt 0.718750 0.593750
vt 0.703125 0.593750
vt 0.734375 0.578125
vt 0.750000 0.578125
vt 0.750000 0.593750
vt 0.734375 0.593750
vt 0.578125 0.609375
vt 0.593750 0.609375
vt 0.593750 0.625000
vt 0.578125 0.625000
vt 0.578125 0.578125
vt 0.593750 0.578125
vt 0.593750 0.593750
vt 0.578125 0.593750
vt 0.609375 0.578125
vt 0.625000 0.578125
vt 0.625000 0.593750
vt 0.609375 0.593750
vt 0.578125 0.734375
vt 0.593750 0.734375
vt 0.593750 0.750000
vt 0.578125 0.750000
vt 0.578125 0.703125
vt 0.593750 0.703125
vt 0.593750 0.718750
vt 0.578125 0.718750
vt 0.609375 0.703125
vt 0.625000 0.703125
vt 0.625000 0.718750
vt 0.609375 0.718750
vt 0.953125 0.609375
vt 0.968750 0.609375
vt 0.968750 0.625000
vt 0.953125 0.625000
vt 0.953125 0.578125
vt 0.968750 0.578125
vt 0.968750 0.593750
vt 0.953125 0.593750
vt 0.984375 0.578125
vt 1.000000 0.578125
vt 1.000000 0.593750
vt 0.984375 0.593750
vt 0.828125 0.609375
vt 0.843750 0.609375
vt 0.843750 0.625000
vt 0.828125 0.625000
vt 0.828125 0.578125
vt 0.843750 0.578125
vt 0.843750 0.593750
vt 0.828125 0.593750
vt 0.859375 0.578125
vt 0.875000 0.578125
vt 0.875000 0.593750
vt 0.859375 0.593750
vt 0.828125 0.734375
vt 0.843750 0.734375
vt 0.843750 0.750000
vt 0.828125 0.750000
vt 0.828125 0.703125
vt 0.843750 0.703125
vt 0.843750 0.718750
vt 0.828125 0.718750
vt 0.859375 0.703125
vt 0.875000 0.703125
vt 0.875000 0.718750
vt 0.859375 0.718750
vt 0.953125 0.734375
vt 0.968750 0.734375
vt 0.968750 0.750000
vt 0.953125 0.750000
vt 0.953125 0.703125
vt 0.968750 0.703125
vt 0.968750 0.718750
vt 0.953125 0.718750
vt 0.984375 0.703125
vt 1.000000 0.703125
vt 1.000000 0.718750
vt 0.984375 0.718750
vt 0.703125 0.734375
vt 0.718750 0.734375
vt 0.718750 0.750000
vt 0.703125 0.750000
vt 0.703125 0.703125
vt 0.718750 0.703125
vt 0.718750 0.718750
vt 0.703125 0.718750
vt 0.734375 0.703125
vt 0.750000 0.703125
vt 0.750000 0.718750
vt 0.734375 0.718750
vt 0.703125 0.984375
vt 0.718750 0.984375
vt 0.718750 1.000000
vt 0.703125 1.000000
vt 0.703125 0.953125
vt 0.718750 0.953125
vt 0.718750 0.968750
vt 0.703125 0.968750
vt 0.734375 0.953125
vt 0.750000 0.953125
vt 0.750000 0.968750
vt 0.734375 0.968750
vt 0.453125 0.734375
vt 0.468750 0.734375
vt 0.468750 0.750000
vt 0.453125 0.750000
vt 0.453125 0.703125
vt 0.468750 0.703125
vt 0.468750 0.718750
vt 0.453125 0.718750
vt 0.484375 0.703125
vt 0.500000 0.703125
vt 0.500000 0.718750
vt 0.484375 0.718750
vt 0.203125 0.734375
vt 0.218750 0.734375
vt 0.218750 0.750000
vt 0.203125 0.750000
vt 0.203125 0.703125
vt 0.218750 0.703125
vt 0.218750 0.718750
vt 0.203125 0.718750
vt 0.234375 0.703125
vt 0.250000 0.703125
vt 0.250000 0.718750
vt 0.234375 0.718750
vt 0.203125 0.984375
vt 0.218750 0.984375
vt 0.218750 1.000000
vt 0.203125 1.000000
vt 0.203125 0.953125
vt 0.218750 0.953125
vt 0.218750 0.968750
vt 0.203125 0.968750
vt 0.234375 0.953125
vt 0.250000 0.953125
vt 0.250000 0.968750
vt 0.234375 0.968750
vt 0.453125 0.234375
vt 0.468750 0.234375
vt 0.468750 0.250000
vt 0.453125 0.250000
vt 0.453125 0.203125
vt 0.468750 0.203125
vt 0.468750 0.218750
vt 0.453125 0.218750
vt 0.484375 0.203125
vt 0.500000 0.203125
vt 0.500000 0.218750
vt 0.484375 0.218750
vt 0.203125 0.234375
vt 0.218750 0.234375
vt 0.218750 0.250000
vt 0.203125 0.250000
vt 0.203125 0.203125
vt 0.218750 0.203125
vt 0.218750 0.218750
vt 0.203125 0.218750
vt 0.234375 0.203125
vt 0.250000 0.203125
vt 0.250000 0.218750
vt 0.234375 0.218750
vt 0.203125 0.484375
vt 0.218750 0.484375
vt 0.218750 0.500000
vt 0.203125 0.500000
vt 0.203125 0.453125
vt 0.218750 0.453125
vt 0.218750 0.468750
vt 0.203125 0.468750
vt 0.234375 0.453125
vt 0.250000 0.453125
vt 0.250000 0.468750
vt 0.234375 0.468750
vt 0.953125 0.234375
vt 0.968750 0.234375
vt 0.968750 0.250000
vt 0.953125 0.250000
vt 0.953125 0.203125
vt 0.968750 0.203125
vt 0.968750 0.218750
vt 0.953125 0.218750
vt 0.984375 0.203125
vt 1.000000 0.203125
vt 1.000000 0.218750
vt 0.984375 0.218750
vt 0.703125 0.234375
vt 0.718750 0.234375
vt 0.718750 0.250000
vt 0.703125 0.250000
vt 0.703125 0.203125
vt 0.718750 0.203125
vt 0.718750 0.218750
vt 0.703125 0.218750
vt 0.734375 0.203125
vt 0.750000 0.203125
vt 0.750000 0.218750
vt 0.734375 0.218750
vt 0.703125 0.484375
vt 0.718750 0.484375
vt 0.718750 0.500000
vt 0.703125 0.500000
vt 0.703125 0.453125
vt 0.718750 0.453125
vt 0.718750 0.468750
vt 0.703125 0.468750
vt 0.734375 0.453125
vt 0.750000 0.453125
vt 0.750000 0.468750
vt 0.734375 0.468750
vt 0.953125 0.484375
vt 0.968750 0.484375
vt 0.968750 0.500000
vt 0.953125 0.500000
vt 0.953125 0.453125
vt 0.968750 0.453125
vt 0.968750 0.468750
vt 0.953125 0.468750
vt 0.984375 0.453125
vt 1.000000 0.453125
vt 1.000000 0.468750
vt 0.984375 0.468750
vt 0.453125 0.484375
vt 0.468750 0.484375
vt 0.468750 0.500000
vt 0.453125 0.500000
vt 0.453125 0.453125
vt 0.468750 0.453125
vt 0.468750 0.468750
vt 0.453125 0.468750
vt 0.484375 0.453125
vt 0.500000 0.453125
vt 0.500000 0.468750
vt 0.484375 0.468750
vt 0.453125 0.984375
vt 0.468750 0.984375
vt 0.468750 1.000000
vt 0.453125 1.000000
vt 0.453125 0.953125
vt 0.468750 0.953125
vt 0.468750 0.968750
vt 0.453125 0.968750
vt 0.484375 0.953125
vt 0.500000 0.953125
vt 0.500000 0.968750
vt 0.484375 0.968750
vt 0.953125 0.984375
vt 0.968750 0.984375
vt 0.968750 1.000000
vt 0.953125 1.000000
vt 0.953125 0.953125
vt 0.968750 0.953125
vt 0.968750 0.968750
vt 0.953125 0.968750
vt 0.984375 0.953125
vt 1.000000 0.953125
vt 1.000000 0.968750
vt 0.984375 0.968750
vt 0.656250 0.000000
vt 0.671875 0.000000
vt 0.687500 0.000000
vt 0.625000 0.000000
vt 0.640625 0.000000
vt 0.718750 0.000000
vt 0.734375 0.000000
vt 0.750000 0.000000
vt 0.703125 0.000000
vt 0.531250 0.000000
vt 0.546875 0.000000
vt 0.562500 0.000000
vt 0.500000 0.000000
vt 0.515625 0.000000
vt 0.593750 0.000000
vt 0.609375 0.000000
vt 0.578125 0.000000
vt 0.906250 0.000000
vt 0.921875 0.000000
vt 0.937500 0.000000
vt 0.875000 0.000000
vt 0.890625 0.000000
vt 0.968750 0.000000
vt 0.984375 0.000000
vt 1.000000 0.000000
vt 0.953125 0.000000
vt 0.781250 0.000000
vt 0.796875 0.000000
vt 0.812500 0.000000
vt 0.765625 0.000000
vt 0.843750 0.000000
vt 0.859375 0.000000
vt 0.828125 0.000000
vt 0.000000 0.328125
vt 0.000000 0.343750
vt 0.000000 0.312500
vt 0.000000 0.359375
vt 0.000000 0.375000
vt 0.000000 0.265625
vt 0.000000 0.281250
vt 0.000000 0.250000
vt 0.000000 0.296875
vt 0.000000 0.453125
vt 0.000000 0.468750
vt 0.000000 0.437500
vt 0.000000 0.484375
vt 0.000000 0.500000
vt 0.000000 0.390625
vt 0.000000 0.406250
vt 0.000000 0.421875
vt 0.156250 0.000000
vt 0.171875 0.000000
vt 0.187500 0.000000
vt 0.125000 0.000000
vt 0.140625 0.000000
vt 0.218750 0.000000
vt 0.234375 0.000000
vt 0.250000 0.000000
vt 0.203125 0.000000
vt 0.000000 0.078125
vt 0.000000 0.093750
vt 0.000000 0.062500
vt 0.000000 0.109375
vt 0.000000 0.125000
vt 0.031250 0.000000
vt 0.046875 0.000000
vt 0.062500 0.000000
vt 0.000000 0.015625
vt 0.000000 0.031250
vt 0.000000 0.000000
vt 0.015625 0.000000
vt 0.000000 0.046875
vt 0.093750 0.000000
vt 0.109375 0.000000
vt 0.078125 0.000000
vt 0.000000 0.203125
vt 0.000000 0.218750
vt 0.000000 0.187500
vt 0.000000 0.234375
vt 0.000000 0.140625
vt 0.000000 0.156250
vt 0.000000 0.171875
vt 0.406250 0.000000
vt 0.421875 0.000000
vt 0.437500 0.000000
vt 0.375000 0.000000
vt 0.390625 0.000000
vt 0.468750 0.000000
vt 0.484375 0.000000
vt 0.453125 0.000000
vt 0.281250 0.000000
vt 0.296875 0.000000
vt 0.312500 0.000000
vt 0.265625 0.000000
vt 0.343750 0.000000
vt 0.359375 0.000000
vt 0.328125 0.000000
vt 0.000000 0.828125
vt 0.000000 0.843750
vt 0.000000 0.812500
vt 0.000000 0.859375
vt 0.000000 0.875000
vt 0.000000 0.765625
vt 0.000000 0.781250
vt 0.000000 0.750000
vt 0.000000 0.796875
vt 0.000000 0.953125
vt 0.000000 0.968750
vt 0.000000 0.937500
vt 0.000000 0.984375
vt 0.000000 1.000000
vt 0.000000 0.890625
vt 0.000000 0.906250
vt 0.000000 0.921875
vt 0.000000 0.578125
vt 0.000000 0.593750
vt 0.000000 0.562500
vt 0.000000 0.609375
vt 0.000000 0.625000
vt 0.000000 0.515625
vt 0.000000 0.531250
vt 0.000000 0.546875
vt 0.000000 0.703125
vt 0.000000 0.718750
vt 0.000000 0.687500
vt 0.000000 0.734375
vt 0.000000 0.640625
vt 0.000000 0.656250
vt 0.000000 0.671875
s 0
usemtl Snow_Terrain_01
f 4225/1/1 1092/2/1 4/3/1 1837/4/1
f 4224/5/1 1098/6/1 8/7/1 1833/8/1
f 4223/9/2 1099/10/2 9/11/2 1840/12/2
f 4222/13/1 1096/14/1 7/15/1 1841/16/1
f 4221/17/3 1114/18/3 21/19/3 1829/20/3
f 4220/21/4 1115/22/4 22/23/4 1844/24/4
f 4219/25/1 1108/26/1 16/27/1 1845/28/1
f 4218/29/5 1118/30/5 20/31/5 1828/32/5
f 4217/33/6 1119/34/6 23/35/6 1848/36/6
f 4216/37/7 1111/38/7 19/39/7 1849/40/7
f 4215/41/1 1122/42/1 13/43/1 1821/44/1
f 4214/45/8 1123/46/8 24/47/8 1852/48/8
f 4213/49/9 1110/50/9 18/51/9 1853/52/9
f 4212/53/1 1126/54/1 17/55/1 1825/56/1
f 4211/57/10 1127/58/10 25/59/10 1856/60/10
f 4210/61/1 1104/62/1 12/63/1 1857/64/1
f 4209/65/1 1170/66/1 65/67/1 1817/68/1
f 4208/69/11 1171/70/11 66/71/11 1860/72/11
f 4207/73/1 1144/74/1 40/75/1 1861/76/1
f 4206/77/1 1174/78/1 64/79/1 1816/80/1
f 4205/81/1 1175/82/1 67/83/1 1864/84/1
f 4204/85/12 1167/86/12 63/87/12 1865/88/12
f 4203/89/1 1178/90/1 33/91/1 1785/92/1
f 4202/93/13 1179/94/13 68/95/13 1868/96/13
f 4201/97/14 1166/98/14 62/99/14 1869/100/14
f 4200/101/15 1182/102/15 61/103/15 1813/104/15
f 4199/105/16 1183/106/16 69/107/16 1872/108/16
f 4198/109/17 1150/110/17 46/111/17 1873/112/17
f 4197/113/1 1186/114/1 60/115/1 1812/116/1
f 4196/117/1 1187/118/1 70/119/1 1876/120/1
f 4195/121/18 1163/122/18 59/123/18 1877/124/18
f 4194/125/1 1190/126/1 29/127/1 1781/128/1
f 4193/129/1 1191/130/1 71/131/1 1880/132/1
f 4192/133/1 1162/134/1 58/135/1 1881/136/1
f 4191/137/19 1194/138/19 57/139/19 1809/140/19
f 4190/141/20 1195/142/20 72/143/20 1884/144/20
f 4189/145/21 1151/146/21 47/147/21 1885/148/21
f 4188/149/22 1198/150/22 56/151/22 1808/152/22
f 4187/153/23 1199/154/23 73/155/23 1888/156/23
f 4186/157/24 1159/158/24 55/159/24 1889/160/24
f 4185/161/25 1202/162/25 36/163/25 1788/164/25
f 4184/165/26 1203/166/26 74/167/26 1892/168/26
f 4183/169/27 1158/170/27 54/171/27 1893/172/27
f 4182/173/28 1206/174/28 53/175/28 1805/176/28
f 4181/177/29 1207/178/29 75/179/29 1896/180/29
f 4180/181/1 1148/182/1 44/183/1 1897/184/1
f 4179/185/30 1210/186/30 52/187/30 1804/188/30
f 4178/189/31 1211/190/31 76/191/31 1900/192/31
f 4177/193/32 1155/194/32 51/195/32 1901/196/32
f 4176/197/33 1214/198/33 37/199/33 1789/200/33
f 4175/201/34 1215/202/34 77/203/34 1904/204/34
f 4174/205/35 1154/206/35 50/207/35 1905/208/35
f 4173/209/36 1218/210/36 49/211/36 1801/212/36
f 4172/213/37 1219/214/37 78/215/37 1908/216/37
f 4171/217/1 1136/218/1 32/219/1 1909/220/1
f 4170/221/38 1222/222/38 48/223/38 1800/224/38
f 4169/225/39 1223/226/39 79/227/39 1912/228/39
f 4168/229/40 1139/230/40 35/231/40 1913/232/40
f 4167/233/1 1226/234/1 41/235/1 1793/236/1
f 4166/237/41 1227/238/41 80/239/41 1916/240/41
f 4165/241/42 1138/242/42 34/243/42 1917/244/42
f 4164/245/1 1230/246/1 45/247/1 1797/248/1
f 4163/249/1 1231/250/1 81/251/1 1920/252/1
f 4162/253/1 1132/254/1 28/255/1 1921/256/1
f 4161/257/1 1378/258/1 225/259/1 1777/260/1
f 4160/261/1 1379/262/1 226/263/1 1924/264/1
f 4159/265/1 1276/266/1 124/267/1 1925/268/1
f 4158/269/43 1382/270/43 224/271/43 1776/272/43
f 4157/273/44 1383/274/44 227/275/44 1928/276/44
f 4156/277/1 1375/278/1 223/279/1 1929/280/1
f 4155/281/1 1386/282/1 101/283/1 1653/284/1
f 4154/285/1 1387/286/1 228/287/1 1932/288/1
f 4153/289/1 1374/290/1 222/291/1 1933/292/1
f 4152/293/45 1390/294/45 221/295/45 1773/296/45
f 4151/297/46 1391/298/46 229/299/46 1936/300/46
f 4150/301/47 1282/302/47 130/303/47 1937/304/47
f 4149/305/48 1394/306/48 220/307/48 1772/308/48
f 4148/309/49 1395/310/49 230/311/49 1940/312/49
f 4147/313/50 1371/314/50 219/315/50 1941/316/50
f 4146/317/1 1398/318/1 97/319/1 1649/320/1
f 4145/321/1 1399/322/1 231/323/1 1944/324/1
f 4144/325/1 1370/326/1 218/327/1 1945/328/1
f 4143/329/51 1402/330/51 217/331/51 1769/332/51
f 4142/333/52 1403/334/52 232/335/52 1948/336/52
f 4141/337/53 1283/338/53 131/339/53 1949/340/53
f 4140/341/54 1406/342/54 216/343/54 1768/344/54
f 4139/345/55 1407/346/55 233/347/55 1952/348/55
f 4138/349/56 1367/350/56 215/351/56 1953/352/56
f 4137/353/57 1410/354/57 104/355/57 1656/356/57
f 4136/357/58 1411/358/58 234/359/58 1956/360/58
f 4135/361/59 1366/362/59 214/363/59 1957/364/59
f 4134/365/60 1414/366/60 213/367/60 1765/368/60
f 4133/369/61 1415/370/61 235/371/61 1960/372/61
f 4132/373/1 1280/374/1 128/375/1 1961/376/1
f 4131/377/62 1418/378/62 212/379/62 1764/380/62
f 4130/381/63 1419/382/63 236/383/63 1964/384/63
f 4129/385/64 1363/386/64 211/387/64 1965/388/64
f 4128/389/65 1422/390/65 105/391/65 1657/392/65
f 4127/393/66 1423/394/66 237/395/66 1968/396/66
f 4126/397/67 1362/398/67 210/399/67 1969/400/67
f 4125/401/68 1426/402/68 209/403/68 1761/404/68
f 4124/405/69 1427/406/69 238/407/69 1972/408/69
f 4123/409/70 1298/410/70 146/411/70 1973/412/70
f 4122/413/71 1430/414/71 208/415/71 1760/416/71
f 4121/417/72 1431/418/72 239/419/72 1976/420/72
f 4120/421/73 1359/422/73 207/423/73 1977/424/73
f 4119/425/74 1434/426/74 93/427/74 1645/428/74
f 4118/429/75 1435/430/75 240/431/75 1980/432/75
f 4117/433/76 1358/434/76 206/435/76 1981/436/76
f 4116/437/77 1438/438/77 205/439/77 1757/440/77
f 4115/441/78 1439/442/78 241/443/78 1984/444/78
f 4114/445/79 1299/446/79 147/447/79 1985/448/79
f 4113/449/80 1442/450/80 204/451/80 1756/452/80
f 4112/453/81 1443/454/81 242/455/81 1988/456/81
f 4111/457/82 1355/458/82 203/459/82 1989/460/82
f 4110/461/83 1446/462/83 108/463/83 1660/464/83
f 4109/465/84 1447/466/84 243/467/84 1992/468/84
f 4108/469/85 1354/470/85 202/471/85 1993/472/85
f 4107/473/86 1450/474/86 201/475/86 1753/476/86
f 4106/477/1 1451/478/1 244/479/1 1996/480/1
f 4105/481/1 1292/482/1 140/483/1 1997/484/1
f 4104/485/87 1454/486/87 200/487/87 1752/488/87
f 4103/489/88 1455/490/88 245/491/88 2000/492/88
f 4102/493/89 1351/494/89 199/495/89 2001/496/89
f 4101/497/90 1458/498/90 109/499/90 1661/500/90
f 4100/501/91 1459/502/91 246/503/91 2004/504/91
f 4099/505/92 1350/506/92 198/507/92 2005/508/92
f 4098/509/93 1462/510/93 197/511/93 1749/512/93
f 4097/513/93 1463/514/93 247/515/93 2008/516/93
f 4096/517/27 1302/518/27 150/519/27 2009/520/27
f 4095/521/94 1466/522/94 196/523/94 1748/524/94
f 4094/525/94 1467/526/94 248/527/94 2012/528/94
f 4093/529/26 1347/530/26 195/531/26 2013/532/26
f 4092/533/1 1470/534/1 92/535/1 1644/536/1
f 4091/537/1 1471/538/1 249/539/1 2016/540/1
f 4090/541/95 1346/542/95 194/543/95 2017/544/95
f 4089/545/96 1474/546/96 193/547/96 1745/548/96
f 4088/549/1 1475/550/1 250/551/1 2020/552/1
f 4087/553/97 1303/554/97 151/555/97 2021/556/97
f 4086/557/1 1478/558/1 192/559/1 1744/560/1
f 4085/561/1 1479/562/1 251/563/1 2024/564/1
f 4084/565/1 1343/566/1 191/567/1 2025/568/1
f 4083/569/1 1482/570/1 112/571/1 1664/572/1
f 4082/573/1 1483/574/1 252/575/1 2028/576/1
f 4081/577/98 1342/578/98 190/579/98 2029/580/98
f 4080/581/99 1486/582/99 189/583/99 1741/584/99
f 4079/585/100 1487/586/100 253/587/100 2032/588/100
f 4078/589/1 1295/590/1 143/591/1 2033/592/1
f 4077/593/101 1490/594/101 188/595/101 1740/596/101
f 4076/597/102 1491/598/102 254/599/102 2036/600/102
f 4075/601/103 1339/602/103 187/603/103 2037/604/103
f 4074/605/104 1494/606/104 113/607/104 1665/608/104
f 4073/609/105 1495/610/105 255/611/105 2040/612/105
f 4072/613/106 1338/614/106 186/615/106 2041/616/106
f 4071/617/1 1498/618/1 185/619/1 1737/620/1
f 4070/621/1 1499/622/1 256/623/1 2044/624/1
f 4069/625/107 1306/626/107 154/627/107 2045/628/107
f 4068/629/1 1502/630/1 184/631/1 1736/632/1
f 4067/633/1 1503/634/1 257/635/1 2048/636/1
f 4066/637/1 1335/638/1 183/639/1 2049/640/1
f 4065/641/1 1506/642/1 85/643/1 1637/644/1
f 4064/645/1 1507/646/1 258/647/1 2052/648/1
f 4063/649/1 1334/650/1 182/651/1 2053/652/1
f 4062/653/108 1510/654/108 181/655/108 1733/656/108
f 4061/657/109 1511/658/109 259/659/109 2056/660/109
f 4060/661/110 1307/662/110 155/663/110 2057/664/110
f 4059/665/1 1514/666/1 180/667/1 1732/668/1
f 4058/669/1 1515/670/1 260/671/1 2060/672/1
f 4057/673/111 1331/674/111 179/675/111 2061/676/111
f 4056/677/1 1518/678/1 116/679/1 1668/680/1
f 4055/681/1 1519/682/1 261/683/1 2064/684/1
f 4054/685/1 1330/686/1 178/687/1 2065/688/1
f 4053/689/112 1522/690/112 177/691/112 1729/692/112
f 4052/693/113 1523/694/113 262/695/113 2068/696/113
f 4051/697/114 1294/698/114 142/699/114 2069/700/114
f 4050/701/115 1526/702/115 176/703/115 1728/704/115
f 4049/705/116 1527/706/116 263/707/116 2072/708/116
f 4048/709/117 1327/710/117 175/711/117 2073/712/117
f 4047/713/118 1530/714/118 117/715/118 1669/716/118
f 4046/717/119 1531/718/119 264/719/119 2076/720/119
f 4045/721/120 1326/722/120 174/723/120 2077/724/120
f 4044/725/121 1534/726/121 173/727/121 1725/728/121
f 4043/729/122 1535/730/122 265/731/122 2080/732/122
f 4042/733/123 1310/734/123 158/735/123 2081/736/123
f 4041/737/124 1538/738/124 172/739/124 1724/740/124
f 4040/741/125 1539/742/125 266/743/125 2084/744/125
f 4039/745/126 1323/746/126 171/747/126 2085/748/126
f 4038/749/1 1542/750/1 89/751/1 1641/752/1
f 4037/753/127 1543/754/127 267/755/127 2088/756/127
f 4036/757/128 1322/758/128 170/759/128 2089/760/128
f 4035/761/129 1546/762/129 169/763/129 1721/764/129
f 4034/765/130 1547/766/130 268/767/130 2092/768/130
f 4033/769/131 1311/770/131 159/771/131 2093/772/131
f 4032/773/1 1550/774/1 168/775/1 1720/776/1
f 4031/777/1 1551/778/1 269/779/1 2096/780/1
f 4030/781/1 1319/782/1 167/783/1 2097/784/1
f 4029/785/132 1554/786/132 120/787/132 1672/788/132
f 4028/789/1 1555/790/1 270/791/1 2100/792/1
f 4027/793/1 1318/794/1 166/795/1 2101/796/1
f 4026/797/1 1558/798/1 165/799/1 1717/800/1
f 4025/801/1 1559/802/1 271/803/1 2104/804/1
f 4024/805/1 1288/806/1 136/807/1 2105/808/1
f 4023/809/133 1562/810/133 164/811/133 1716/812/133
f 4022/813/134 1563/814/134 272/815/134 2108/816/134
f 4021/817/44 1315/818/44 163/819/44 2109/820/44
f 4020/821/135 1566/822/135 121/823/135 1673/824/135
f 4019/825/136 1567/826/136 273/827/136 2112/828/136
f 4018/829/1 1314/830/1 162/831/1 2113/832/1
f 4017/833/1 1570/834/1 161/835/1 1713/836/1
f 4016/837/1 1571/838/1 274/839/1 2116/840/1
f 4015/841/1 1248/842/1 96/843/1 2117/844/1
f 4014/845/137 1574/846/137 160/847/137 1712/848/137
f 4013/849/138 1575/850/138 275/851/138 2120/852/138
f 4012/853/139 1271/854/139 119/855/139 2121/856/139
f 4011/857/1 1578/858/1 129/859/1 1681/860/1
f 4010/861/140 1579/862/140 276/863/140 2124/864/140
f 4009/865/141 1270/866/141 118/867/141 2125/868/141
f 4008/869/142 1582/870/142 157/871/142 1709/872/142
f 4007/873/17 1583/874/17 277/875/17 2128/876/17
f 4006/877/1 1254/878/1 102/879/1 2129/880/1
f 4005/881/48 1586/882/48 156/883/48 1708/884/48
f 4004/885/143 1587/886/143 278/887/143 2132/888/143
f 4003/889/144 1267/890/144 115/891/144 2133/892/144
f 4002/893/1 1590/894/1 125/895/1 1677/896/1
f 4001/897/1 1591/898/1 279/899/1 2136/900/1
f 4000/901/1 1266/902/1 114/903/1 2137/904/1
f 3999/905/145 1594/906/145 153/907/145 1705/908/145
f 3998/909/146 1595/910/146 280/911/146 2140/912/146
f 3997/913/147 1255/914/147 103/915/147 2141/916/147
f 3996/917/148 1598/918/148 152/919/148 1704/920/148
f 3995/921/149 1599/922/149 281/923/149 2144/924/149
f 3994/925/150 1263/926/150 111/927/150 2145/928/150
f 3993/929/151 1602/930/151 132/931/151 1684/932/151
f 3992/933/152 1603/934/152 282/935/152 2148/936/152
f 3991/937/153 1262/938/153 110/939/153 2149/940/153
f 3990/941/154 1606/942/154 149/943/154 1701/944/154
f 3989/945/155 1607/946/155 283/947/155 2152/948/155
f 3988/949/1 1252/950/1 100/951/1 2153/952/1
f 3987/953/156 1610/954/156 148/955/156 1700/956/156
f 3986/957/157 1611/958/157 284/959/157 2156/960/157
f 3985/961/158 1259/962/158 107/963/158 2157/964/158
f 3984/965/159 1614/966/159 133/967/159 1685/968/159
f 3983/969/160 1615/970/160 285/971/160 2160/972/160
f 3982/973/161 1258/974/161 106/975/161 2161/976/161
f 3981/977/162 1618/978/162 145/979/162 1697/980/162
f 3980/981/163 1619/982/163 286/983/163 2164/984/163
f 3979/985/1 1240/986/1 88/987/1 2165/988/1
f 3978/989/164 1622/990/164 144/991/164 1696/992/164
f 3977/993/165 1623/994/165 287/995/165 2168/996/165
f 3976/997/166 1243/998/166 91/999/166 2169/1000/166
f 3975/1001/1 1626/1002/1 137/1003/1 1689/1004/1
f 3974/1005/1 1627/1006/1 288/1007/1 2172/1008/1
f 3973/1009/167 1242/1010/167 90/1011/167 2173/1012/167
f 3972/1013/1 1630/1014/1 141/1015/1 1693/1016/1
f 3971/1017/1 1631/1018/1 289/1019/1 2176/1020/1
f 3970/1021/1 1236/1022/1 84/1023/1 2177/1024/1
f 3969/1025/1 2178/1026/1 833/1027/1 1633/1028/1
f 3968/1029/1 2179/1030/1 834/1031/1 2180/1032/1
f 3967/1033/1 1780/1034/1 436/1035/1 2181/1036/1
f 3966/1037/1 2182/1038/1 832/1039/1 1632/1040/1
f 3965/1041/1 2183/1042/1 835/1043/1 2184/1044/1
f 3964/1045/1 2175/1046/1 831/1047/1 2185/1048/1
f 3963/1049/1 2186/1050/1 349/1051/1 1149/1052/1
f 3962/1053/1 2187/1054/1 836/1055/1 2188/1056/1
f 3961/1057/1 2174/1058/1 830/1059/1 2189/1060/1
f 3960/1061/168 2190/1062/168 829/1063/168 1629/1064/168
f 3959/1065/169 2191/1066/169 837/1067/169 2192/1068/169
f 3958/1069/170 1786/1070/170 442/1071/170 2193/1072/170
f 3957/1073/1 2194/1074/1 828/1075/1 1628/1076/1
f 3956/1077/171 2195/1078/171 838/1079/171 2196/1080/171
f 3955/1081/172 2171/1082/172 827/1083/172 2197/1084/172
f 3954/1085/1 2198/1086/1 345/1087/1 1145/1088/1
f 3953/1089/1 2199/1090/1 839/1091/1 2200/1092/1
f 3952/1093/1 2170/1094/1 826/1095/1 2201/1096/1
f 3951/1097/173 2202/1098/173 825/1099/173 1625/1100/173
f 3950/1101/174 2203/1102/174 840/1103/174 2204/1104/174
f 3949/1105/175 1787/1106/175 443/1107/175 2205/1108/175
f 3948/1109/176 2206/1110/176 824/1111/176 1624/1112/176
f 3947/1113/177 2207/1114/177 841/1115/177 2208/1116/177
f 3946/1117/178 2167/1118/178 823/1119/178 2209/1120/178
f 3945/1121/179 2210/1122/179 352/1123/179 1152/1124/179
f 3944/1125/180 2211/1126/180 842/1127/180 2212/1128/180
f 3943/1129/181 2166/1130/181 822/1131/181 2213/1132/181
f 3942/1133/182 2214/1134/182 821/1135/182 1621/1136/182
f 3941/1137/183 2215/1138/183 843/1139/183 2216/1140/183
f 3940/1141/1 1784/1142/1 440/1143/1 2217/1144/1
f 3939/1145/184 2218/1146/184 820/1147/184 1620/1148/184
f 3938/1149/185 2219/1150/185 844/1151/185 2220/1152/185
f 3937/1153/186 2163/1154/186 819/1155/186 2221/1156/186
f 3936/1157/187 2222/1158/187 353/1159/187 1153/1160/187
f 3935/1161/188 2223/1162/188 845/1163/188 2224/1164/188
f 3934/1165/189 2162/1166/189 818/1167/189 2225/1168/189
f 3933/1169/190 2226/1170/190 817/1171/190 1617/1172/190
f 3932/1173/191 2227/1174/191 846/1175/191 2228/1176/191
f 3931/1177/192 1802/1178/192 458/1179/192 2229/1180/192
f 3930/1181/193 2230/1182/193 816/1183/193 1616/1184/193
f 3929/1185/194 2231/1186/194 847/1187/194 2232/1188/194
f 3928/1189/195 2159/1190/195 815/1191/195 2233/1192/195
f 3927/1193/196 2234/1194/196 341/1195/196 1141/1196/196
f 3926/1197/197 2235/1198/197 848/1199/197 2236/1200/197
f 3925/1201/198 2158/1202/198 814/1203/198 2237/1204/198
f 3924/1205/199 2238/1206/199 813/1207/199 1613/1208/199
f 3923/1209/200 2239/1210/200 849/1211/200 2240/1212/200
f 3922/1213/201 1803/1214/201 459/1215/201 2241/1216/201
f 3921/1217/202 2242/1218/202 812/1219/202 1612/1220/202
f 3920/1221/203 2243/1222/203 850/1223/203 2244/1224/203
f 3919/1225/204 2155/1226/204 811/1227/204 2245/1228/204
f 3918/1229/205 2246/1230/205 356/1231/205 1156/1232/205
f 3917/1233/206 2247/1234/206 851/1235/206 2248/1236/206
f 3916/1237/207 2154/1238/207 810/1239/207 2249/1240/207
f 3915/1241/208 2250/1242/208 809/1243/208 1609/1244/208
f 3914/1245/1 2251/1246/1 852/1247/1 2252/1248/1
f 3913/1249/1 1796/1250/1 452/1251/1 2253/1252/1
f 3912/1253/209 2254/1254/209 808/1255/209 1608/1256/209
f 3911/1257/210 2255/1258/210 853/1259/210 2256/1260/210
f 3910/1261/211 2151/1262/211 807/1263/211 2257/1264/211
f 3909/1265/212 2258/1266/212 357/1267/212 1157/1268/212
f 3908/1269/213 2259/1270/213 854/1271/213 2260/1272/213
f 3907/1273/214 2150/1274/214 806/1275/214 2261/1276/214
f 3906/1277/215 2262/1278/215 805/1279/215 1605/1280/215
f 3905/1281/216 2263/1282/216 855/1283/216 2264/1284/216
f 3904/1285/217 1806/1286/217 462/1287/217 2265/1288/217
f 3903/1289/218 2266/1290/218 804/1291/218 1604/1292/218
f 3902/1293/219 2267/1294/219 856/1295/219 2268/1296/219
f 3901/1297/220 2147/1298/220 803/1299/220 2269/1300/220
f 3900/1301/221 2270/1302/221 340/1303/221 1140/1304/221
f 3899/1305/222 2271/1306/222 857/1307/222 2272/1308/222
f 3898/1309/223 2146/1310/223 802/1311/223 2273/1312/223
f 3897/1313/224 2274/1314/224 801/1315/224 1601/1316/224
f 3896/1317/225 2275/1318/225 858/1319/225 2276/1320/225
f 3895/1321/226 1807/1322/226 463/1323/226 2277/1324/226
f 3894/1325/227 2278/1326/227 800/1327/227 1600/1328/227
f 3893/1329/228 2279/1330/228 859/1331/228 2280/1332/228
f 3892/1333/229 2143/1334/229 799/1335/229 2281/1336/229
f 3891/1337/230 2282/1338/230 360/1339/230 1160/1340/230
f 3890/1341/231 2283/1342/231 860/1343/231 2284/1344/231
f 3889/1345/232 2142/1346/232 798/1347/232 2285/1348/232
f 3888/1349/233 2286/1350/233 797/1351/233 1597/1352/233
f 3887/1353/234 2287/1354/234 861/1355/234 2288/1356/234
f 3886/1357/235 1799/1358/235 455/1359/235 2289/1360/235
f 3885/1361/236 2290/1362/236 796/1363/236 1596/1364/236
f 3884/1365/237 2291/1366/237 862/1367/237 2292/1368/237
f 3883/1369/238 2139/1370/238 795/1371/238 2293/1372/238
f 3882/1373/239 2294/1374/239 361/1375/239 1161/1376/239
f 3881/1377/240 2295/1378/240 863/1379/240 2296/1380/240
f 3880/1381/241 2138/1382/241 794/1383/241 2297/1384/241
f 3879/1385/1 2298/1386/1 793/1387/1 1593/1388/1
f 3878/1389/1 2299/1390/1 864/1391/1 2300/1392/1
f 3877/1393/1 1810/1394/1 466/1395/1 2301/1396/1
f 3876/1397/1 2302/1398/1 792/1399/1 1592/1400/1
f 3875/1401/1 2303/1402/1 865/1403/1 2304/1404/1
f 3874/1405/1 2135/1406/1 791/1407/1 2305/1408/1
f 3873/1409/1 2306/1410/1 333/1411/1 1133/1412/1
f 3872/1413/1 2307/1414/1 866/1415/1 2308/1416/1
f 3871/1417/1 2134/1418/1 790/1419/1 2309/1420/1
f 3870/1421/242 2310/1422/242 789/1423/242 1589/1424/242
f 3869/1425/243 2311/1426/243 867/1427/243 2312/1428/243
f 3868/1429/244 1811/1430/244 467/1431/244 2313/1432/244
f 3867/1433/1 2314/1434/1 788/1435/1 1588/1436/1
f 3866/1437/1 2315/1438/1 868/1439/1 2316/1440/1
f 3865/1441/245 2131/1442/245 787/1443/245 2317/1444/245
f 3864/1445/1 2318/1446/1 364/1447/1 1164/1448/1
f 3863/1449/1 2319/1450/1 869/1451/1 2320/1452/1
f 3862/1453/246 2130/1454/246 786/1455/246 2321/1456/246
f 3861/1457/1 2322/1458/1 785/1459/1 1585/1460/1
f 3860/1461/247 2323/1462/247 870/1463/247 2324/1464/247
f 3859/1465/1 1798/1466/1 454/1467/1 2325/1468/1
f 3858/1469/248 2326/1470/248 784/1471/248 1584/1472/248
f 3857/1473/249 2327/1474/249 871/1475/249 2328/1476/249
f 3856/1477/250 2127/1478/250 783/1479/250 2329/1480/250
f 3855/1481/251 2330/1482/251 365/1483/251 1165/1484/251
f 3854/1485/252 2331/1486/252 872/1487/252 2332/1488/252
f 3853/1489/253 2126/1490/253 782/1491/253 2333/1492/253
f 3852/1493/254 2334/1494/254 781/1495/254 1581/1496/254
f 3851/1497/255 2335/1498/255 873/1499/255 2336/1500/255
f 3850/1501/256 1814/1502/256 470/1503/256 2337/1504/256
f 3849/1505/257 2338/1506/257 780/1507/257 1580/1508/257
f 3848/1509/258 2339/1510/258 874/1511/258 2340/1512/258
f 3847/1513/259 2123/1514/259 779/1515/259 2341/1516/259
f 3846/1517/1 2342/1518/1 337/1519/1 1137/1520/1
f 3845/1521/260 2343/1522/260 875/1523/260 2344/1524/260
f 3844/1525/261 2122/1526/261 778/1527/261 2345/1528/261
f 3843/1529/262 2346/1530/262 777/1531/262 1577/1532/262
f 3842/1533/263 2347/1534/263 876/1535/263 2348/1536/263
f 3841/1537/264 1815/1538/264 471/1539/264 2349/1540/264
f 3840/1541/265 2350/1542/265 776/1543/265 1576/1544/265
f 3839/1545/266 2351/1546/266 877/1547/266 2352/1548/266
f 3838/1549/267 2119/1550/267 775/1551/267 2353/1552/267
f 3837/1553/129 2354/1554/129 368/1555/129 1168/1556/129
f 3836/1557/268 2355/1558/268 878/1559/268 2356/1560/268
f 3835/1561/269 2118/1562/269 774/1563/269 2357/1564/269
f 3834/1565/1 2358/1566/1 773/1567/1 1573/1568/1
f 3833/1569/1 2359/1570/1 879/1571/1 2360/1572/1
f 3832/1573/1 1792/1574/1 448/1575/1 2361/1576/1
f 3831/1577/1 2362/1578/1 772/1579/1 1572/1580/1
f 3830/1581/1 2363/1582/1 880/1583/1 2364/1584/1
f 3829/1585/1 2115/1586/1 771/1587/1 2365/1588/1
f 3828/1589/1 2366/1590/1 369/1591/1 1169/1592/1
f 3827/1593/1 2367/1594/1 881/1595/1 2368/1596/1
f 3826/1597/1 2114/1598/1 770/1599/1 2369/1600/1
f 3825/1601/44 2370/1602/44 769/1603/44 1569/1604/44
f 3824/1605/270 2371/1606/270 882/1607/270 2372/1608/270
f 3823/1609/271 1858/1610/271 514/1611/271 2373/1612/271
f 3822/1613/123 2374/1614/123 768/1615/123 1568/1616/123
f 3821/1617/272 2375/1618/272 883/1619/272 2376/1620/272
f 3820/1621/273 2111/1622/273 767/1623/273 2377/1624/273
f 3819/1625/133 2378/1626/133 329/1627/133 1129/1628/133
f 3818/1629/274 2379/1630/274 884/1631/274 2380/1632/274
f 3817/1633/275 2110/1634/275 766/1635/275 2381/1636/275
f 3816/1637/136 2382/1638/136 765/1639/136 1565/1640/136
f 3815/1641/276 2383/1642/276 885/1643/276 2384/1644/276
f 3814/1645/277 1859/1646/277 515/1647/277 2385/1648/277
f 3813/1649/278 2386/1650/278 764/1651/278 1564/1652/278
f 3812/1653/279 2387/1654/279 886/1655/279 2388/1656/279
f 3811/1657/280 2107/1658/280 763/1659/280 2389/1660/280
f 3810/1661/10 2390/1662/10 372/1663/10 1172/1664/10
f 3809/1665/281 2391/1666/281 887/1667/281 2392/1668/281
f 3808/1669/274 2106/1670/274 762/1671/274 2393/1672/274
f 3807/1673/1 2394/1674/1 761/1675/1 1561/1676/1
f 3806/1677/1 2395/1678/1 888/1679/1 2396/1680/1
f 3805/1681/1 1832/1682/1 488/1683/1 2397/1684/1
f 3804/1685/1 2398/1686/1 760/1687/1 1560/1688/1
f 3803/1689/282 2399/1690/282 889/1691/282 2400/1692/282
f 3802/1693/1 2103/1694/1 759/1695/1 2401/1696/1
f 3801/1697/1 2402/1698/1 373/1699/1 1173/1700/1
f 3800/1701/1 2403/1702/1 890/1703/1 2404/1704/1
f 3799/1705/1 2102/1706/1 758/1707/1 2405/1708/1
f 3798/1709/1 2406/1710/1 757/1711/1 1557/1712/1
f 3797/1713/1 2407/1714/1 891/1715/1 2408/1716/1
f 3796/1717/1 1862/1718/1 518/1719/1 2409/1720/1
f 3795/1721/1 2410/1722/1 756/1723/1 1556/1724/1
f 3794/1725/1 2411/1726/1 892/1727/1 2412/1728/1
f 3793/1729/1 2099/1730/1 755/1731/1 2413/1732/1
f 3792/1733/283 2414/1734/283 328/1735/283 1128/1736/283
f 3791/1737/1 2415/1738/1 893/1739/1 2416/1740/1
f 3790/1741/1 2098/1742/1 754/1743/1 2417/1744/1
f 3789/1745/1 2418/1746/1 753/1747/1 1553/1748/1
f 3788/1749/284 2419/1750/284 894/1751/284 2420/1752/284
f 3787/1753/285 1863/1754/285 519/1755/285 2421/1756/285
f 3786/1757/286 2422/1758/286 752/1759/286 1552/1760/286
f 3785/1761/287 2423/1762/287 895/1763/287 2424/1764/287
f 3784/1765/288 2095/1766/288 751/1767/288 2425/1768/288
f 3783/1769/1 2426/1770/1 376/1771/1 1176/1772/1
f 3782/1773/1 2427/1774/1 896/1775/1 2428/1776/1
f 3781/1777/1 2094/1778/1 750/1779/1 2429/1780/1
f 3780/1781/289 2430/1782/289 749/1783/289 1549/1784/289
f 3779/1785/290 2431/1786/290 897/1787/290 2432/1788/290
f 3778/1789/291 1855/1790/291 511/1791/291 2433/1792/291
f 3777/1793/1 2434/1794/1 748/1795/1 1548/1796/1
f 3776/1797/292 2435/1798/292 898/1799/292 2436/1800/292
f 3775/1801/293 2091/1802/293 747/1803/293 2437/1804/293
f 3774/1805/1 2438/1806/1 377/1807/1 1177/1808/1
f 3773/1809/1 2439/1810/1 899/1811/1 2440/1812/1
f 3772/1813/268 2090/1814/268 746/1815/268 2441/1816/268
f 3771/1817/294 2442/1818/294 745/1819/294 1545/1820/294
f 3770/1821/295 2443/1822/295 900/1823/295 2444/1824/295
f 3769/1825/296 1866/1826/296 522/1827/296 2445/1828/296
f 3768/1829/297 2446/1830/297 744/1831/297 1544/1832/297
f 3767/1833/298 2447/1834/298 901/1835/298 2448/1836/298
f 3766/1837/299 2087/1838/299 743/1839/299 2449/1840/299
f 3765/1841/1 2450/1842/1 297/1843/1 1097/1844/1
f 3764/1845/300 2451/1846/300 902/1847/300 2452/1848/300
f 3763/1849/301 2086/1850/301 742/1851/301 2453/1852/301
f 3762/1853/302 2454/1854/302 741/1855/302 1541/1856/302
f 3761/1857/283 2455/1858/283 903/1859/283 2456/1860/283
f 3760/1861/303 1867/1862/303 523/1863/303 2457/1864/303
f 3759/1865/304 2458/1866/304 740/1867/304 1540/1868/304
f 3758/1869/305 2459/1870/305 904/1871/305 2460/1872/305
f 3757/1873/306 2083/1874/306 739/1875/306 2461/1876/306
f 3756/1877/307 2462/1878/307 380/1879/307 1180/1880/307
f 3755/1881/308 2463/1882/308 905/1883/308 2464/1884/308
f 3754/1885/47 2082/1886/47 738/1887/47 2465/1888/47
f 3753/1889/139 2466/1890/139 737/1891/139 1537/1892/139
f 3752/1893/264 2467/1894/264 906/1895/264 2468/1896/264
f 3751/1897/272 1854/1898/272 510/1899/272 2469/1900/272
f 3750/1901/309 2470/1902/309 736/1903/309 1536/1904/309
f 3749/1905/267 2471/1906/267 907/1907/267 2472/1908/267
f 3748/1909/263 2079/1910/263 735/1911/263 2473/1912/263
f 3747/1913/310 2474/1914/310 381/1915/310 1181/1916/310
f 3746/1917/311 2475/1918/311 908/1919/311 2476/1920/311
f 3745/1921/312 2078/1922/312 734/1923/312 2477/1924/312
f 3744/1925/313 2478/1926/313 733/1927/313 1533/1928/313
f 3743/1929/314 2479/1930/314 909/1931/314 2480/1932/314
f 3742/1933/315 1870/1934/315 526/1935/315 2481/1936/315
f 3741/1937/316 2482/1938/316 732/1939/316 1532/1940/316
f 3740/1941/317 2483/1942/317 910/1943/317 2484/1944/317
f 3739/1945/318 2075/1946/318 731/1947/318 2485/1948/318
f 3738/1949/319 2486/1950/319 325/1951/319 1125/1952/319
f 3737/1953/320 2487/1954/320 911/1955/320 2488/1956/320
f 3736/1957/321 2074/1958/321 730/1959/321 2489/1960/321
f 3735/1961/322 2490/1962/322 729/1963/322 1529/1964/322
f 3734/1965/323 2491/1966/323 912/1967/323 2492/1968/323
f 3733/1969/324 1871/1970/324 527/1971/324 2493/1972/324
f 3732/1973/325 2494/1974/325 728/1975/325 1528/1976/325
f 3731/1977/326 2495/1978/326 913/1979/326 2496/1980/326
f 3730/1981/327 2071/1982/327 727/1983/327 2497/1984/327
f 3729/1985/328 2498/1986/328 384/1987/328 1184/1988/328
f 3728/1989/329 2499/1990/329 914/1991/329 2500/1992/329
f 3727/1993/330 2070/1994/330 726/1995/330 2501/1996/330
f 3726/1997/331 2502/1998/331 725/1999/331 1525/2000/331
f 3725/2001/332 2503/2002/332 915/2003/332 2504/2004/332
f 3724/2005/333 1838/2006/333 494/2007/333 2505/2008/333
f 3723/2009/334 2506/2010/334 724/2011/334 1524/2012/334
f 3722/2013/335 2507/2014/335 916/2015/335 2508/2016/335
f 3721/2017/336 2067/2018/336 723/2019/336 2509/2020/336
f 3720/2021/337 2510/2022/337 385/2023/337 1185/2024/337
f 3719/2025/338 2511/2026/338 917/2027/338 2512/2028/338
f 3718/2029/339 2066/2030/339 722/2031/339 2513/2032/339
f 3717/2033/1 2514/2034/1 721/2035/1 1521/2036/1
f 3716/2037/1 2515/2038/1 918/2039/1 2516/2040/1
f 3715/2041/1 1874/2042/1 530/2043/1 2517/2044/1
f 3714/2045/1 2518/2046/1 720/2047/1 1520/2048/1
f 3713/2049/1 2519/2050/1 919/2051/1 2520/2052/1
f 3712/2053/1 2063/2054/1 719/2055/1 2521/2056/1
f 3711/2057/1 2522/2058/1 324/2059/1 1124/2060/1
f 3710/2061/1 2523/2062/1 920/2063/1 2524/2064/1
f 3709/2065/1 2062/2066/1 718/2067/1 2525/2068/1
f 3708/2069/1 2526/2070/1 717/2071/1 1517/2072/1
f 3707/2073/1 2527/2074/1 921/2075/1 2528/2076/1
f 3706/2077/340 1875/2078/340 531/2079/340 2529/2080/340
f 3705/2081/1 2530/2082/1 716/2083/1 1516/2084/1
f 3704/2085/1 2531/2086/1 922/2087/1 2532/2088/1
f 3703/2089/1 2059/2090/1 715/2091/1 2533/2092/1
f 3702/2093/1 2534/2094/1 388/2095/1 1188/2096/1
f 3701/2097/1 2535/2098/1 923/2099/1 2536/2100/1
f 3700/2101/1 2058/2102/1 714/2103/1 2537/2104/1
f 3699/2105/341 2538/2106/341 713/2107/341 1513/2108/341
f 3698/2109/342 2539/2110/342 924/2111/342 2540/2112/342
f 3697/2113/343 1851/2114/343 507/2115/343 2541/2116/343
f 3696/2117/344 2542/2118/344 712/2119/344 1512/2120/344
f 3695/2121/345 2543/2122/345 925/2123/345 2544/2124/345
f 3694/2125/346 2055/2126/346 711/2127/346 2545/2128/346
f 3693/2129/1 2546/2130/1 389/2131/1 1189/2132/1
f 3692/2133/1 2547/2134/1 926/2135/1 2548/2136/1
f 3691/2137/347 2054/2138/347 710/2139/347 2549/2140/347
f 3690/2141/1 2550/2142/1 709/2143/1 1509/2144/1
f 3689/2145/1 2551/2146/1 927/2147/1 2552/2148/1
f 3688/2149/1 1878/2150/1 534/2151/1 2553/2152/1
f 3687/2153/1 2554/2154/1 708/2155/1 1508/2156/1
f 3686/2157/1 2555/2158/1 928/2159/1 2556/2160/1
f 3685/2161/1 2051/2162/1 707/2163/1 2557/2164/1
f 3684/2165/1 2558/2166/1 293/2167/1 1093/2168/1
f 3683/2169/1 2559/2170/1 929/2171/1 2560/2172/1
f 3682/2173/1 2050/2174/1 706/2175/1 2561/2176/1
f 3681/2177/1 2562/2178/1 705/2179/1 1505/2180/1
f 3680/2181/1 2563/2182/1 930/2183/1 2564/2184/1
f 3679/2185/1 1879/2186/1 535/2187/1 2565/2188/1
f 3678/2189/1 2566/2190/1 704/2191/1 1504/2192/1
f 3677/2193/1 2567/2194/1 931/2195/1 2568/2196/1
f 3676/2197/1 2047/2198/1 703/2199/1 2569/2200/1
f 3675/2201/1 2570/2202/1 392/2203/1 1192/2204/1
f 3674/2205/1 2571/2206/1 932/2207/1 2572/2208/1
f 3673/2209/1 2046/2210/1 702/2211/1 2573/2212/1
f 3672/2213/1 2574/2214/1 701/2215/1 1501/2216/1
f 3671/2217/348 2575/2218/348 933/2219/348 2576/2220/348
f 3670/2221/349 1850/2222/349 506/2223/349 2577/2224/349
f 3669/2225/1 2578/2226/1 700/2227/1 1500/2228/1
f 3668/2229/1 2579/2230/1 934/2231/1 2580/2232/1
f 3667/2233/1 2043/2234/1 699/2235/1 2581/2236/1
f 3666/2237/1 2582/2238/1 393/2239/1 1193/2240/1
f 3665/2241/1 2583/2242/1 935/2243/1 2584/2244/1
f 3664/2245/1 2042/2246/1 698/2247/1 2585/2248/1
f 3663/2249/350 2586/2250/350 697/2251/350 1497/2252/350
f 3662/2253/351 2587/2254/351 936/2255/351 2588/2256/351
f 3661/2257/352 1882/2258/352 538/2259/352 2589/2260/352
f 3660/2261/353 2590/2262/353 696/2263/353 1496/2264/353
f 3659/2265/354 2591/2266/354 937/2267/354 2592/2268/354
f 3658/2269/355 2039/2270/355 695/2271/355 2593/2272/355
f 3657/2273/356 2594/2274/356 321/2275/356 1121/2276/356
f 3656/2277/357 2595/2278/357 938/2279/357 2596/2280/357
f 3655/2281/358 2038/2282/358 694/2283/358 2597/2284/358
f 3654/2285/359 2598/2286/359 693/2287/359 1493/2288/359
f 3653/2289/360 2599/2290/360 939/2291/360 2600/2292/360
f 3652/2293/1 1883/2294/1 539/2295/1 2601/2296/1
f 3651/2297/361 2602/2298/361 692/2299/361 1492/2300/361
f 3650/2301/1 2603/2302/1 940/2303/1 2604/2304/1
f 3649/2305/1 2035/2306/1 691/2307/1 2605/2308/1
f 3648/2309/362 2606/2310/362 396/2311/362 1196/2312/362
f 3647/2313/363 2607/2314/363 941/2315/363 2608/2316/363
f 3646/2317/364 2034/2318/364 690/2319/364 2609/2320/364
f 3645/2321/365 2610/2322/365 689/2323/365 1489/2324/365
f 3644/2325/1 2611/2326/1 942/2327/1 2612/2328/1
f 3643/2329/1 1839/2330/1 495/2331/1 2613/2332/1
f 3642/2333/366 2614/2334/366 688/2335/366 1488/2336/366
f 3641/2337/1 2615/2338/1 943/2339/1 2616/2340/1
f 3640/2341/1 2031/2342/1 687/2343/1 2617/2344/1
f 3639/2345/367 2618/2346/367 397/2347/367 1197/2348/367
f 3638/2349/368 2619/2350/368 944/2351/368 2620/2352/368
f 3637/2353/369 2030/2354/369 686/2355/369 2621/2356/369
f 3636/2357/370 2622/2358/370 685/2359/370 1485/2360/370
f 3635/2361/1 2623/2362/1 945/2363/1 2624/2364/1
f 3634/2365/371 1886/2366/371 542/2367/371 2625/2368/371
f 3633/2369/1 2626/2370/1 684/2371/1 1484/2372/1
f 3632/2373/1 2627/2374/1 946/2375/1 2628/2376/1
f 3631/2377/1 2027/2378/1 683/2379/1 2629/2380/1
f 3630/2381/1 2630/2382/1 320/2383/1 1120/2384/1
f 3629/2385/1 2631/2386/1 947/2387/1 2632/2388/1
f 3628/2389/1 2026/2390/1 682/2391/1 2633/2392/1
f 3627/2393/1 2634/2394/1 681/2395/1 1481/2396/1
f 3626/2397/1 2635/2398/1 948/2399/1 2636/2400/1
f 3625/2401/1 1887/2402/1 543/2403/1 2637/2404/1
f 3624/2405/1 2638/2406/1 680/2407/1 1480/2408/1
f 3623/2409/1 2639/2410/1 949/2411/1 2640/2412/1
f 3622/2413/1 2023/2414/1 679/2415/1 2641/2416/1
f 3621/2417/1 2642/2418/1 400/2419/1 1200/2420/1
f 3620/2421/1 2643/2422/1 950/2423/1 2644/2424/1
f 3619/2425/1 2022/2426/1 678/2427/1 2645/2428/1
f 3618/2429/372 2646/2430/372 677/2431/372 1477/2432/372
f 3617/2433/1 2647/2434/1 951/2435/1 2648/2436/1
f 3616/2437/1 1847/2438/1 503/2439/1 2649/2440/1
f 3615/2441/1 2650/2442/1 676/2443/1 1476/2444/1
f 3614/2445/1 2651/2446/1 952/2447/1 2652/2448/1
f 3613/2449/1 2019/2450/1 675/2451/1 2653/2452/1
f 3612/2453/373 2654/2454/373 401/2455/373 1201/2456/373
f 3611/2457/374 2655/2458/374 953/2459/374 2656/2460/374
f 3610/2461/375 2018/2462/375 674/2463/375 2657/2464/375
f 3609/2465/376 2658/2466/376 673/2467/376 1473/2468/376
f 3608/2469/377 2659/2470/377 954/2471/377 2660/2472/377
f 3607/2473/378 1890/2474/378 546/2475/378 2661/2476/378
f 3606/2477/1 2662/2478/1 672/2479/1 1472/2480/1
f 3605/2481/1 2663/2482/1 955/2483/1 2664/2484/1
f 3604/2485/379 2015/2486/379 671/2487/379 2665/2488/379
f 3603/2489/1 2666/2490/1 300/2491/1 1100/2492/1
f 3602/2493/1 2667/2494/1 956/2495/1 2668/2496/1
f 3601/2497/1 2014/2498/1 670/2499/1 2669/2500/1
f 3600/2501/380 2670/2502/380 669/2503/380 1469/2504/380
f 3599/2505/380 2671/2506/380 957/2507/380 2672/2508/380
f 3598/2509/26 1891/2510/26 547/2511/26 2673/2512/26
f 3597/2513/1 2674/2514/1 668/2515/1 1468/2516/1
f 3596/2517/1 2675/2518/1 958/2519/1 2676/2520/1
f 3595/2521/94 2011/2522/94 667/2523/94 2677/2524/94
f 3594/2525/1 2678/2526/1 404/2527/1 1204/2528/1
f 3593/2529/1 2679/2530/1 959/2531/1 2680/2532/1
f 3592/2533/94 2010/2534/94 666/2535/94 2681/2536/94
f 3591/2537/381 2682/2538/381 665/2539/381 1465/2540/381
f 3590/2541/381 2683/2542/381 960/2543/381 2684/2544/381
f 3589/2545/27 1846/2546/27 502/2547/27 2685/2548/27
f 3588/2549/382 2686/2550/382 664/2551/382 1464/2552/382
f 3587/2553/382 2687/2554/382 961/2555/382 2688/2556/382
f 3586/2557/93 2007/2558/93 663/2559/93 2689/2560/93
f 3585/2561/382 2690/2562/382 405/2563/382 1205/2564/382
f 3584/2565/382 2691/2566/382 962/2567/382 2692/2568/382
f 3583/2569/93 2006/2570/93 662/2571/93 2693/2572/93
f 3582/2573/383 2694/2574/383 661/2575/383 1461/2576/383
f 3581/2577/384 2695/2578/384 963/2579/384 2696/2580/384
f 3580/2581/385 1894/2582/385 550/2583/385 2697/2584/385
f 3579/2585/386 2698/2586/386 660/2587/386 1460/2588/386
f 3578/2589/387 2699/2590/387 964/2591/387 2700/2592/387
f 3577/2593/388 2003/2594/388 659/2595/388 2701/2596/388
f 3576/2597/389 2702/2598/389 317/2599/389 1117/2600/389
f 3575/2601/390 2703/2602/390 965/2603/390 2704/2604/390
f 3574/2605/391 2002/2606/391 658/2607/391 2705/2608/391
f 3573/2609/392 2706/2610/392 657/2611/392 1457/2612/392
f 3572/2613/393 2707/2614/393 966/2615/393 2708/2616/393
f 3571/2617/1 1895/2618/1 551/2619/1 2709/2620/1
f 3570/2621/394 2710/2622/394 656/2623/394 1456/2624/394
f 3569/2625/395 2711/2626/395 967/2627/395 2712/2628/395
f 3568/2629/396 1999/2630/396 655/2631/396 2713/2632/396
f 3567/2633/397 2714/2634/397 408/2635/397 1208/2636/397
f 3566/2637/398 2715/2638/398 968/2639/398 2716/2640/398
f 3565/2641/399 1998/2642/399 654/2643/399 2717/2644/399
f 3564/2645/1 2718/2646/1 653/2647/1 1453/2648/1
f 3563/2649/1 2719/2650/1 969/2651/1 2720/2652/1
f 3562/2653/1 1836/2654/1 492/2655/1 2721/2656/1
f 3561/2657/400 2722/2658/400 652/2659/400 1452/2660/400
f 3560/2661/1 2723/2662/1 970/2663/1 2724/2664/1
f 3559/2665/1 1995/2666/1 651/2667/1 2725/2668/1
f 3558/2669/401 2726/2670/401 409/2671/401 1209/2672/401
f 3557/2673/402 2727/2674/402 971/2675/402 2728/2676/402
f 3556/2677/1 1994/2678/1 650/2679/1 2729/2680/1
f 3555/2681/403 2730/2682/403 649/2683/403 1449/2684/403
f 3554/2685/404 2731/2686/404 972/2687/404 2732/2688/404
f 3553/2689/405 1898/2690/405 554/2691/405 2733/2692/405
f 3552/2693/406 2734/2694/406 648/2695/406 1448/2696/406
f 3551/2697/407 2735/2698/407 973/2699/407 2736/2700/407
f 3550/2701/408 1991/2702/408 647/2703/408 2737/2704/408
f 3549/2705/409 2738/2706/409 316/2707/409 1116/2708/409
f 3548/2709/410 2739/2710/410 974/2711/410 2740/2712/410
f 3547/2713/411 1990/2714/411 646/2715/411 2741/2716/411
f 3546/2717/412 2742/2718/412 645/2719/412 1445/2720/412
f 3545/2721/413 2743/2722/413 975/2723/413 2744/2724/413
f 3544/2725/414 1899/2726/414 555/2727/414 2745/2728/414
f 3543/2729/415 2746/2730/415 644/2731/415 1444/2732/415
f 3542/2733/1 2747/2734/1 976/2735/1 2748/2736/1
f 3541/2737/416 1987/2738/416 643/2739/416 2749/2740/416
f 3540/2741/417 2750/2742/417 412/2743/417 1212/2744/417
f 3539/2745/418 2751/2746/418 977/2747/418 2752/2748/418
f 3538/2749/419 1986/2750/419 642/2751/419 2753/2752/419
f 3537/2753/420 2754/2754/420 641/2755/420 1441/2756/420
f 3536/2757/421 2755/2758/421 978/2759/421 2756/2760/421
f 3535/2761/422 1843/2762/422 499/2763/422 2757/2764/422
f 3534/2765/423 2758/2766/423 640/2767/423 1440/2768/423
f 3533/2769/424 2759/2770/424 979/2771/424 2760/2772/424
f 3532/2773/425 1983/2774/425 639/2775/425 2761/2776/425
f 3531/2777/426 2762/2778/426 413/2779/426 1213/2780/426
f 3530/2781/427 2763/2782/427 980/2783/427 2764/2784/427
f 3529/2785/428 1982/2786/428 638/2787/428 2765/2788/428
f 3528/2789/429 2766/2790/429 637/2791/429 1437/2792/429
f 3527/2793/430 2767/2794/430 981/2795/430 2768/2796/430
f 3526/2797/431 1902/2798/431 558/2799/431 2769/2800/431
f 3525/2801/432 2770/2802/432 636/2803/432 1436/2804/432
f 3524/2805/433 2771/2806/433 982/2807/433 2772/2808/433
f 3523/2809/434 1979/2810/434 635/2811/434 2773/2812/434
f 3522/2813/435 2774/2814/435 301/2815/435 1101/2816/435
f 3521/2817/436 2775/2818/436 983/2819/436 2776/2820/436
f 3520/2821/437 1978/2822/437 634/2823/437 2777/2824/437
f 3519/2825/438 2778/2826/438 633/2827/438 1433/2828/438
f 3518/2829/439 2779/2830/439 984/2831/439 2780/2832/439
f 3517/2833/440 1903/2834/440 559/2835/440 2781/2836/440
f 3516/2837/441 2782/2838/441 632/2839/441 1432/2840/441
f 3515/2841/442 2783/2842/442 985/2843/442 2784/2844/442
f 3514/2845/443 1975/2846/443 631/2847/443 2785/2848/443
f 3513/2849/444 2786/2850/444 416/2851/444 1216/2852/444
f 3512/2853/445 2787/2854/445 986/2855/445 2788/2856/445
f 3511/2857/446 1974/2858/446 630/2859/446 2789/2860/446
f 3510/2861/447 2790/2862/447 629/2863/447 1429/2864/447
f 3509/2865/448 2791/2866/448 987/2867/448 2792/2868/448
f 3508/2869/449 1842/2870/449 498/2871/449 2793/2872/449
f 3507/2873/450 2794/2874/450 628/2875/450 1428/2876/450
f 3506/2877/451 2795/2878/451 988/2879/451 2796/2880/451
f 3505/2881/452 1971/2882/452 627/2883/452 2797/2884/452
f 3504/2885/453 2798/2886/453 417/2887/453 1217/2888/453
f 3503/2889/454 2799/2890/454 989/2891/454 2800/2892/454
f 3502/2893/455 1970/2894/455 626/2895/455 2801/2896/455
f 3501/2897/456 2802/2898/456 625/2899/456 1425/2900/456
f 3500/2901/457 2803/2902/457 990/2903/457 2804/2904/457
f 3499/2905/458 1906/2906/458 562/2907/458 2805/2908/458
f 3498/2909/459 2806/2910/459 624/2911/459 1424/2912/459
f 3497/2913/460 2807/2914/460 991/2915/460 2808/2916/460
f 3496/2917/461 1967/2918/461 623/2919/461 2809/2920/461
f 3495/2921/462 2810/2922/462 313/2923/462 1113/2924/462
f 3494/2925/463 2811/2926/463 992/2927/463 2812/2928/463
f 3493/2929/464 1966/2930/464 622/2931/464 2813/2932/464
f 3492/2933/465 2814/2934/465 621/2935/465 1421/2936/465
f 3491/2937/466 2815/2938/466 993/2939/466 2816/2940/466
f 3490/2941/467 1907/2942/467 563/2943/467 2817/2944/467
f 3489/2945/468 2818/2946/468 620/2947/468 1420/2948/468
f 3488/2949/469 2819/2950/469 994/2951/469 2820/2952/469
f 3487/2953/470 1963/2954/470 619/2955/470 2821/2956/470
f 3486/2957/471 2822/2958/471 420/2959/471 1220/2960/471
f 3485/2961/472 2823/2962/472 995/2963/472 2824/2964/472
f 3484/2965/473 1962/2966/473 618/2967/473 2825/2968/473
f 3483/2969/474 2826/2970/474 617/2971/474 1417/2972/474
f 3482/2973/475 2827/2974/475 996/2975/475 2828/2976/475
f 3481/2977/1 1824/2978/1 480/2979/1 2829/2980/1
f 3480/2981/476 2830/2982/476 616/2983/476 1416/2984/476
f 3479/2985/477 2831/2986/477 997/2987/477 2832/2988/477
f 3478/2989/478 1959/2990/478 615/2991/478 2833/2992/478
f 3477/2993/479 2834/2994/479 421/2995/479 1221/2996/479
f 3476/2997/480 2835/2998/480 998/2999/480 2836/3000/480
f 3475/3001/481 1958/3002/481 614/3003/481 2837/3004/481
f 3474/3005/482 2838/3006/482 613/3007/482 1413/3008/482
f 3473/3009/483 2839/3010/483 999/3011/483 2840/3012/483
f 3472/3013/484 1910/3014/484 566/3015/484 2841/3016/484
f 3471/3017/485 2842/3018/485 612/3019/485 1412/3020/485
f 3470/3021/486 2843/3022/486 1000/3023/486 2844/3024/486
f 3469/3025/487 1955/3026/487 611/3027/487 2845/3028/487
f 3468/3029/488 2846/3030/488 312/3031/488 1112/3032/488
f 3467/3033/489 2847/3034/489 1001/3035/489 2848/3036/489
f 3466/3037/490 1954/3038/490 610/3039/490 2849/3040/490
f 3465/3041/54 2850/3042/54 609/3043/54 1409/3044/54
f 3464/3045/491 2851/3046/491 1002/3047/491 2852/3048/491
f 3463/3049/492 1911/3050/492 567/3051/492 2853/3052/492
f 3462/3053/1 2854/3054/1 608/3055/1 1408/3056/1
f 3461/3057/1 2855/3058/1 1003/3059/1 2856/3060/1
f 3460/3061/493 1951/3062/493 607/3063/493 2857/3064/493
f 3459/3065/55 2858/3066/55 424/3067/55 1224/3068/55
f 3458/3069/493 2859/3070/493 1004/3071/493 2860/3072/493
f 3457/3073/486 1950/3074/486 606/3075/486 2861/3076/486
f 3456/3077/494 2862/3078/494 605/3079/494 1405/3080/494
f 3455/3081/495 2863/3082/495 1005/3083/495 2864/3084/495
f 3454/3085/496 1827/3086/496 483/3087/496 2865/3088/496
f 3453/3089/497 2866/3090/497 604/3091/497 1404/3092/497
f 3452/3093/498 2867/3094/498 1006/3095/498 2868/3096/498
f 3451/3097/499 1947/3098/499 603/3099/499 2869/3100/499
f 3450/3101/500 2870/3102/500 425/3103/500 1225/3104/500
f 3449/3105/501 2871/3106/501 1007/3107/501 2872/3108/501
f 3448/3109/502 1946/3110/502 602/3111/502 2873/3112/502
f 3447/3113/1 2874/3114/1 601/3115/1 1401/3116/1
f 3446/3117/1 2875/3118/1 1008/3119/1 2876/3120/1
f 3445/3121/48 1914/3122/48 570/3123/48 2877/3124/48
f 3444/3125/1 2878/3126/1 600/3127/1 1400/3128/1
f 3443/3129/1 2879/3130/1 1009/3131/1 2880/3132/1
f 3442/3133/1 1943/3134/1 599/3135/1 2881/3136/1
f 3441/3137/1 2882/3138/1 305/3139/1 1105/3140/1
f 3440/3141/1 2883/3142/1 1010/3143/1 2884/3144/1
f 3439/3145/1 1942/3146/1 598/3147/1 2885/3148/1
f 3438/3149/503 2886/3150/503 597/3151/503 1397/3152/503
f 3437/3153/504 2887/3154/504 1011/3155/504 2888/3156/504
f 3436/3157/46 1915/3158/46 571/3159/46 2889/3160/46
f 3435/3161/505 2890/3162/505 596/3163/505 1396/3164/505
f 3434/3165/506 2891/3166/506 1012/3167/506 2892/3168/506
f 3433/3169/507 1939/3170/507 595/3171/507 2893/3172/507
f 3432/3173/1 2894/3174/1 428/3175/1 1228/3176/1
f 3431/3177/508 2895/3178/508 1013/3179/508 2896/3180/508
f 3430/3181/41 1938/3182/41 594/3183/41 2897/3184/41
f 3429/3185/509 2898/3186/509 593/3187/509 1393/3188/509
f 3428/3189/251 2899/3190/251 1014/3191/251 2900/3192/251
f 3427/3193/510 1826/3194/510 482/3195/510 2901/3196/510
f 3426/3197/504 2902/3198/504 592/3199/504 1392/3200/504
f 3425/3201/511 2903/3202/511 1015/3203/511 2904/3204/511
f 3424/3205/15 1935/3206/15 591/3207/15 2905/3208/15
f 3423/3209/512 2906/3210/512 429/3211/512 1229/3212/512
f 3422/3213/503 2907/3214/503 1016/3215/503 2908/3216/503
f 3421/3217/50 1934/3218/50 590/3219/50 2909/3220/50
f 3420/3221/1 2910/3222/1 589/3223/1 1389/3224/1
f 3419/3225/1 2911/3226/1 1017/3227/1 2912/3228/1
f 3418/3229/1 1918/3230/1 574/3231/1 2913/3232/1
f 3417/3233/1 2914/3234/1 588/3235/1 1388/3236/1
f 3416/3237/513 2915/3238/513 1018/3239/513 2916/3240/513
f 3415/3241/1 1931/3242/1 587/3243/1 2917/3244/1
f 3414/3245/1 2918/3246/1 309/3247/1 1109/3248/1
f 3413/3249/1 2919/3250/1 1019/3251/1 2920/3252/1
f 3412/3253/1 1930/3254/1 586/3255/1 2921/3256/1
f 3411/3257/1 2922/3258/1 585/3259/1 1385/3260/1
f 3410/3261/271 2923/3262/271 1020/3263/271 2924/3264/271
f 3409/3265/1 1919/3266/1 575/3267/1 2925/3268/1
f 3408/3269/136 2926/3270/136 584/3271/136 1384/3272/136
f 3407/3273/273 2927/3274/273 1021/3275/273 2928/3276/273
f 3406/3277/270 1927/3278/270 583/3279/270 2929/3280/270
f 3405/3281/514 2930/3282/514 432/3283/514 1232/3284/514
f 3404/3285/515 2931/3286/515 1022/3287/515 2932/3288/515
f 3403/3289/516 1926/3290/516 582/3291/516 2933/3292/516
f 3402/3293/1 2934/3294/1 581/3295/1 1381/3296/1
f 3401/3297/1 2935/3298/1 1023/3299/1 2936/3300/1
f 3400/3301/1 1820/3302/1 476/3303/1 2937/3304/1
f 3399/3305/1 2938/3306/1 580/3307/1 1380/3308/1
f 3398/3309/1 2939/3310/1 1024/3311/1 2940/3312/1
f 3397/3313/1 1923/3314/1 579/3315/1 2941/3316/1
f 3396/3317/1 2942/3318/1 433/3319/1 1233/3320/1
f 3395/3321/1 2943/3322/1 1025/3323/1 2944/3324/1
f 3394/3325/1 1922/3326/1 578/3327/1 2945/3328/1
f 3393/3329/1 2946/3330/1 577/3331/1 1377/3332/1
f 3392/3333/1 2947/3334/1 1026/3335/1 2948/3336/1
f 3391/3337/1 1676/3338/1 332/3339/1 2949/3340/1
f 3390/3341/1 2950/3342/1 576/3343/1 1376/3344/1
f 3389/3345/1 2951/3346/1 1027/3347/1 2952/3348/1
f 3388/3349/1 1775/3350/1 431/3351/1 2953/3352/1
f 3387/3353/1 2954/3354/1 453/3355/1 1253/3356/1
f 3386/3357/1 2955/3358/1 1028/3359/1 2956/3360/1
f 3385/3361/1 1774/3362/1 430/3363/1 2957/3364/1
f 3384/3365/517 2958/3366/517 573/3367/517 1373/3368/517
f 3383/3369/518 2959/3370/518 1029/3371/518 2960/3372/518
f 3382/3373/519 1682/3374/519 338/3375/519 2961/3376/519
f 3381/3377/171 2962/3378/171 572/3379/171 1372/3380/171
f 3380/3381/512 2963/3382/512 1030/3383/512 2964/3384/512
f 3379/3385/520 1771/3386/520 427/3387/520 2965/3388/520
f 3378/3389/1 2966/3390/1 449/3391/1 1249/3392/1
f 3377/3393/1 2967/3394/1 1031/3395/1 2968/3396/1
f 3376/3397/1 1770/3398/1 426/3399/1 2969/3400/1
f 3375/3401/521 2970/3402/521 569/3403/521 1369/3404/521
f 3374/3405/522 2971/3406/522 1032/3407/522 2972/3408/522
f 3373/3409/523 1683/3410/523 339/3411/523 2973/3412/523
f 3372/3413/56 2974/3414/56 568/3415/56 1368/3416/56
f 3371/3417/487 2975/3418/487 1033/3419/487 2976/3420/487
f 3370/3421/483 1767/3422/483 423/3423/483 2977/3424/483
f 3369/3425/524 2978/3426/524 456/3427/524 1256/3428/524
f 3368/3429/525 2979/3430/525 1034/3431/525 2980/3432/525
f 3367/3433/526 1766/3434/526 422/3435/526 2981/3436/526
f 3366/3437/527 2982/3438/527 565/3439/527 1365/3440/527
f 3365/3441/528 2983/3442/528 1035/3443/528 2984/3444/528
f 3364/3445/1 1680/3446/1 336/3447/1 2985/3448/1
f 3363/3449/529 2986/3450/529 564/3451/529 1364/3452/529
f 3362/3453/530 2987/3454/530 1036/3455/530 2988/3456/530
f 3361/3457/531 1763/3458/531 419/3459/531 2989/3460/531
f 3360/3461/532 2990/3462/532 457/3463/532 1257/3464/532
f 3359/3465/533 2991/3466/533 1037/3467/533 2992/3468/533
f 3358/3469/534 1762/3470/534 418/3471/534 2993/3472/534
f 3357/3473/535 2994/3474/535 561/3475/535 1361/3476/535
f 3356/3477/1 2995/3478/1 1038/3479/1 2996/3480/1
f 3355/3481/129 1698/3482/129 354/3483/129 2997/3484/129
f 3354/3485/536 2998/3486/536 560/3487/536 1360/3488/536
f 3353/3489/537 2999/3490/537 1039/3491/537 3000/3492/537
f 3352/3493/538 1759/3494/538 415/3495/538 3001/3496/538
f 3351/3497/539 3002/3498/539 445/3499/539 1245/3500/539
f 3350/3501/540 3003/3502/540 1040/3503/540 3004/3504/540
f 3349/3505/541 1758/3506/541 414/3507/541 3005/3508/541
f 3348/3509/542 3006/3510/542 557/3511/542 1357/3512/542
f 3347/3513/543 3007/3514/543 1041/3515/543 3008/3516/543
f 3346/3517/544 1699/3518/544 355/3519/544 3009/3520/544
f 3345/3521/545 3010/3522/545 556/3523/545 1356/3524/545
f 3344/3525/546 3011/3526/546 1042/3527/546 3012/3528/546
f 3343/3529/547 1755/3530/547 411/3531/547 3013/3532/547
f 3342/3533/548 3014/3534/548 460/3535/548 1260/3536/548
f 3341/3537/549 3015/3538/549 1043/3539/549 3016/3540/549
f 3340/3541/550 1754/3542/550 410/3543/550 3017/3544/550
f 3339/3545/1 3018/3546/1 553/3547/1 1353/3548/1
f 3338/3549/1 3019/3550/1 1044/3551/1 3020/3552/1
f 3337/3553/1 1692/3554/1 348/3555/1 3021/3556/1
f 3336/3557/551 3022/3558/551 552/3559/551 1352/3560/551
f 3335/3561/552 3023/3562/552 1045/3563/552 3024/3564/552
f 3334/3565/553 1751/3566/553 407/3567/553 3025/3568/553
f 3333/3569/554 3026/3570/554 461/3571/554 1261/3572/554
f 3332/3573/555 3027/3574/555 1046/3575/555 3028/3576/555
f 3331/3577/556 1750/3578/556 406/3579/556 3029/3580/556
f 3330/3581/381 3030/3582/381 549/3583/381 1349/3584/381
f 3329/3585/381 3031/3586/381 1047/3587/381 3032/3588/381
f 3328/3589/27 1702/3590/27 358/3591/27 3033/3592/27
f 3327/3593/380 3034/3594/380 548/3595/380 1348/3596/380
f 3326/3597/380 3035/3598/380 1048/3599/380 3036/3600/380
f 3325/3601/26 1747/3602/26 403/3603/26 3037/3604/26
f 3324/3605/557 3038/3606/557 444/3607/557 1244/3608/557
f 3323/3609/558 3039/3610/558 1049/3611/558 3040/3612/558
f 3322/3613/559 1746/3614/559 402/3615/559 3041/3616/559
f 3321/3617/560 3042/3618/560 545/3619/560 1345/3620/560
f 3320/3621/561 3043/3622/561 1050/3623/561 3044/3624/561
f 3319/3625/562 1703/3626/562 359/3627/562 3045/3628/562
f 3318/3629/1 3046/3630/1 544/3631/1 1344/3632/1
f 3317/3633/1 3047/3634/1 1051/3635/1 3048/3636/1
f 3316/3637/1 1743/3638/1 399/3639/1 3049/3640/1
f 3315/3641/563 3050/3642/563 464/3643/563 1264/3644/563
f 3314/3645/564 3051/3646/564 1052/3647/564 3052/3648/564
f 3313/3649/565 1742/3650/565 398/3651/565 3053/3652/565
f 3312/3653/566 3054/3654/566 541/3655/566 1341/3656/566
f 3311/3657/567 3055/3658/567 1053/3659/567 3056/3660/567
f 3310/3661/568 1695/3662/568 351/3663/568 3057/3664/568
f 3309/3665/569 3058/3666/569 540/3667/569 1340/3668/569
f 3308/3669/570 3059/3670/570 1054/3671/570 3060/3672/570
f 3307/3673/571 1739/3674/571 395/3675/571 3061/3676/571
f 3306/3677/572 3062/3678/572 465/3679/572 1265/3680/572
f 3305/3681/573 3063/3682/573 1055/3683/573 3064/3684/573
f 3304/3685/574 1738/3686/574 394/3687/574 3065/3688/574
f 3303/3689/1 3066/3690/1 537/3691/1 1337/3692/1
f 3302/3693/1 3067/3694/1 1056/3695/1 3068/3696/1
f 3301/3697/1 1706/3698/1 362/3699/1 3069/3700/1
f 3300/3701/1 3070/3702/1 536/3703/1 1336/3704/1
f 3299/3705/1 3071/3706/1 1057/3707/1 3072/3708/1
f 3298/3709/1 1735/3710/1 391/3711/1 3073/3712/1
f 3297/3713/1 3074/3714/1 437/3715/1 1237/3716/1
f 3296/3717/1 3075/3718/1 1058/3719/1 3076/3720/1
f 3295/3721/1 1734/3722/1 390/3723/1 3077/3724/1
f 3294/3725/575 3078/3726/575 533/3727/575 1333/3728/575
f 3293/3729/576 3079/3730/576 1059/3731/576 3080/3732/576
f 3292/3733/577 1707/3734/577 363/3735/577 3081/3736/577
f 3291/3737/1 3082/3738/1 532/3739/1 1332/3740/1
f 3290/3741/1 3083/3742/1 1060/3743/1 3084/3744/1
f 3289/3745/1 1731/3746/1 387/3747/1 3085/3748/1
f 3288/3749/1 3086/3750/1 468/3751/1 1268/3752/1
f 3287/3753/1 3087/3754/1 1061/3755/1 3088/3756/1
f 3286/3757/1 1730/3758/1 386/3759/1 3089/3760/1
f 3285/3761/578 3090/3762/578 529/3763/578 1329/3764/578
f 3284/3765/579 3091/3766/579 1062/3767/579 3092/3768/579
f 3283/3769/580 1694/3770/580 350/3771/580 3093/3772/580
f 3282/3773/581 3094/3774/581 528/3775/581 1328/3776/581
f 3281/3777/582 3095/3778/582 1063/3779/582 3096/3780/582
f 3280/3781/583 1727/3782/583 383/3783/583 3097/3784/583
f 3279/3785/584 3098/3786/584 469/3787/584 1269/3788/584
f 3278/3789/585 3099/3790/585 1064/3791/585 3100/3792/585
f 3277/3793/142 1726/3794/142 382/3795/142 3101/3796/142
f 3276/3797/586 3102/3798/586 525/3799/586 1325/3800/586
f 3275/3801/587 3103/3802/587 1065/3803/587 3104/3804/587
f 3274/3805/588 1710/3806/588 366/3807/588 3105/3808/588
f 3273/3809/589 3106/3810/589 524/3811/589 1324/3812/589
f 3272/3813/590 3107/3814/590 1066/3815/590 3108/3816/590
f 3271/3817/591 1723/3818/591 379/3819/591 3109/3820/591
f 3270/3821/1 3110/3822/1 441/3823/1 1241/3824/1
f 3269/3825/592 3111/3826/592 1067/3827/592 3112/3828/592
f 3268/3829/593 1722/3830/593 378/3831/593 3113/3832/593
f 3267/3833/137 3114/3834/137 521/3835/137 1321/3836/137
f 3266/3837/269 3115/3838/269 1068/3839/269 3116/3840/269
f 3265/3841/594 1711/3842/594 367/3843/594 3117/3844/594
f 3264/3845/1 3118/3846/1 520/3847/1 1320/3848/1
f 3263/3849/1 3119/3850/1 1069/3851/1 3120/3852/1
f 3262/3853/1 1719/3854/1 375/3855/1 3121/3856/1
f 3261/3857/1 3122/3858/1 472/3859/1 1272/3860/1
f 3260/3861/1 3123/3862/1 1070/3863/1 3124/3864/1
f 3259/3865/1 1718/3866/1 374/3867/1 3125/3868/1
f 3258/3869/1 3126/3870/1 517/3871/1 1317/3872/1
f 3257/3873/1 3127/3874/1 1071/3875/1 3128/3876/1
f 3256/3877/1 1688/3878/1 344/3879/1 3129/3880/1
f 3255/3881/135 3130/3882/135 516/3883/135 1316/3884/135
f 3254/3885/275 3131/3886/275 1072/3887/275 3132/3888/275
f 3253/3889/595 1715/3890/595 371/3891/595 3133/3892/595
f 3252/3893/11 3134/3894/11 473/3895/11 1273/3896/11
f 3251/3897/595 3135/3898/595 1073/3899/595 3136/3900/595
f 3250/3901/1 1714/3902/1 370/3903/1 3137/3904/1
f 3249/3905/1 3138/3906/1 513/3907/1 1313/3908/1
f 3248/3909/1 3139/3910/1 1074/3911/1 3140/3912/1
f 3247/3913/1 1648/3914/1 304/3915/1 3141/3916/1
f 3246/3917/12 3142/3918/12 512/3919/12 1312/3920/12
f 3245/3921/594 3143/3922/594 1075/3923/594 3144/3924/594
f 3244/3925/281 1671/3926/281 327/3927/281 3145/3928/281
f 3243/3929/1 3146/3930/1 481/3931/1 1281/3932/1
f 3242/3933/596 3147/3934/596 1076/3935/596 3148/3936/596
f 3241/3937/1 1670/3938/1 326/3939/1 3149/3940/1
f 3240/3941/252 3150/3942/252 509/3943/252 1309/3944/252
f 3239/3945/303 3151/3946/303 1077/3947/303 3152/3948/303
f 3238/3949/1 1654/3950/1 310/3951/1 3153/3952/1
f 3237/3953/597 3154/3954/597 508/3955/597 1308/3956/597
f 3236/3957/598 3155/3958/598 1078/3959/598 3156/3960/598
f 3235/3961/599 1667/3962/599 323/3963/599 3157/3964/599
f 3234/3965/1 3158/3966/1 477/3967/1 1277/3968/1
f 3233/3969/1 3159/3970/1 1079/3971/1 3160/3972/1
f 3232/3973/1 1666/3974/1 322/3975/1 3161/3976/1
f 3231/3977/600 3162/3978/600 505/3979/600 1305/3980/600
f 3230/3981/601 3163/3982/601 1080/3983/601 3164/3984/601
f 3229/3985/602 1655/3986/602 311/3987/602 3165/3988/602
f 3228/3989/603 3166/3990/603 504/3991/603 1304/3992/603
f 3227/3993/604 3167/3994/604 1081/3995/604 3168/3996/604
f 3226/3997/605 1663/3998/605 319/3999/605 3169/4000/605
f 3225/4001/606 3170/4002/606 484/4003/606 1284/4004/606
f 3224/4005/607 3171/4006/607 1082/4007/607 3172/4008/607
f 3223/4009/608 1662/4010/608 318/4011/608 3173/4012/608
f 3222/4013/609 3174/4014/609 501/4015/609 1301/4016/609
f 3221/4017/610 3175/4018/610 1083/4019/610 3176/4020/610
f 3220/4021/1 1652/4022/1 308/4023/1 3177/4024/1
f 3219/4025/611 3178/4026/611 500/4027/611 1300/4028/611
f 3218/4029/612 3179/4030/612 1084/4031/612 3180/4032/612
f 3217/4033/613 1659/4034/613 315/4035/613 3181/4036/613
f 3216/4037/614 3182/4038/614 485/4039/614 1285/4040/614
f 3215/4041/615 3183/4042/615 1085/4043/615 3184/4044/615
f 3214/4045/616 1658/4046/616 314/4047/616 3185/4048/616
f 3213/4049/1 3186/4050/1 497/4051/1 1297/4052/1
f 3212/4053/1 3187/4054/1 1086/4055/1 3188/4056/1
f 3211/4057/1 1640/4058/1 296/4059/1 3189/4060/1
f 3210/4061/617 3190/4062/617 496/4063/617 1296/4064/617
f 3209/4065/618 3191/4066/618 1087/4067/618 3192/4068/618
f 3208/4069/619 1643/4070/619 299/4071/619 3193/4072/619
f 3207/4073/1 3194/4074/1 489/4075/1 1289/4076/1
f 3206/4077/1 3195/4078/1 1088/4079/1 3196/4080/1
f 3205/4081/1 1642/4082/1 298/4083/1 3197/4084/1
f 3204/4085/1 3198/4086/1 493/4087/1 1293/4088/1
f 3203/4089/1 3199/4090/1 1089/4091/1 3200/4092/1
f 3202/4093/1 1636/4094/1 292/4095/1 3201/4096/1
f 3199/4090/1 3202/4093/1 3201/4096/1 1089/4091/1
f 833/1027/1 2177/1024/1 3202/4093/1 3199/4090/1
f 2177/1024/1 84/1023/1 1636/4094/1 3202/4093/1
f 2174/1058/1 3203/4089/1 3200/4092/1 830/1059/1
f 289/1019/1 1633/1028/1 3203/4089/1 2174/1058/1
f 1633/1028/1 833/1027/1 3199/4090/1 3203/4089/1
f 1630/1014/1 3204/4085/1 1293/4088/1 141/1015/1
f 830/1059/1 3200/4092/1 3204/4085/1 1630/1014/1
f 3200/4092/1 1089/4091/1 3198/4086/1 3204/4085/1
f 3195/4078/1 3205/4081/1 3197/4084/1 1088/4079/1
f 829/1063/48 2173/1012/48 3205/4081/48 3195/4078/48
f 2173/1012/168 90/1011/168 1642/4082/168 3205/4081/168
f 2170/1094/1 3206/4077/1 3196/4080/1 826/1095/1
f 288/1007/1 1629/1064/1 3206/4077/1 2170/1094/1
f 1629/1064/1 829/1063/1 3195/4078/1 3206/4077/1
f 1626/1002/1 3207/4073/1 1289/4076/1 137/1003/1
f 826/1095/1 3196/4080/1 3207/4073/1 1626/1002/1
f 3196/4080/1 1088/4079/1 3194/4074/1 3207/4073/1
f 3191/4066/620 3208/4069/620 3193/4072/620 1087/4067/620
f 825/1099/621 2169/1000/621 3208/4069/621 3191/4066/621
f 2169/1000/622 91/999/622 1643/4070/622 3208/4069/622
f 2166/1130/623 3209/4065/623 3192/4068/623 822/1131/623
f 287/995/624 1625/1100/624 3209/4065/624 2166/1130/624
f 1625/1100/625 825/1099/625 3191/4066/625 3209/4065/625
f 1622/990/626 3210/4061/626 1296/4064/626 144/991/626
f 822/1131/627 3192/4068/627 3210/4061/627 1622/990/627
f 3192/4068/628 1087/4067/628 3190/4062/628 3210/4061/628
f 3187/4054/1 3211/4057/1 3189/4060/1 1086/4055/1
f 821/1135/1 2165/988/1 3211/4057/1 3187/4054/1
f 2165/988/1 88/987/1 1640/4058/1 3211/4057/1
f 2162/1166/629 3212/4053/629 3188/4056/629 818/1167/629
f 286/983/630 1621/1136/630 3212/4053/630 2162/1166/630
f 1621/1136/631 821/1135/631 3187/4054/631 3212/4053/631
f 1618/978/1 3213/4049/1 1297/4052/1 145/979/1
f 818/1167/286 3188/4056/286 3213/4049/286 1618/978/286
f 3188/4056/1 1086/4055/1 3186/4050/1 3213/4049/1
f 3183/4042/632 3214/4045/632 3185/4048/632 1085/4043/632
f 817/1171/633 2161/976/633 3214/4045/633 3183/4042/633
f 2161/976/634 106/975/634 1658/4046/634 3214/4045/634
f 2158/1202/635 3215/4041/635 3184/4044/635 814/1203/635
f 285/971/636 1617/1172/636 3215/4041/636 2158/1202/636
f 1617/1172/637 817/1171/637 3183/4042/637 3215/4041/637
f 1614/966/638 3216/4037/638 1285/4040/638 133/967/638
f 814/1203/639 3184/4044/639 3216/4037/639 1614/966/639
f 3184/4044/640 1085/4043/640 3182/4038/640 3216/4037/640
f 3179/4030/641 3217/4033/641 3181/4036/641 1084/4031/641
f 813/1207/642 2157/964/642 3217/4033/642 3179/4030/642
f 2157/964/643 107/963/643 1659/4034/643 3217/4033/643
f 2154/1238/644 3218/4029/644 3180/4032/644 810/1239/644
f 284/959/645 1613/1208/645 3218/4029/645 2154/1238/645
f 1613/1208/646 813/1207/646 3179/4030/646 3218/4029/646
f 1610/954/647 3219/4025/647 1300/4028/647 148/955/647
f 810/1239/648 3180/4032/648 3219/4025/648 1610/954/648
f 3180/4032/207 1084/4031/207 3178/4026/207 3219/4025/207
f 3175/4018/1 3220/4021/1 3177/4024/1 1083/4019/1
f 809/1243/1 2153/952/1 3220/4021/1 3175/4018/1
f 2153/952/1 100/951/1 1652/4022/1 3220/4021/1
f 2150/1274/649 3221/4017/649 3176/4020/649 806/1275/649
f 283/947/650 1609/1244/650 3221/4017/650 2150/1274/650
f 1609/1244/651 809/1243/651 3175/4018/651 3221/4017/651
f 1606/942/652 3222/4013/652 1301/4016/652 149/943/652
f 806/1275/653 3176/4020/653 3222/4013/653 1606/942/653
f 3176/4020/654 1083/4019/654 3174/4014/654 3222/4013/654
f 3171/4006/655 3223/4009/655 3173/4012/655 1082/4007/655
f 805/1279/656 2149/940/656 3223/4009/656 3171/4006/656
f 2149/940/657 110/939/657 1662/4010/657 3223/4009/657
f 2146/1310/658 3224/4005/658 3172/4008/658 802/1311/658
f 282/935/659 1605/1280/659 3224/4005/659 2146/1310/659
f 1605/1280/660 805/1279/660 3171/4006/660 3224/4005/660
f 1602/930/661 3225/4001/661 1284/4004/661 132/931/661
f 802/1311/662 3172/4008/662 3225/4001/662 1602/930/662
f 3172/4008/663 1082/4007/663 3170/4002/663 3225/4001/663
f 3167/3994/664 3226/3997/664 3169/4000/664 1081/3995/664
f 801/1315/604 2145/928/604 3226/3997/604 3167/3994/604
f 2145/928/665 111/927/665 1663/3998/665 3226/3997/665
f 2142/1346/666 3227/3993/666 3168/3996/666 798/1347/666
f 281/923/224 1601/1316/224 3227/3993/224 2142/1346/224
f 1601/1316/667 801/1315/667 3167/3994/667 3227/3993/667
f 1598/918/668 3228/3989/668 1304/3992/668 152/919/668
f 798/1347/669 3168/3996/669 3228/3989/669 1598/918/669
f 3168/3996/670 1081/3995/670 3166/3990/670 3228/3989/670
f 3163/3982/671 3229/3985/671 3165/3988/671 1080/3983/671
f 797/1351/672 2141/916/672 3229/3985/672 3163/3982/672
f 2141/916/673 103/915/673 1655/3986/673 3229/3985/673
f 2138/1382/674 3230/3981/674 3164/3984/674 794/1383/674
f 280/911/675 1597/1352/675 3230/3981/675 2138/1382/675
f 1597/1352/676 797/1351/676 3163/3982/676 3230/3981/676
f 1594/906/677 3231/3977/677 1305/3980/677 153/907/677
f 794/1383/678 3164/3984/678 3231/3977/678 1594/906/678
f 3164/3984/679 1080/3983/679 3162/3978/679 3231/3977/679
f 3159/3970/1 3232/3973/1 3161/3976/1 1079/3971/1
f 793/1387/1 2137/904/1 3232/3973/1 3159/3970/1
f 2137/904/1 114/903/1 1666/3974/1 3232/3973/1
f 2134/1418/1 3233/3969/1 3160/3972/1 790/1419/1
f 279/899/1 1593/1388/1 3233/3969/1 2134/1418/1
f 1593/1388/1 793/1387/1 3159/3970/1 3233/3969/1
f 1590/894/1 3234/3965/1 1277/3968/1 125/895/1
f 790/1419/1 3160/3972/1 3234/3965/1 1590/894/1
f 3160/3972/1 1079/3971/1 3158/3966/1 3234/3965/1
f 3155/3958/680 3235/3961/680 3157/3964/680 1078/3959/680
f 789/1423/681 2133/892/681 3235/3961/681 3155/3958/681
f 2133/892/682 115/891/682 1667/3962/682 3235/3961/682
f 2130/1454/683 3236/3957/683 3156/3960/683 786/1455/683
f 278/887/684 1589/1424/684 3236/3957/684 2130/1454/684
f 1589/1424/685 789/1423/685 3155/3958/685 3236/3957/685
f 1586/882/686 3237/3953/686 1308/3956/686 156/883/686
f 786/1455/687 3156/3960/687 3237/3953/687 1586/882/687
f 3156/3960/688 1078/3959/688 3154/3954/688 3237/3953/688
f 3151/3946/132 3238/3949/132 3153/3952/132 1077/3947/132
f 785/1459/1 2129/880/1 3238/3949/1 3151/3946/1
f 2129/880/1 102/879/1 1654/3950/1 3238/3949/1
f 2126/1490/283 3239/3945/283 3152/3948/283 782/1491/283
f 277/875/132 1585/1460/132 3239/3945/132 2126/1490/132
f 1585/1460/1 785/1459/1 3151/3946/1 3239/3945/1
f 1582/870/305 3240/3941/305 1309/3944/305 157/871/305
f 782/1491/306 3152/3948/306 3240/3941/306 1582/870/306
f 3152/3948/253 1077/3947/253 3150/3942/253 3240/3941/253
f 3147/3934/1 3241/3937/1 3149/3940/1 1076/3935/1
f 781/1495/689 2125/868/689 3241/3937/689 3147/3934/689
f 2125/868/1 118/867/1 1670/3938/1 3241/3937/1
f 2122/1526/690 3242/3933/690 3148/3936/690 778/1527/690
f 276/863/691 1581/1496/691 3242/3933/691 2122/1526/691
f 1581/1496/692 781/1495/692 3147/3934/692 3242/3933/692
f 1578/858/1 3243/3929/1 1281/3932/1 129/859/1
f 778/1527/1 3148/3936/1 3243/3929/1 1578/858/1
f 3148/3936/1 1076/3935/1 3146/3930/1 3243/3929/1
f 3143/3922/264 3244/3925/264 3145/3928/264 1075/3923/264
f 777/1531/693 2121/856/693 3244/3925/693 3143/3922/693
f 2121/856/694 119/855/694 1671/3926/694 3244/3925/694
f 2118/1562/263 3245/3921/263 3144/3924/263 774/1563/263
f 275/851/472 1577/1532/472 3245/3921/472 2118/1562/472
f 1577/1532/695 777/1531/695 3143/3922/695 3245/3921/695
f 1574/846/262 3246/3917/262 1312/3920/262 160/847/262
f 774/1563/696 3144/3924/696 3246/3917/696 1574/846/696
f 3144/3924/697 1075/3923/697 3142/3918/697 3246/3917/697
f 3139/3910/1 3247/3913/1 3141/3916/1 1074/3911/1
f 773/1567/1 2117/844/1 3247/3913/1 3139/3910/1
f 2117/844/1 96/843/1 1648/3914/1 3247/3913/1
f 2114/1598/1 3248/3909/1 3140/3912/1 770/1599/1
f 274/839/1 1573/1568/1 3248/3909/1 2114/1598/1
f 1573/1568/1 773/1567/1 3139/3910/1 3248/3909/1
f 1570/834/1 3249/3905/1 1313/3908/1 161/835/1
f 770/1599/1 3140/3912/1 3249/3905/1 1570/834/1
f 3140/3912/1 1074/3911/1 3138/3906/1 3249/3905/1
f 3135/3898/271 3250/3901/271 3137/3904/271 1073/3899/271
f 769/1603/698 2113/832/698 3250/3901/698 3135/3898/698
f 2113/832/1 162/831/1 1714/3902/1 3250/3901/1
f 2110/1634/270 3251/3897/270 3136/3900/270 766/1635/270
f 273/827/699 1569/1604/699 3251/3897/699 2110/1634/699
f 1569/1604/700 769/1603/700 3135/3898/700 3251/3897/700
f 1566/822/44 3252/3893/44 1273/3896/44 121/823/44
f 766/1635/701 3136/3900/701 3252/3893/701 1566/822/701
f 3136/3900/702 1073/3899/702 3134/3894/702 3252/3893/702
f 3131/3886/270 3253/3889/270 3133/3892/270 1072/3887/270
f 765/1639/699 2109/820/699 3253/3889/699 3131/3886/699
f 2109/820/700 163/819/700 1715/3890/700 3253/3889/700
f 2106/1670/273 3254/3885/273 3132/3888/273 762/1671/273
f 272/815/703 1565/1640/703 3254/3885/703 2106/1670/703
f 1565/1640/704 765/1639/704 3131/3886/704 3254/3885/704
f 1562/810/136 3255/3881/136 1316/3884/136 164/811/136
f 762/1671/705 3132/3888/705 3255/3881/705 1562/810/705
f 3132/3888/706 1072/3887/706 3130/3882/706 3255/3881/706
f 3127/3874/1 3256/3877/1 3129/3880/1 1071/3875/1
f 761/1675/1 2105/808/1 3256/3877/1 3127/3874/1
f 2105/808/1 136/807/1 1688/3878/1 3256/3877/1
f 2102/1706/1 3257/3873/1 3128/3876/1 758/1707/1
f 271/803/1 1561/1676/1 3257/3873/1 2102/1706/1
f 1561/1676/1 761/1675/1 3127/3874/1 3257/3873/1
f 1558/798/1 3258/3869/1 1317/3872/1 165/799/1
f 758/1707/1 3128/3876/1 3258/3869/1 1558/798/1
f 3128/3876/1 1071/3875/1 3126/3870/1 3258/3869/1
f 3123/3862/1 3259/3865/1 3125/3868/1 1070/3863/1
f 757/1711/1 2101/796/1 3259/3865/1 3123/3862/1
f 2101/796/1 166/795/1 1718/3866/1 3259/3865/1
f 2098/1742/1 3260/3861/1 3124/3864/1 754/1743/1
f 270/791/1 1557/1712/1 3260/3861/1 2098/1742/1
f 1557/1712/1 757/1711/1 3123/3862/1 3260/3861/1
f 1554/786/1 3261/3857/1 1272/3860/1 120/787/1
f 754/1743/1 3124/3864/1 3261/3857/1 1554/786/1
f 3124/3864/1 1070/3863/1 3122/3858/1 3261/3857/1
f 3119/3850/1 3262/3853/1 3121/3856/1 1069/3851/1
f 753/1747/1 2097/784/1 3262/3853/1 3119/3850/1
f 2097/784/1 167/783/1 1719/3854/1 3262/3853/1
f 2094/1778/1 3263/3849/1 3120/3852/1 750/1779/1
f 269/779/1 1553/1748/1 3263/3849/1 2094/1778/1
f 1553/1748/1 753/1747/1 3119/3850/1 3263/3849/1
f 1550/774/1 3264/3845/1 1320/3848/1 168/775/1
f 750/1779/1 3120/3852/1 3264/3845/1 1550/774/1
f 3120/3852/1 1069/3851/1 3118/3846/1 3264/3845/1
f 3115/3838/263 3265/3841/263 3117/3844/263 1068/3839/263
f 749/1783/472 2093/772/472 3265/3841/472 3115/3838/472
f 2093/772/695 159/771/695 1711/3842/695 3265/3841/695
f 2090/1814/267 3266/3837/267 3116/3840/267 746/1815/267
f 268/767/129 1549/1784/129 3266/3837/129 2090/1814/129
f 1549/1784/707 749/1783/707 3115/3838/707 3266/3837/707
f 1546/762/138 3267/3833/138 1321/3836/138 169/763/138
f 746/1815/708 3116/3840/708 3267/3833/708 1546/762/708
f 3116/3840/709 1068/3839/709 3114/3834/709 3267/3833/709
f 3111/3826/593 3268/3829/593 3113/3832/593 1067/3827/593
f 745/1819/710 2089/760/710 3268/3829/710 3111/3826/710
f 2089/760/710 170/759/710 1722/3830/710 3268/3829/710
f 2086/1850/711 3269/3825/711 3112/3828/711 742/1851/711
f 267/755/712 1545/1820/712 3269/3825/712 2086/1850/712
f 1545/1820/713 745/1819/713 3111/3826/713 3269/3825/713
f 1542/750/1 3270/3821/1 1241/3824/1 89/751/1
f 742/1851/1 3112/3828/1 3270/3821/1 1542/750/1
f 3112/3828/48 1067/3827/48 3110/3822/48 3270/3821/48
f 3107/3814/591 3271/3817/591 3109/3820/591 1066/3815/591
f 741/1855/714 2085/748/714 3271/3817/714 3107/3814/714
f 2085/748/714 171/747/714 1723/3818/714 3271/3817/714
f 2082/1886/715 3272/3813/715 3108/3816/715 738/1887/715
f 266/743/251 1541/1856/251 3272/3813/251 2082/1886/251
f 1541/1856/716 741/1855/716 3107/3814/716 3272/3813/716
f 1538/738/717 3273/3809/717 1324/3812/717 172/739/717
f 738/1887/509 3108/3816/509 3273/3809/509 1538/738/509
f 3108/3816/718 1066/3815/718 3106/3810/718 3273/3809/718
f 3103/3802/719 3274/3805/719 3105/3808/719 1065/3803/719
f 737/1891/720 2081/736/720 3274/3805/720 3103/3802/720
f 2081/736/721 158/735/721 1710/3806/721 3274/3805/721
f 2078/1922/722 3275/3801/722 3104/3804/722 734/1923/722
f 265/731/723 1537/1892/723 3275/3801/723 2078/1922/723
f 1537/1892/724 737/1891/724 3103/3802/724 3275/3801/724
f 1534/726/725 3276/3797/725 1325/3800/725 173/727/725
f 734/1923/726 3104/3804/726 3276/3797/726 1534/726/726
f 3104/3804/727 1065/3803/727 3102/3798/727 3276/3797/727
f 3099/3790/728 3277/3793/728 3101/3796/728 1064/3791/728
f 733/1927/729 2077/724/729 3277/3793/729 3099/3790/729
f 2077/724/730 174/723/730 1726/3794/730 3277/3793/730
f 2074/1958/731 3278/3789/731 3100/3792/731 730/1959/731
f 264/719/732 1533/1928/732 3278/3789/732 2074/1958/732
f 1533/1928/728 733/1927/728 3099/3790/728 3278/3789/728
f 1530/714/733 3279/3785/733 1269/3788/733 117/715/733
f 730/1959/734 3100/3792/734 3279/3785/734 1530/714/734
f 3100/3792/731 1064/3791/731 3098/3786/731 3279/3785/731
f 3095/3778/735 3280/3781/735 3097/3784/735 1063/3779/735
f 729/1963/736 2073/712/736 3280/3781/736 3095/3778/736
f 2073/712/737 175/711/737 1727/3782/737 3280/3781/737
f 2070/1994/738 3281/3777/738 3096/3780/738 726/1995/738
f 263/707/739 1529/1964/739 3281/3777/739 2070/1994/739
f 1529/1964/740 729/1963/740 3095/3778/740 3281/3777/740
f 1526/702/741 3282/3773/741 1328/3776/741 176/703/741
f 726/1995/742 3096/3780/742 3282/3773/742 1526/702/742
f 3096/3780/743 1063/3779/743 3094/3774/743 3282/3773/743
f 3091/3766/744 3283/3769/744 3093/3772/744 1062/3767/744
f 725/1999/745 2069/700/745 3283/3769/745 3091/3766/745
f 2069/700/746 142/699/746 1694/3770/746 3283/3769/746
f 2066/2030/747 3284/3765/747 3092/3768/747 722/2031/747
f 262/695/748 1525/2000/748 3284/3765/748 2066/2030/748
f 1525/2000/749 725/1999/749 3091/3766/749 3284/3765/749
f 1522/690/750 3285/3761/750 1329/3764/750 177/691/750
f 722/2031/751 3092/3768/751 3285/3761/751 1522/690/751
f 3092/3768/752 1062/3767/752 3090/3762/752 3285/3761/752
f 3087/3754/1 3286/3757/1 3089/3760/1 1061/3755/1
f 721/2035/1 2065/688/1 3286/3757/1 3087/3754/1
f 2065/688/1 178/687/1 1730/3758/1 3286/3757/1
f 2062/2066/1 3287/3753/1 3088/3756/1 718/2067/1
f 261/683/1 1521/2036/1 3287/3753/1 2062/2066/1
f 1521/2036/1 721/2035/1 3087/3754/1 3287/3753/1
f 1518/678/1 3288/3749/1 1268/3752/1 116/679/1
f 718/2067/1 3088/3756/1 3288/3749/1 1518/678/1
f 3088/3756/1 1061/3755/1 3086/3750/1 3288/3749/1
f 3083/3742/1 3289/3745/1 3085/3748/1 1060/3743/1
f 717/2071/1 2061/676/1 3289/3745/1 3083/3742/1
f 2061/676/1 179/675/1 1731/3746/1 3289/3745/1
f 2058/2102/1 3290/3741/1 3084/3744/1 714/2103/1
f 260/671/1 1517/2072/1 3290/3741/1 2058/2102/1
f 1517/2072/1 717/2071/1 3083/3742/1 3290/3741/1
f 1514/666/1 3291/3737/1 1332/3740/1 180/667/1
f 714/2103/1 3084/3744/1 3291/3737/1 1514/666/1
f 3084/3744/1 1060/3743/1 3082/3738/1 3291/3737/1
f 3079/3730/753 3292/3733/753 3081/3736/753 1059/3731/753
f 713/2107/754 2057/664/754 3292/3733/754 3079/3730/754
f 2057/664/755 155/663/755 1707/3734/755 3292/3733/755
f 2054/2138/756 3293/3729/756 3080/3732/756 710/2139/756
f 259/659/757 1513/2108/757 3293/3729/757 2054/2138/757
f 1513/2108/758 713/2107/758 3079/3730/758 3293/3729/758
f 1510/654/759 3294/3725/759 1333/3728/759 181/655/759
f 710/2139/760 3080/3732/760 3294/3725/760 1510/654/760
f 3080/3732/761 1059/3731/761 3078/3726/761 3294/3725/761
f 3075/3718/1 3295/3721/1 3077/3724/1 1058/3719/1
f 709/2143/1 2053/652/1 3295/3721/1 3075/3718/1
f 2053/652/1 182/651/1 1734/3722/1 3295/3721/1
f 2050/2174/1 3296/3717/1 3076/3720/1 706/2175/1
f 258/647/1 1509/2144/1 3296/3717/1 2050/2174/1
f 1509/2144/1 709/2143/1 3075/3718/1 3296/3717/1
f 1506/642/1 3297/3713/1 1237/3716/1 85/643/1
f 706/2175/1 3076/3720/1 3297/3713/1 1506/642/1
f 3076/3720/1 1058/3719/1 3074/3714/1 3297/3713/1
f 3071/3706/1 3298/3709/1 3073/3712/1 1057/3707/1
f 705/2179/1 2049/640/1 3298/3709/1 3071/3706/1
f 2049/640/1 183/639/1 1735/3710/1 3298/3709/1
f 2046/2210/1 3299/3705/1 3072/3708/1 702/2211/1
f 257/635/1 1505/2180/1 3299/3705/1 2046/2210/1
f 1505/2180/1 705/2179/1 3071/3706/1 3299/3705/1
f 1502/630/1 3300/3701/1 1336/3704/1 184/631/1
f 702/2211/1 3072/3708/1 3300/3701/1 1502/630/1
f 3072/3708/1 1057/3707/1 3070/3702/1 3300/3701/1
f 3067/3694/1 3301/3697/1 3069/3700/1 1056/3695/1
f 701/2215/1 2045/628/1 3301/3697/1 3067/3694/1
f 2045/628/762 154/627/762 1706/3698/762 3301/3697/762
f 2042/2246/1 3302/3693/1 3068/3696/1 698/2247/1
f 256/623/1 1501/2216/1 3302/3693/1 2042/2246/1
f 1501/2216/1 701/2215/1 3067/3694/1 3302/3693/1
f 1498/618/1 3303/3689/1 1337/3692/1 185/619/1
f 698/2247/1 3068/3696/1 3303/3689/1 1498/618/1
f 3068/3696/1 1056/3695/1 3066/3690/1 3303/3689/1
f 3063/3682/763 3304/3685/763 3065/3688/763 1055/3683/763
f 697/2251/764 2041/616/764 3304/3685/764 3063/3682/764
f 2041/616/765 186/615/765 1738/3686/765 3304/3685/765
f 2038/2282/766 3305/3681/766 3064/3684/766 694/2283/766
f 255/611/767 1497/2252/767 3305/3681/767 2038/2282/767
f 1497/2252/768 697/2251/768 3063/3682/768 3305/3681/768
f 1494/606/769 3306/3677/769 1265/3680/769 113/607/769
f 694/2283/770 3064/3684/770 3306/3677/770 1494/606/770
f 3064/3684/771 1055/3683/771 3062/3678/771 3306/3677/771
f 3059/3670/772 3307/3673/772 3061/3676/772 1054/3671/772
f 693/2287/773 2037/604/773 3307/3673/773 3059/3670/773
f 2037/604/774 187/603/774 1739/3674/774 3307/3673/774
f 2034/2318/775 3308/3669/775 3060/3672/775 690/2319/775
f 254/599/776 1493/2288/776 3308/3669/776 2034/2318/776
f 1493/2288/777 693/2287/777 3059/3670/777 3308/3669/777
f 1490/594/778 3309/3665/778 1340/3668/778 188/595/778
f 690/2319/779 3060/3672/779 3309/3665/779 1490/594/779
f 3060/3672/780 1054/3671/780 3058/3666/780 3309/3665/780
f 3055/3658/781 3310/3661/781 3057/3664/781 1053/3659/781
f 689/2323/782 2033/592/782 3310/3661/782 3055/3658/782
f 2033/592/783 143/591/783 1695/3662/783 3310/3661/783
f 2030/2354/784 3311/3657/784 3056/3660/784 686/2355/784
f 253/587/785 1489/2324/785 3311/3657/785 2030/2354/785
f 1489/2324/786 689/2323/786 3055/3658/786 3311/3657/786
f 1486/582/787 3312/3653/787 1341/3656/787 189/583/787
f 686/2355/788 3056/3660/788 3312/3653/788 1486/582/788
f 3056/3660/789 1053/3659/789 3054/3654/789 3312/3653/789
f 3051/3646/790 3313/3649/790 3053/3652/790 1052/3647/790
f 685/2359/791 2029/580/791 3313/3649/791 3051/3646/791
f 2029/580/792 190/579/792 1742/3650/792 3313/3649/792
f 2026/2390/793 3314/3645/793 3052/3648/793 682/2391/793
f 252/575/794 1485/2360/794 3314/3645/794 2026/2390/794
f 1485/2360/795 685/2359/795 3051/3646/795 3314/3645/795
f 1482/570/796 3315/3641/796 1264/3644/796 112/571/796
f 682/2391/797 3052/3648/797 3315/3641/797 1482/570/797
f 3052/3648/798 1052/3647/798 3050/3642/798 3315/3641/798
f 3047/3634/1 3316/3637/1 3049/3640/1 1051/3635/1
f 681/2395/1 2025/568/1 3316/3637/1 3047/3634/1
f 2025/568/1 191/567/1 1743/3638/1 3316/3637/1
f 2022/2426/1 3317/3633/1 3048/3636/1 678/2427/1
f 251/563/1 1481/2396/1 3317/3633/1 2022/2426/1
f 1481/2396/1 681/2395/1 3047/3634/1 3317/3633/1
f 1478/558/1 3318/3629/1 1344/3632/1 192/559/1
f 678/2427/1 3048/3636/1 3318/3629/1 1478/558/1
f 3048/3636/1 1051/3635/1 3046/3630/1 3318/3629/1
f 3043/3622/799 3319/3625/799 3045/3628/799 1050/3623/799
f 677/2431/361 2021/556/361 3319/3625/361 3043/3622/361
f 2021/556/800 151/555/800 1703/3626/800 3319/3625/800
f 2018/2462/801 3320/3621/801 3044/3624/801 674/2463/801
f 250/551/802 1477/2432/802 3320/3621/802 2018/2462/802
f 1477/2432/803 677/2431/803 3043/3622/803 3320/3621/803
f 1474/546/804 3321/3617/804 1345/3620/804 193/547/804
f 674/2463/805 3044/3624/805 3321/3617/805 1474/546/805
f 3044/3624/806 1050/3623/806 3042/3618/806 3321/3617/806
f 3039/3610/807 3322/3613/807 3041/3616/807 1049/3611/807
f 673/2467/808 2017/544/808 3322/3613/808 3039/3610/808
f 2017/544/809 194/543/809 1746/3614/809 3322/3613/809
f 2014/2498/810 3323/3609/810 3040/3612/810 670/2499/810
f 249/539/811 1473/2468/811 3323/3609/811 2014/2498/811
f 1473/2468/812 673/2467/812 3039/3610/812 3323/3609/812
f 1470/534/48 3324/3605/48 1244/3608/48 92/535/48
f 670/2499/813 3040/3612/813 3324/3605/813 1470/534/813
f 3040/3612/814 1049/3611/814 3038/3606/814 3324/3605/814
f 3035/3598/815 3325/3601/815 3037/3604/815 1048/3599/815
f 669/2503/815 2013/532/815 3325/3601/815 3035/3598/815
f 2013/532/26 195/531/26 1747/3602/26 3325/3601/26
f 2010/2534/816 3326/3597/816 3036/3600/816 666/2535/816
f 248/527/816 1469/2504/816 3326/3597/816 2010/2534/816
f 1469/2504/380 669/2503/380 3035/3598/380 3326/3597/380
f 1466/522/816 3327/3593/816 1348/3596/816 196/523/816
f 666/2535/816 3036/3600/816 3327/3593/816 1466/522/816
f 3036/3600/380 1048/3599/380 3034/3594/380 3327/3593/380
f 3031/3586/817 3328/3589/817 3033/3592/817 1047/3587/817
f 665/2539/817 2009/520/817 3328/3589/817 3031/3586/817
f 2009/520/27 150/519/27 1702/3590/27 3328/3589/27
f 2006/2570/818 3329/3585/818 3032/3588/818 662/2571/818
f 247/515/818 1465/2540/818 3329/3585/818 2006/2570/818
f 1465/2540/381 665/2539/381 3031/3586/381 3329/3585/381
f 1462/510/818 3330/3581/818 1349/3584/818 197/511/818
f 662/2571/818 3032/3588/818 3330/3581/818 1462/510/818
f 3032/3588/381 1047/3587/381 3030/3582/381 3330/3581/381
f 3027/3574/819 3331/3577/819 3029/3580/819 1046/3575/819
f 661/2575/820 2005/508/820 3331/3577/820 3027/3574/820
f 2005/508/821 198/507/821 1750/3578/821 3331/3577/821
f 2002/2606/822 3332/3573/822 3028/3576/822 658/2607/822
f 246/503/823 1461/2576/823 3332/3573/823 2002/2606/823
f 1461/2576/824 661/2575/824 3027/3574/824 3332/3573/824
f 1458/498/825 3333/3569/825 1261/3572/825 109/499/825
f 658/2607/826 3028/3576/826 3333/3569/826 1458/498/826
f 3028/3576/827 1046/3575/827 3026/3570/827 3333/3569/827
f 3023/3562/828 3334/3565/828 3025/3568/828 1045/3563/828
f 657/2611/829 2001/496/829 3334/3565/829 3023/3562/829
f 2001/496/830 199/495/830 1751/3566/830 3334/3565/830
f 1998/2642/831 3335/3561/831 3024/3564/831 654/2643/831
f 245/491/832 1457/2612/832 3335/3561/832 1998/2642/832
f 1457/2612/833 657/2611/833 3023/3562/833 3335/3561/833
f 1454/486/834 3336/3557/834 1352/3560/834 200/487/834
f 654/2643/835 3024/3564/835 3336/3557/835 1454/486/835
f 3024/3564/836 1045/3563/836 3022/3558/836 3336/3557/836
f 3019/3550/1 3337/3553/1 3021/3556/1 1044/3551/1
f 653/2647/1 1997/484/1 3337/3553/1 3019/3550/1
f 1997/484/1 140/483/1 1692/3554/1 3337/3553/1
f 1994/2678/1 3338/3549/1 3020/3552/1 650/2679/1
f 244/479/1 1453/2648/1 3338/3549/1 1994/2678/1
f 1453/2648/1 653/2647/1 3019/3550/1 3338/3549/1
f 1450/474/1 3339/3545/1 1353/3548/1 201/475/1
f 650/2679/1 3020/3552/1 3339/3545/1 1450/474/1
f 3020/3552/1 1044/3551/1 3018/3546/1 3339/3545/1
f 3015/3538/837 3340/3541/837 3017/3544/837 1043/3539/837
f 649/2683/838 1993/472/838 3340/3541/838 3015/3538/838
f 1993/472/839 202/471/839 1754/3542/839 3340/3541/839
f 1990/2714/840 3341/3537/840 3016/3540/840 646/2715/840
f 243/467/841 1449/2684/841 3341/3537/841 1990/2714/841
f 1449/2684/842 649/2683/842 3015/3538/842 3341/3537/842
f 1446/462/843 3342/3533/843 1260/3536/843 108/463/843
f 646/2715/844 3016/3540/844 3342/3533/844 1446/462/844
f 3016/3540/845 1043/3539/845 3014/3534/845 3342/3533/845
f 3011/3526/846 3343/3529/846 3013/3532/846 1042/3527/846
f 645/2719/847 1989/460/847 3343/3529/847 3011/3526/847
f 1989/460/848 203/459/848 1755/3530/848 3343/3529/848
f 1986/2750/849 3344/3525/849 3012/3528/849 642/2751/849
f 242/455/850 1445/2720/850 3344/3525/850 1986/2750/850
f 1445/2720/851 645/2719/851 3011/3526/851 3344/3525/851
f 1442/450/852 3345/3521/852 1356/3524/852 204/451/852
f 642/2751/853 3012/3528/853 3345/3521/853 1442/450/853
f 3012/3528/854 1042/3527/854 3010/3522/854 3345/3521/854
f 3007/3514/855 3346/3517/855 3009/3520/855 1041/3515/855
f 641/2755/856 1985/448/856 3346/3517/856 3007/3514/856
f 1985/448/857 147/447/857 1699/3518/857 3346/3517/857
f 1982/2786/858 3347/3513/858 3008/3516/858 638/2787/858
f 241/443/859 1441/2756/859 3347/3513/859 1982/2786/859
f 1441/2756/860 641/2755/860 3007/3514/860 3347/3513/860
f 1438/438/861 3348/3509/861 1357/3512/861 205/439/861
f 638/2787/862 3008/3516/862 3348/3509/862 1438/438/862
f 3008/3516/863 1041/3515/863 3006/3510/863 3348/3509/863
f 3003/3502/864 3349/3505/864 3005/3508/864 1040/3503/864
f 637/2791/865 1981/436/865 3349/3505/865 3003/3502/865
f 1981/436/866 206/435/866 1758/3506/866 3349/3505/866
f 1978/2822/867 3350/3501/867 3004/3504/867 634/2823/867
f 240/431/868 1437/2792/868 3350/3501/868 1978/2822/868
f 1437/2792/869 637/2791/869 3003/3502/869 3350/3501/869
f 1434/426/870 3351/3497/870 1245/3500/870 93/427/870
f 634/2823/871 3004/3504/871 3351/3497/871 1434/426/871
f 3004/3504/872 1040/3503/872 3002/3498/872 3351/3497/872
f 2999/3490/873 3352/3493/873 3001/3496/873 1039/3491/873
f 633/2827/874 1977/424/874 3352/3493/874 2999/3490/874
f 1977/424/875 207/423/875 1759/3494/875 3352/3493/875
f 1974/2858/876 3353/3489/876 3000/3492/876 630/2859/876
f 239/419/877 1433/2828/877 3353/3489/877 1974/2858/877
f 1433/2828/878 633/2827/878 2999/3490/878 3353/3489/878
f 1430/414/879 3354/3485/879 1360/3488/879 208/415/879
f 630/2859/880 3000/3492/880 3354/3485/880 1430/414/880
f 3000/3492/881 1039/3491/881 2998/3486/881 3354/3485/881
f 2995/3478/265 3355/3481/265 2997/3484/265 1038/3479/265
f 629/2863/69 1973/412/69 3355/3481/69 2995/3478/69
f 1973/412/882 146/411/882 1698/3482/882 3355/3481/882
f 1970/2894/1 3356/3477/1 2996/3480/1 626/2895/1
f 238/407/883 1429/2864/883 3356/3477/883 1970/2894/883
f 1429/2864/883 629/2863/883 2995/3478/883 3356/3477/883
f 1426/402/535 3357/3473/535 1361/3476/535 209/403/535
f 626/2895/884 2996/3480/884 3357/3473/884 1426/402/884
f 2996/3480/884 1038/3479/884 2994/3474/884 3357/3473/884
f 2991/3466/885 3358/3469/885 2993/3472/885 1037/3467/885
f 625/2899/886 1969/400/886 3358/3469/886 2991/3466/886
f 1969/400/887 210/399/887 1762/3470/887 3358/3469/887
f 1966/2930/888 3359/3465/888 2992/3468/888 622/2931/888
f 237/395/889 1425/2900/889 3359/3465/889 1966/2930/889
f 1425/2900/890 625/2899/890 2991/3466/890 3359/3465/890
f 1422/390/891 3360/3461/891 1257/3464/891 105/391/891
f 622/2931/892 2992/3468/892 3360/3461/892 1422/390/892
f 2992/3468/893 1037/3467/893 2990/3462/893 3360/3461/893
f 2987/3454/894 3361/3457/894 2989/3460/894 1036/3455/894
f 621/2935/895 1965/388/895 3361/3457/895 2987/3454/895
f 1965/388/896 211/387/896 1763/3458/896 3361/3457/896
f 1962/2966/897 3362/3453/897 2988/3456/897 618/2967/897
f 236/383/898 1421/2936/898 3362/3453/898 1962/2966/898
f 1421/2936/899 621/2935/899 2987/3454/899 3362/3453/899
f 1418/378/900 3363/3449/900 1364/3452/900 212/379/900
f 618/2967/901 2988/3456/901 3363/3449/901 1418/378/901
f 2988/3456/902 1036/3455/902 2986/3450/902 3363/3449/902
f 2983/3442/903 3364/3445/903 2985/3448/903 1035/3443/903
f 617/2971/904 1961/376/904 3364/3445/904 2983/3442/904
f 1961/376/1 128/375/1 1680/3446/1 3364/3445/1
f 1958/3002/905 3365/3441/905 2984/3444/905 614/3003/905
f 235/371/906 1417/2972/906 3365/3441/906 1958/3002/906
f 1417/2972/907 617/2971/907 2983/3442/907 3365/3441/907
f 1414/366/908 3366/3437/908 1365/3440/908 213/367/908
f 614/3003/909 2984/3444/909 3366/3437/909 1414/366/909
f 2984/3444/910 1035/3443/910 2982/3438/910 3366/3437/910
f 2979/3430/911 3367/3433/911 2981/3436/911 1034/3431/911
f 613/3007/912 1957/364/912 3367/3433/912 2979/3430/912
f 1957/364/913 214/363/913 1766/3434/913 3367/3433/913
f 1954/3038/914 3368/3429/914 2980/3432/914 610/3039/914
f 234/359/915 1413/3008/915 3368/3429/915 1954/3038/915
f 1413/3008/916 613/3007/916 2979/3430/916 3368/3429/916
f 1410/354/917 3369/3425/917 1256/3428/917 104/355/917
f 610/3039/918 2980/3432/918 3369/3425/918 1410/354/918
f 2980/3432/919 1034/3431/919 2978/3426/919 3369/3425/919
f 2975/3418/56 3370/3421/56 2977/3424/56 1033/3419/56
f 609/3043/920 1953/352/920 3370/3421/920 2975/3418/920
f 1953/352/921 215/351/921 1767/3422/921 3370/3421/921
f 1950/3074/54 3371/3417/54 2976/3420/54 606/3075/54
f 233/347/922 1409/3044/922 3371/3417/922 1950/3074/922
f 1409/3044/923 609/3043/923 2975/3418/923 3371/3417/923
f 1406/342/487 3372/3413/487 1368/3416/487 216/343/487
f 606/3075/923 2976/3420/923 3372/3413/923 1406/342/923
f 2976/3420/920 1033/3419/920 2974/3414/920 3372/3413/920
f 2971/3406/924 3373/3409/924 2973/3412/924 1032/3407/924
f 605/3079/925 1949/340/925 3373/3409/925 2971/3406/925
f 1949/340/926 131/339/926 1683/3410/926 3373/3409/926
f 1946/3110/927 3374/3405/927 2972/3408/927 602/3111/927
f 232/335/928 1405/3080/928 3374/3405/928 1946/3110/928
f 1405/3080/929 605/3079/929 2971/3406/929 3374/3405/929
f 1402/330/930 3375/3401/930 1369/3404/930 217/331/930
f 602/3111/931 2972/3408/931 3375/3401/931 1402/330/931
f 2972/3408/932 1032/3407/932 2970/3402/932 3375/3401/932
f 2967/3394/1 3376/3397/1 2969/3400/1 1031/3395/1
f 601/3115/1 1945/328/1 3376/3397/1 2967/3394/1
f 1945/328/1 218/327/1 1770/3398/1 3376/3397/1
f 1942/3146/1 3377/3393/1 2968/3396/1 598/3147/1
f 231/323/1 1401/3116/1 3377/3393/1 1942/3146/1
f 1401/3116/1 601/3115/1 2967/3394/1 3377/3393/1
f 1398/318/1 3378/3389/1 1249/3392/1 97/319/1
f 598/3147/1 2968/3396/1 3378/3389/1 1398/318/1
f 2968/3396/1 1031/3395/1 2966/3390/1 3378/3389/1
f 2963/3382/170 3379/3385/170 2965/3388/170 1030/3383/170
f 597/3151/298 1941/316/298 3379/3385/298 2963/3382/298
f 1941/316/503 219/315/503 1771/3386/503 3379/3385/503
f 1938/3182/169 3380/3381/169 2964/3384/169 594/3183/169
f 230/311/170 1397/3152/170 3380/3381/170 1938/3182/170
f 1397/3152/520 597/3151/520 2963/3382/520 3380/3381/520
f 1394/306/168 3381/3377/168 1372/3380/168 220/307/168
f 594/3183/167 2964/3384/167 3381/3377/167 1394/306/167
f 2964/3384/41 1030/3383/41 2962/3378/41 3381/3377/41
f 2959/3370/933 3382/3373/933 2961/3376/933 1029/3371/933
f 593/3187/934 1937/304/934 3382/3373/934 2959/3370/934
f 1937/304/308 130/303/308 1682/3374/308 3382/3373/308
f 1934/3218/935 3383/3369/935 2960/3372/935 590/3219/935
f 229/299/936 1393/3188/936 3383/3369/936 1934/3218/936
f 1393/3188/717 593/3187/717 2959/3370/717 3383/3369/717
f 1390/294/937 3384/3365/937 1373/3368/937 221/295/937
f 590/3219/299 2960/3372/299 3384/3365/299 1390/294/299
f 2960/3372/938 1029/3371/938 2958/3366/938 3384/3365/938
f 2955/3358/1 3385/3361/1 2957/3364/1 1028/3359/1
f 589/3223/1 1933/292/1 3385/3361/1 2955/3358/1
f 1933/292/1 222/291/1 1774/3362/1 3385/3361/1
f 1930/3254/1 3386/3357/1 2956/3360/1 586/3255/1
f 228/287/1 1389/3224/1 3386/3357/1 1930/3254/1
f 1389/3224/1 589/3223/1 2955/3358/1 3386/3357/1
f 1386/282/1 3387/3353/1 1253/3356/1 101/283/1
f 586/3255/1 2956/3360/1 3387/3353/1 1386/282/1
f 2956/3360/1 1028/3359/1 2954/3354/1 3387/3353/1
f 2951/3346/1 3388/3349/1 2953/3352/1 1027/3347/1
f 585/3259/1 1929/280/1 3388/3349/1 2951/3346/1
f 1929/280/1 223/279/1 1775/3350/1 3388/3349/1
f 1926/3290/271 3389/3345/271 2952/3348/271 582/3291/271
f 227/275/698 1385/3260/698 3389/3345/698 1926/3290/698
f 1385/3260/1 585/3259/1 2951/3346/1 3389/3345/1
f 1382/270/1 3390/3341/1 1376/3344/1 224/271/1
f 582/3291/596 2952/3348/596 3390/3341/596 1382/270/596
f 2952/3348/1 1027/3347/1 2950/3342/1 3390/3341/1
f 2947/3334/1 3391/3337/1 2949/3340/1 1026/3335/1
f 581/3295/1 1925/268/1 3391/3337/1 2947/3334/1
f 1925/268/1 124/267/1 1676/3338/1 3391/3337/1
f 1922/3326/1 3392/3333/1 2948/3336/1 578/3327/1
f 226/263/1 1381/3296/1 3392/3333/1 1922/3326/1
f 1381/3296/1 581/3295/1 2947/3334/1 3392/3333/1
f 1378/258/1 3393/3329/1 1377/3332/1 225/259/1
f 578/3327/1 2948/3336/1 3393/3329/1 1378/258/1
f 2948/3336/1 1026/3335/1 2946/3330/1 3393/3329/1
f 2943/3322/1 3394/3325/1 2945/3328/1 1025/3323/1
f 580/3307/1 1924/264/1 3394/3325/1 2943/3322/1
f 1924/264/1 226/263/1 1922/3326/1 3394/3325/1
f 1775/3350/1 3395/3321/1 2944/3324/1 431/3351/1
f 223/279/1 1380/3308/1 3395/3321/1 1775/3350/1
f 1380/3308/1 580/3307/1 2943/3322/1 3395/3321/1
f 1231/250/1 3396/3317/1 1233/3320/1 81/251/1
f 431/3351/1 2944/3324/1 3396/3317/1 1231/250/1
f 2944/3324/1 1025/3323/1 2942/3318/1 3396/3317/1
f 2939/3310/1 3397/3313/1 2941/3316/1 1024/3311/1
f 369/1591/1 1713/836/1 3397/3313/1 2939/3310/1
f 1713/836/1 161/835/1 1923/3314/1 3397/3313/1
f 1919/3266/1 3398/3309/1 2940/3312/1 575/3267/1
f 65/67/1 1169/1592/1 3398/3309/1 1919/3266/1
f 1169/1592/1 369/1591/1 2939/3310/1 3398/3309/1
f 1375/278/1 3399/3305/1 1380/3308/1 223/279/1
f 575/3267/1 2940/3312/1 3399/3305/1 1375/278/1
f 2940/3312/1 1024/3311/1 2938/3306/1 3399/3305/1
f 2935/3298/1 3400/3301/1 2937/3304/1 1023/3299/1
f 513/3907/1 1857/64/1 3400/3301/1 2935/3298/1
f 1857/64/1 12/63/1 1820/3302/1 3400/3301/1
f 1923/3314/1 3401/3297/1 2936/3300/1 579/3315/1
f 161/835/1 1313/3908/1 3401/3297/1 1923/3314/1
f 1313/3908/1 513/3907/1 2935/3298/1 3401/3297/1
f 1379/262/1 3402/3293/1 1381/3296/1 226/263/1
f 579/3315/1 2936/3300/1 3402/3293/1 1379/262/1
f 2936/3300/1 1023/3299/1 2934/3294/1 3402/3293/1
f 2931/3286/939 3403/3289/939 2933/3292/939 1022/3287/939
f 584/3271/699 1928/276/699 3403/3289/699 2931/3286/699
f 1928/276/700 227/275/700 1926/3290/700 3403/3289/700
f 1710/3806/940 3404/3285/940 2932/3288/940 366/3807/940
f 158/735/703 1384/3272/703 3404/3285/703 1710/3806/703
f 1384/3272/704 584/3271/704 2931/3286/704 3404/3285/704
f 1166/98/941 3405/3281/941 1232/3284/941 62/99/941
f 366/3807/942 2932/3288/942 3405/3281/942 1166/98/942
f 2932/3288/943 1022/3287/943 2930/3282/943 3405/3281/943
f 2927/3274/275 3406/3277/275 2929/3280/275 1021/3275/275
f 329/1627/704 1673/824/704 3406/3277/704 2927/3274/704
f 1673/824/699 121/823/699 1927/3278/699 3406/3277/699
f 1854/1898/274 3407/3273/274 2928/3276/274 510/1899/274
f 25/59/944 1129/1628/944 3407/3273/944 1854/1898/944
f 1129/1628/703 329/1627/703 2927/3274/703 3407/3273/703
f 1310/734/133 3408/3269/133 1384/3272/133 158/735/133
f 510/1899/945 2928/3276/945 3408/3269/945 1310/734/945
f 2928/3276/705 1021/3275/705 2926/3270/705 3408/3269/705
f 2923/3262/1 3409/3265/1 2925/3268/1 1020/3263/1
f 473/3895/1 1817/68/1 3409/3265/1 2923/3262/1
f 1817/68/1 65/67/1 1919/3266/1 3409/3265/1
f 1927/3278/595 3410/3261/595 2924/3264/595 583/3279/595
f 121/823/700 1273/3896/700 3410/3261/700 1927/3278/700
f 1273/3896/698 473/3895/698 2923/3262/698 3410/3261/698
f 1383/274/11 3411/3257/11 1385/3260/11 227/275/11
f 583/3279/702 2924/3264/702 3411/3257/702 1383/274/702
f 2924/3264/596 1020/3263/596 2922/3258/596 3411/3257/596
f 2919/3250/1 3412/3253/1 2921/3256/1 1019/3251/1
f 588/3235/1 1932/288/1 3412/3253/1 2919/3250/1
f 1932/288/1 228/287/1 1930/3254/1 3412/3253/1
f 1670/3938/1 3413/3249/1 2920/3252/1 326/3939/1
f 118/867/1 1388/3236/1 3413/3249/1 1670/3938/1
f 1388/3236/1 588/3235/1 2919/3250/1 3413/3249/1
f 1126/54/1 3414/3245/1 1109/3248/1 17/55/1
f 326/3939/1 2920/3252/1 3414/3245/1 1126/54/1
f 2920/3252/1 1019/3251/1 2918/3246/1 3414/3245/1
f 2915/3238/946 3415/3241/946 2917/3244/946 1018/3239/946
f 432/3283/947 1776/272/947 3415/3241/947 2915/3238/947
f 1776/272/1 224/271/1 1931/3242/1 3415/3241/1
f 1814/1502/948 3416/3237/948 2916/3240/948 470/1503/948
f 62/99/949 1232/3284/949 3416/3237/949 1814/1502/949
f 1232/3284/950 432/3283/950 2915/3238/950 3416/3237/950
f 1270/866/946 3417/3233/946 1388/3236/946 118/867/946
f 470/1503/951 2916/3240/951 3417/3233/951 1270/866/951
f 2916/3240/952 1018/3239/952 2914/3234/952 3417/3233/952
f 2911/3226/1 3418/3229/1 2913/3232/1 1017/3227/1
f 576/3343/1 1920/252/1 3418/3229/1 2911/3226/1
f 1920/252/1 81/251/1 1918/3230/1 3418/3229/1
f 1931/3242/1 3419/3225/1 2912/3228/1 587/3243/1
f 224/271/1 1376/3344/1 3419/3225/1 1931/3242/1
f 1376/3344/1 576/3343/1 2911/3226/1 3419/3225/1
f 1387/286/1 3420/3221/1 1389/3224/1 228/287/1
f 587/3243/1 2912/3228/1 3420/3221/1 1387/286/1
f 2912/3228/1 1017/3227/1 2910/3222/1 3420/3221/1
f 2907/3214/42 3421/3217/42 2909/3220/42 1016/3215/42
f 592/3199/307 1936/300/307 3421/3217/307 2907/3214/307
f 1936/300/504 229/299/504 1934/3218/504 3421/3217/504
f 1771/3386/298 3422/3213/298 2908/3216/298 427/3387/298
f 219/315/42 1392/3200/42 3422/3213/42 1771/3386/42
f 1392/3200/50 592/3199/50 2907/3214/50 3422/3213/50
f 1227/238/169 3423/3209/169 1229/3212/169 80/239/169
f 427/3387/170 2908/3216/170 3423/3209/170 1227/238/170
f 2908/3216/520 1016/3215/520 2906/3210/520 3423/3209/520
f 2903/3202/47 3424/3205/47 2905/3208/47 1015/3203/47
f 365/1483/304 1709/872/304 3424/3205/304 2903/3202/304
f 1709/872/251 157/871/251 1935/3206/251 3424/3205/251
f 1915/3158/308 3425/3201/308 2904/3204/308 571/3159/308
f 61/103/47 1165/1484/47 3425/3201/47 1915/3158/47
f 1165/1484/15 365/1483/15 2903/3202/15 3425/3201/15
f 1371/314/307 3426/3197/307 1392/3200/307 219/315/307
f 571/3159/519 2904/3204/519 3426/3197/519 1371/314/519
f 2904/3204/46 1015/3203/46 2902/3198/46 3426/3197/46
f 2899/3190/716 3427/3193/716 2901/3196/716 1014/3191/716
f 509/3943/302 1853/52/302 3427/3193/302 2899/3190/302
f 1853/52/953 18/51/953 1826/3194/953 3427/3193/953
f 1935/3206/304 3428/3189/304 2900/3192/304 591/3207/304
f 157/871/125 1309/3944/125 3428/3189/125 1935/3206/125
f 1309/3944/142 509/3943/142 2899/3190/142 3428/3189/142
f 1391/298/308 3429/3185/308 1393/3188/308 229/299/308
f 591/3207/47 2900/3192/47 3429/3185/47 1391/298/47
f 2900/3192/715 1014/3191/715 2898/3186/715 3429/3185/715
f 2895/3178/954 3430/3181/954 2897/3184/954 1013/3179/954
f 596/3163/955 1940/312/955 3430/3181/955 2895/3178/955
f 1940/312/956 230/311/956 1938/3182/956 3430/3181/956
f 1706/3698/957 3431/3177/957 2896/3180/957 362/3699/957
f 154/627/958 1396/3164/958 3431/3177/958 1706/3698/958
f 1396/3164/959 596/3163/959 2895/3178/959 3431/3177/959
f 1162/134/1 3432/3173/1 1228/3176/1 58/135/1
f 362/3699/1 2896/3180/1 3432/3173/1 1162/134/1
f 2896/3180/1 1013/3179/1 2894/3174/1 3432/3173/1
f 2891/3166/960 3433/3169/960 2893/3172/960 1012/3167/960
f 325/1951/961 1669/716/961 3433/3169/961 2891/3166/961
f 1669/716/962 117/715/962 1939/3170/962 3433/3169/962
f 1850/2222/963 3434/3165/963 2892/3168/963 506/2223/963
f 24/47/964 1125/1952/964 3434/3165/964 1850/2222/964
f 1125/1952/960 325/1951/960 2891/3166/960 3434/3165/960
f 1306/626/965 3435/3161/965 1396/3164/965 154/627/965
f 506/2223/966 2892/3168/966 3435/3161/966 1306/626/966
f 2892/3168/963 1012/3167/963 2890/3162/963 3435/3161/963
f 2887/3154/519 3436/3157/519 2889/3160/519 1011/3155/519
f 469/3787/308 1813/104/308 3436/3157/308 2887/3154/308
f 1813/104/511 61/103/511 1915/3158/511 3436/3157/511
f 1939/3170/967 3437/3153/967 2888/3156/967 595/3171/967
f 117/715/968 1269/3788/968 3437/3153/968 1939/3170/968
f 1269/3788/969 469/3787/969 2887/3154/969 3437/3153/969
f 1395/310/298 3438/3149/298 1397/3152/298 230/311/298
f 595/3171/970 2888/3156/970 3438/3149/970 1395/310/970
f 2888/3156/50 1011/3155/50 2886/3150/50 3438/3149/50
f 2883/3142/1 3439/3145/1 2885/3148/1 1010/3143/1
f 600/3127/1 1944/324/1 3439/3145/1 2883/3142/1
f 1944/324/1 231/323/1 1942/3146/1 3439/3145/1
f 1666/3974/1 3440/3141/1 2884/3144/1 322/3975/1
f 114/903/1 1400/3128/1 3440/3141/1 1666/3974/1
f 1400/3128/1 600/3127/1 2883/3142/1 3440/3141/1
f 1122/42/1 3441/3137/1 1105/3140/1 13/43/1
f 322/3975/1 2884/3144/1 3441/3137/1 1122/42/1
f 2884/3144/1 1010/3143/1 2882/3138/1 3441/3137/1
f 2879/3130/1 3442/3133/1 2881/3136/1 1009/3131/1
f 428/3175/1 1772/308/1 3442/3133/1 2879/3130/1
f 1772/308/1 220/307/1 1943/3134/1 3442/3133/1
f 1810/1394/1 3443/3129/1 2880/3132/1 466/1395/1
f 58/135/1 1228/3176/1 3443/3129/1 1810/1394/1
f 1228/3176/1 428/3175/1 2879/3130/1 3443/3129/1
f 1266/902/1 3444/3125/1 1400/3128/1 114/903/1
f 466/1395/1 2880/3132/1 3444/3125/1 1266/902/1
f 2880/3132/1 1009/3131/1 2878/3126/1 3444/3125/1
f 2875/3118/1 3445/3121/1 2877/3124/1 1008/3119/1
f 572/3379/168 1916/240/168 3445/3121/168 2875/3118/168
f 1916/240/171 80/239/171 1914/3122/171 3445/3121/171
f 1943/3134/1 3446/3117/1 2876/3120/1 599/3135/1
f 220/307/1 1372/3380/1 3446/3117/1 1943/3134/1
f 1372/3380/48 572/3379/48 2875/3118/48 3446/3117/48
f 1399/322/1 3447/3113/1 1401/3116/1 231/323/1
f 599/3135/1 2876/3120/1 3447/3113/1 1399/322/1
f 2876/3120/1 1008/3119/1 2874/3114/1 3447/3113/1
f 2871/3106/971 3448/3109/971 2873/3112/971 1007/3107/971
f 604/3091/972 1948/336/972 3448/3109/972 2871/3106/972
f 1948/336/973 232/335/973 1946/3110/973 3448/3109/973
f 1767/3422/39 3449/3105/39 2872/3108/39 423/3423/39
f 215/351/974 1404/3092/974 3449/3105/974 1767/3422/974
f 1404/3092/975 604/3091/975 2871/3106/975 3449/3105/975
f 1223/226/976 3450/3101/976 1225/3104/976 79/227/976
f 423/3423/977 2872/3108/977 3450/3101/977 1223/226/977
f 2872/3108/978 1007/3107/978 2870/3102/978 3450/3101/978
f 2867/3094/979 3451/3097/979 2869/3100/979 1006/3095/979
f 361/1375/980 1705/908/980 3451/3097/980 2867/3094/980
f 1705/908/981 153/907/981 1947/3098/981 3451/3097/981
f 1911/3050/982 3452/3093/982 2868/3096/982 567/3051/982
f 57/139/983 1161/1376/983 3452/3093/983 1911/3050/983
f 1161/1376/984 361/1375/984 2867/3094/984 3452/3093/984
f 1367/350/483 3453/3089/483 1404/3092/483 215/351/483
f 567/3051/985 2868/3096/985 3453/3089/985 1367/350/985
f 2868/3096/986 1006/3095/986 2866/3090/986 3453/3089/986
f 2863/3082/987 3454/3085/987 2865/3088/987 1005/3083/987
f 505/3979/988 1849/40/988 3454/3085/988 2863/3082/988
f 1849/40/989 19/39/989 1827/3086/989 3454/3085/989
f 1947/3098/990 3455/3081/990 2864/3084/990 603/3099/990
f 153/907/991 1305/3980/991 3455/3081/991 1947/3098/991
f 1305/3980/992 505/3979/992 2863/3082/992 3455/3081/992
f 1403/334/993 3456/3077/993 1405/3080/993 232/335/993
f 603/3099/994 2864/3084/994 3456/3077/994 1403/334/994
f 2864/3084/995 1005/3083/995 2862/3078/995 3456/3077/995
f 2859/3070/55 3457/3073/55 2861/3076/55 1004/3071/55
f 608/3055/996 1952/348/996 3457/3073/996 2859/3070/996
f 1952/348/997 233/347/997 1950/3074/997 3457/3073/997
f 1702/3590/998 3458/3069/998 2860/3072/998 358/3591/998
f 150/519/998 1408/3056/998 3458/3069/998 1702/3590/998
f 1408/3056/1 608/3055/1 2859/3070/1 3458/3069/1
f 1158/170/999 3459/3065/999 1224/3068/999 54/171/999
f 358/3591/998 2860/3072/998 3459/3065/998 1158/170/998
f 2860/3072/996 1004/3071/996 2858/3066/996 3459/3065/996
f 2855/3058/1 3460/3061/1 2857/3064/1 1003/3059/1
f 321/2275/1 1665/608/1 3460/3061/1 2855/3058/1
f 1665/608/1 113/607/1 1951/3062/1 3460/3061/1
f 1846/2546/998 3461/3057/998 2856/3060/998 502/2547/998
f 23/35/356 1121/2276/356 3461/3057/356 1846/2546/356
f 1121/2276/1000 321/2275/1000 2855/3058/1000 3461/3057/1000
f 1302/518/998 3462/3053/998 1408/3056/998 150/519/998
f 502/2547/998 2856/3060/998 3462/3053/998 1302/518/998
f 2856/3060/1 1003/3059/1 2854/3054/1 3462/3053/1
f 2851/3046/1001 3463/3049/1001 2853/3052/1001 1002/3047/1001
f 465/3679/1002 1809/140/1002 3463/3049/1002 2851/3046/1002
f 1809/140/1003 57/139/1003 1911/3050/1003 3463/3049/1003
f 1951/3062/1004 3464/3045/1004 2852/3048/1004 607/3063/1004
f 113/607/1005 1265/3680/1005 3464/3045/1005 1951/3062/1005
f 1265/3680/1006 465/3679/1006 2851/3046/1006 3464/3045/1006
f 1407/346/486 3465/3041/486 1409/3044/486 233/347/486
f 607/3063/997 2852/3048/997 3465/3041/997 1407/346/997
f 2852/3048/922 1002/3047/922 2850/3042/922 3465/3041/922
f 2847/3034/1007 3466/3037/1007 2849/3040/1007 1001/3035/1007
f 612/3019/1008 1956/360/1008 3466/3037/1008 2847/3034/1008
f 1956/360/1009 234/359/1009 1954/3038/1009 3466/3037/1009
f 1662/4010/1010 3467/3033/1010 2848/3036/1010 318/4011/1010
f 110/939/1011 1412/3020/1011 3467/3033/1011 1662/4010/1011
f 1412/3020/1012 612/3019/1012 2847/3034/1012 3467/3033/1012
f 1118/30/1013 3468/3029/1013 1112/3032/1013 20/31/1013
f 318/4011/1014 2848/3036/1014 3468/3029/1014 1118/30/1014
f 2848/3036/1015 1001/3035/1015 2846/3030/1015 3468/3029/1015
f 2843/3022/54 3469/3025/54 2845/3028/54 1000/3023/54
f 424/3067/922 1768/344/922 3469/3025/922 2843/3022/922
f 1768/344/923 216/343/923 1955/3026/923 3469/3025/923
f 1806/1286/1016 3470/3021/1016 2844/3024/1016 462/1287/1016
f 54/171/1017 1224/3068/1017 3470/3021/1017 1806/1286/1017
f 1224/3068/997 424/3067/997 2843/3022/997 3470/3021/997
f 1262/938/1018 3471/3017/1018 1412/3020/1018 110/939/1018
f 462/1287/1019 2844/3024/1019 3471/3017/1019 1262/938/1019
f 2844/3024/1020 1000/3023/1020 2842/3018/1020 3471/3017/1020
f 2839/3010/1021 3472/3013/1021 2841/3016/1021 999/3011/1021
f 568/3415/974 1912/228/974 3472/3013/974 2839/3010/974
f 1912/228/977 79/227/977 1910/3014/977 3472/3013/977
f 1955/3026/56 3473/3009/56 2840/3012/56 611/3027/56
f 216/343/920 1368/3416/920 3473/3009/920 1955/3026/920
f 1368/3416/921 568/3415/921 2839/3010/921 3473/3009/921
f 1411/358/1022 3474/3005/1022 1413/3008/1022 234/359/1022
f 611/3027/1023 2840/3012/1023 3474/3005/1023 1411/358/1023
f 2840/3012/1024 999/3011/1024 2838/3006/1024 3474/3005/1024
f 2835/2998/1025 3475/3001/1025 2837/3004/1025 998/2999/1025
f 616/2983/1026 1960/372/1026 3475/3001/1026 2835/2998/1026
f 1960/372/1027 235/371/1027 1958/3002/1027 3475/3001/1027
f 1763/3458/1028 3476/2997/1028 2836/3000/1028 419/3459/1028
f 211/387/1029 1416/2984/1029 3476/2997/1029 1763/3458/1029
f 1416/2984/1030 616/2983/1030 2835/2998/1030 3476/2997/1030
f 1219/214/1031 3477/2993/1031 1221/2996/1031 78/215/1031
f 419/3459/1032 2836/3000/1032 3477/2993/1032 1219/214/1032
f 2836/3000/1033 998/2999/1033 2834/2994/1033 3477/2993/1033
f 2831/2986/1034 3478/2989/1034 2833/2992/1034 997/2987/1034
f 357/1267/1035 1701/944/1035 3478/2989/1035 2831/2986/1035
f 1701/944/1036 149/943/1036 1959/2990/1036 3478/2989/1036
f 1907/2942/1037 3479/2985/1037 2832/2988/1037 563/2943/1037
f 53/175/1038 1157/1268/1038 3479/2985/1038 1907/2942/1038
f 1157/1268/1039 357/1267/1039 2831/2986/1039 3479/2985/1039
f 1363/386/1040 3480/2981/1040 1416/2984/1040 211/387/1040
f 563/2943/1041 2832/2988/1041 3480/2981/1041 1363/386/1041
f 2832/2988/1042 997/2987/1042 2830/2982/1042 3480/2981/1042
f 2827/2974/1043 3481/2977/1043 2829/2980/1043 996/2975/1043
f 501/4015/1044 1845/28/1044 3481/2977/1044 2827/2974/1044
f 1845/28/1 16/27/1 1824/2978/1 3481/2977/1
f 1959/2990/1045 3482/2973/1045 2828/2976/1045 615/2991/1045
f 149/943/1046 1301/4016/1046 3482/2973/1046 1959/2990/1046
f 1301/4016/1047 501/4015/1047 2827/2974/1047 3482/2973/1047
f 1415/370/1048 3483/2969/1048 1417/2972/1048 235/371/1048
f 615/2991/1049 2828/2976/1049 3483/2969/1049 1415/370/1049
f 2828/2976/1050 996/2975/1050 2826/2970/1050 3483/2969/1050
f 2823/2962/1051 3484/2965/1051 2825/2968/1051 995/2963/1051
f 620/2947/1052 1964/384/1052 3484/2965/1052 2823/2962/1052
f 1964/384/1053 236/383/1053 1962/2966/1053 3484/2965/1053
f 1698/3482/707 3485/2961/707 2824/2964/707 354/3483/707
f 146/411/1054 1420/2948/1054 3485/2961/1054 1698/3482/1054
f 1420/2948/1055 620/2947/1055 2823/2962/1055 3485/2961/1055
f 1154/206/1056 3486/2957/1056 1220/2960/1056 50/207/1056
f 354/3483/1057 2824/2964/1057 3486/2957/1057 1154/206/1057
f 2824/2964/1058 995/2963/1058 2822/2958/1058 3486/2957/1058
f 2819/2950/1059 3487/2953/1059 2821/2956/1059 994/2951/1059
f 317/2599/1060 1661/500/1060 3487/2953/1060 2819/2950/1060
f 1661/500/1061 109/499/1061 1963/2954/1061 3487/2953/1061
f 1842/2870/1062 3488/2949/1062 2820/2952/1062 498/2871/1062
f 22/23/611 1117/2600/611 3488/2949/611 1842/2870/611
f 1117/2600/1063 317/2599/1063 2819/2950/1063 3488/2949/1063
f 1298/410/1064 3489/2945/1064 1420/2948/1064 146/411/1064
f 498/2871/1065 2820/2952/1065 3489/2945/1065 1298/410/1065
f 2820/2952/1066 994/2951/1066 2818/2946/1066 3489/2945/1066
f 2815/2938/1067 3490/2941/1067 2817/2944/1067 993/2939/1067
f 461/3571/1068 1805/176/1068 3490/2941/1068 2815/2938/1068
f 1805/176/1069 53/175/1069 1907/2942/1069 3490/2941/1069
f 1963/2954/1070 3491/2937/1070 2816/2940/1070 619/2955/1070
f 109/499/1071 1261/3572/1071 3491/2937/1071 1963/2954/1071
f 1261/3572/1072 461/3571/1072 2815/2938/1072 3491/2937/1072
f 1419/382/1073 3492/2933/1073 1421/2936/1073 236/383/1073
f 619/2955/1074 2816/2940/1074 3492/2933/1074 1419/382/1074
f 2816/2940/1075 993/2939/1075 2814/2934/1075 3492/2933/1075
f 2811/2926/1076 3493/2929/1076 2813/2932/1076 992/2927/1076
f 624/2911/1077 1968/396/1077 3493/2929/1077 2811/2926/1077
f 1968/396/1078 237/395/1078 1966/2930/1078 3493/2929/1078
f 1658/4046/1079 3494/2925/1079 2812/2928/1079 314/4047/1079
f 106/975/1080 1424/2912/1080 3494/2925/1080 1658/4046/1080
f 1424/2912/1081 624/2911/1081 2811/2926/1081 3494/2925/1081
f 1114/18/1082 3495/2921/1082 1113/2924/1082 21/19/1082
f 314/4047/1083 2812/2928/1083 3495/2921/1083 1114/18/1083
f 2812/2928/1084 992/2927/1084 2810/2922/1084 3495/2921/1084
f 2807/2914/1085 3496/2917/1085 2809/2920/1085 991/2915/1085
f 420/2959/1086 1764/380/1086 3496/2917/1086 2807/2914/1086
f 1764/380/1087 212/379/1087 1967/2918/1087 3496/2917/1087
f 1802/1178/1088 3497/2913/1088 2808/2916/1088 458/1179/1088
f 50/207/1089 1220/2960/1089 3497/2913/1089 1802/1178/1089
f 1220/2960/1090 420/2959/1090 2807/2914/1090 3497/2913/1090
f 1258/974/1091 3498/2909/1091 1424/2912/1091 106/975/1091
f 458/1179/1092 2808/2916/1092 3498/2909/1092 1258/974/1092
f 2808/2916/1093 991/2915/1093 2806/2910/1093 3498/2909/1093
f 2803/2902/1094 3499/2905/1094 2805/2908/1094 990/2903/1094
f 564/3451/1095 1908/216/1095 3499/2905/1095 2803/2902/1095
f 1908/216/1096 78/215/1096 1906/2906/1096 3499/2905/1096
f 1967/2918/1097 3500/2901/1097 2804/2904/1097 623/2919/1097
f 212/379/1098 1364/3452/1098 3500/2901/1098 1967/2918/1098
f 1364/3452/1099 564/3451/1099 2803/2902/1099 3500/2901/1099
f 1423/394/1100 3501/2897/1100 1425/2900/1100 237/395/1100
f 623/2919/1101 2804/2904/1101 3501/2897/1101 1423/394/1101
f 2804/2904/1102 990/2903/1102 2802/2898/1102 3501/2897/1102
f 2799/2890/1103 3502/2893/1103 2801/2896/1103 989/2891/1103
f 628/2875/1104 1972/408/1104 3502/2893/1104 2799/2890/1104
f 1972/408/1105 238/407/1105 1970/2894/1105 3502/2893/1105
f 1759/3494/453 3503/2889/453 2800/2892/453 415/3495/453
f 207/423/1106 1428/2876/1106 3503/2889/1106 1759/3494/1106
f 1428/2876/1107 628/2875/1107 2799/2890/1107 3503/2889/1107
f 1215/202/538 3504/2885/538 1217/2888/538 77/203/538
f 415/3495/1108 2800/2892/1108 3504/2885/1108 1215/202/1108
f 2800/2892/1109 989/2891/1109 2798/2886/1109 3504/2885/1109
f 2795/2878/1110 3505/2881/1110 2797/2884/1110 988/2879/1110
f 356/1231/1111 1700/956/1111 3505/2881/1111 2795/2878/1111
f 1700/956/1112 148/955/1112 1971/2882/1112 3505/2881/1112
f 1903/2834/1113 3506/2877/1113 2796/2880/1113 559/2835/1113
f 52/187/1114 1156/1232/1114 3506/2877/1114 1903/2834/1114
f 1156/1232/1115 356/1231/1115 2795/2878/1115 3506/2877/1115
f 1359/422/1116 3507/2873/1116 1428/2876/1116 207/423/1116
f 559/2835/1117 2796/2880/1117 3507/2873/1117 1359/422/1117
f 2796/2880/1118 988/2879/1118 2794/2874/1118 3507/2873/1118
f 2791/2866/1119 3508/2869/1119 2793/2872/1119 987/2867/1119
f 500/4027/1120 1844/24/1120 3508/2869/1120 2791/2866/1120
f 1844/24/1121 22/23/1121 1842/2870/1121 3508/2869/1121
f 1971/2882/1122 3509/2865/1122 2792/2868/1122 627/2883/1122
f 148/955/449 1300/4028/449 3509/2865/449 1971/2882/449
f 1300/4028/1123 500/4027/1123 2791/2866/1123 3509/2865/1123
f 1427/406/1124 3510/2861/1124 1429/2864/1124 238/407/1124
f 627/2883/1125 2792/2868/1125 3510/2861/1125 1427/406/1125
f 2792/2868/1126 987/2867/1126 2790/2862/1126 3510/2861/1126
f 2787/2854/1127 3511/2857/1127 2789/2860/1127 986/2855/1127
f 632/2839/1128 1976/420/1128 3511/2857/1128 2787/2854/1128
f 1976/420/1129 239/419/1129 1974/2858/1129 3511/2857/1129
f 1683/3410/1130 3512/2853/1130 2788/2856/1130 339/3411/1130
f 131/339/1131 1432/2840/1131 3512/2853/1131 1683/3410/1131
f 1432/2840/1132 632/2839/1132 2787/2854/1132 3512/2853/1132
f 1139/230/1133 3513/2849/1133 1216/2852/1133 35/231/1133
f 339/3411/1134 2788/2856/1134 3513/2849/1134 1139/230/1134
f 2788/2856/1135 986/2855/1135 2786/2850/1135 3513/2849/1135
f 2783/2842/1136 3514/2845/1136 2785/2848/1136 985/2843/1136
f 316/2707/1137 1660/464/1137 3514/2845/1137 2783/2842/1137
f 1660/464/1138 108/463/1138 1975/2846/1138 3514/2845/1138
f 1827/3086/1139 3515/2841/1139 2784/2844/1139 483/3087/1139
f 19/39/1140 1116/2708/1140 3515/2841/1140 1827/3086/1140
f 1116/2708/1141 316/2707/1141 2783/2842/1141 3515/2841/1141
f 1283/338/1142 3516/2837/1142 1432/2840/1142 131/339/1142
f 483/3087/1143 2784/2844/1143 3516/2837/1143 1283/338/1143
f 2784/2844/1144 985/2843/1144 2782/2838/1144 3516/2837/1144
f 2779/2830/1145 3517/2833/1145 2781/2836/1145 984/2831/1145
f 460/3535/1146 1804/188/1146 3517/2833/1146 2779/2830/1146
f 1804/188/1147 52/187/1147 1903/2834/1147 3517/2833/1147
f 1975/2846/1148 3518/2829/1148 2780/2832/1148 631/2847/1148
f 108/463/1149 1260/3536/1149 3518/2829/1149 1975/2846/1149
f 1260/3536/1150 460/3535/1150 2779/2830/1150 3518/2829/1150
f 1431/418/1151 3519/2825/1151 1433/2828/1151 239/419/1151
f 631/2847/1152 2780/2832/1152 3519/2825/1152 1431/418/1152
f 2780/2832/1153 984/2831/1153 2778/2826/1153 3519/2825/1153
f 2775/2818/1154 3520/2821/1154 2777/2824/1154 983/2819/1154
f 636/2803/1155 1980/432/1155 3520/2821/1155 2775/2818/1155
f 1980/432/1156 240/431/1156 1978/2822/1156 3520/2821/1156
f 1643/4070/1157 3521/2817/1157 2776/2820/1157 299/4071/1157
f 91/999/1158 1436/2804/1158 3521/2817/1158 1643/4070/1158
f 1436/2804/1159 636/2803/1159 2775/2818/1159 3521/2817/1159
f 1099/10/1160 3522/2813/1160 1101/2816/1160 9/11/1160
f 299/4071/1161 2776/2820/1161 3522/2813/1161 1099/10/1161
f 2776/2820/1162 983/2819/1162 2774/2814/1162 3522/2813/1162
f 2771/2806/1163 3523/2809/1163 2773/2812/1163 982/2807/1163
f 416/2851/1164 1760/416/1164 3523/2809/1164 2771/2806/1164
f 1760/416/1165 208/415/1165 1979/2810/1165 3523/2809/1165
f 1787/1106/1166 3524/2805/1166 2772/2808/1166 443/1107/1166
f 35/231/1167 1216/2852/1167 3524/2805/1167 1787/1106/1167
f 1216/2852/1168 416/2851/1168 2771/2806/1168 3524/2805/1168
f 1243/998/1169 3525/2801/1169 1436/2804/1169 91/999/1169
f 443/1107/1170 2772/2808/1170 3525/2801/1170 1243/998/1170
f 2772/2808/1171 982/2807/1171 2770/2802/1171 3525/2801/1171
f 2767/2794/1172 3526/2797/1172 2769/2800/1172 981/2795/1172
f 560/3487/1173 1904/204/1173 3526/2797/1173 2767/2794/1173
f 1904/204/1174 77/203/1174 1902/2798/1174 3526/2797/1174
f 1979/2810/1175 3527/2793/1175 2768/2796/1175 635/2811/1175
f 208/415/1176 1360/3488/1176 3527/2793/1176 1979/2810/1176
f 1360/3488/1177 560/3487/1177 2767/2794/1177 3527/2793/1177
f 1435/430/1178 3528/2789/1178 1437/2792/1178 240/431/1178
f 635/2811/1179 2768/2796/1179 3528/2789/1179 1435/430/1179
f 2768/2796/1180 981/2795/1180 2766/2790/1180 3528/2789/1180
f 2763/2782/1181 3529/2785/1181 2765/2788/1181 980/2783/1181
f 640/2767/1182 1984/444/1182 3529/2785/1182 2763/2782/1182
f 1984/444/1183 241/443/1183 1982/2786/1183 3529/2785/1183
f 1755/3530/1184 3530/2781/1184 2764/2784/1184 411/3531/1184
f 203/459/1185 1440/2768/1185 3530/2781/1185 1755/3530/1185
f 1440/2768/1186 640/2767/1186 2763/2782/1186 3530/2781/1186
f 1211/190/1187 3531/2777/1187 1213/2780/1187 76/191/1187
f 411/3531/1188 2764/2784/1188 3531/2777/1188 1211/190/1188
f 2764/2784/1189 980/2783/1189 2762/2778/1189 3531/2777/1189
f 2759/2770/1190 3532/2773/1190 2761/2776/1190 979/2771/1190
f 447/4097/1191 1247/4098/1191 3532/2773/1191 2759/2770/1191
f 1247/4098/1192 95/4099/1192 1983/2774/1192 3532/2773/1192
f 1899/2726/1193 3533/2769/1193 2760/2772/1193 555/2727/1193
f 39/4100/1194 1791/4101/1194 3533/2769/1194 1899/2726/1194
f 1791/4101/1195 447/4097/1195 2759/2770/1195 3533/2769/1195
f 1355/458/1196 3534/2765/1196 1440/2768/1196 203/459/1196
f 555/2727/1197 2760/2772/1197 3534/2765/1197 1355/458/1197
f 2760/2772/1198 979/2771/1198 2758/2766/1198 3534/2765/1198
f 2755/2758/1199 3535/2761/1199 2757/2764/1199 978/2759/1199
f 303/4102/1200 1103/4103/1200 3535/2761/1200 2755/2758/1200
f 1103/4103/1201 11/4104/1201 1843/2762/1201 3535/2761/1201
f 1983/2774/1202 3536/2757/1202 2756/2760/1202 639/2775/1202
f 95/4099/1203 1647/4105/1203 3536/2757/1203 1983/2774/1203
f 1647/4105/1204 303/4102/1204 2755/2758/1204 3536/2757/1204
f 1439/442/1205 3537/2753/1205 1441/2756/1205 241/443/1205
f 639/2775/1206 2756/2760/1206 3537/2753/1206 1439/442/1206
f 2756/2760/1207 978/2759/1207 2754/2754/1207 3537/2753/1207
f 2751/2746/1208 3538/2749/1208 2753/2752/1208 977/2747/1208
f 644/2731/1209 1988/456/1209 3538/2749/1209 2751/2746/1209
f 1988/456/1210 242/455/1210 1986/2750/1210 3538/2749/1210
f 1695/3662/1211 3539/2745/1211 2752/2748/1211 351/3663/1211
f 143/591/1212 1444/2732/1212 3539/2745/1212 1695/3662/1212
f 1444/2732/1213 644/2731/1213 2751/2746/1213 3539/2745/1213
f 1151/146/1214 3540/2741/1214 1212/2744/1214 47/147/1214
f 351/3663/1215 2752/2748/1215 3540/2741/1215 1151/146/1215
f 2752/2748/1216 977/2747/1216 2750/2742/1216 3540/2741/1216
f 2747/2734/1 3541/2737/1 2749/2740/1 976/2735/1
f 487/4106/1 1287/4107/1 3541/2737/1 2747/2734/1
f 1287/4107/1 135/4108/1 1987/2738/1 3541/2737/1
f 1839/2330/1 3542/2733/1 2748/2736/1 495/2331/1
f 6/4109/1 1831/4110/1 3542/2733/1 1839/2330/1
f 1831/4110/1 487/4106/1 2747/2734/1 3542/2733/1
f 1295/590/1217 3543/2729/1217 1444/2732/1217 143/591/1217
f 495/2331/1 2748/2736/1 3543/2729/1 1295/590/1
f 2748/2736/374 976/2735/374 2746/2730/374 3543/2729/374
f 2743/2722/1218 3544/2725/1218 2745/2728/1218 975/2723/1218
f 343/4111/1219 1143/4112/1219 3544/2725/1219 2743/2722/1219
f 1143/4112/1220 39/4100/1220 1899/2726/1220 3544/2725/1220
f 1987/2738/1221 3545/2721/1221 2744/2724/1221 643/2739/1221
f 135/4108/1 1687/4113/1 3545/2721/1 1987/2738/1
f 1687/4113/374 343/4111/374 2743/2722/374 3545/2721/374
f 1443/454/1222 3546/2717/1222 1445/2720/1222 242/455/1222
f 643/2739/1223 2744/2724/1223 3546/2717/1223 1443/454/1223
f 2744/2724/1224 975/2723/1224 2742/2718/1224 3546/2717/1224
f 2739/2710/1225 3547/2713/1225 2741/2716/1225 974/2711/1225
f 648/2695/1226 1992/468/1226 3547/2713/1226 2739/2710/1226
f 1992/468/1227 243/467/1227 1990/2714/1227 3547/2713/1227
f 1655/3986/1228 3548/2709/1228 2740/2712/1228 311/3987/1228
f 103/915/1229 1448/2696/1229 3548/2709/1229 1655/3986/1229
f 1448/2696/1230 648/2695/1230 2739/2710/1230 3548/2709/1230
f 1111/38/1231 3549/2705/1231 1116/2708/1231 19/39/1231
f 311/3987/1232 2740/2712/1232 3549/2705/1232 1111/38/1232
f 2740/2712/1233 974/2711/1233 2738/2706/1233 3549/2705/1233
f 2735/2698/1234 3550/2701/1234 2737/2704/1234 973/2699/1234
f 412/2743/1235 1756/452/1235 3550/2701/1235 2735/2698/1235
f 1756/452/1236 204/451/1236 1991/2702/1236 3550/2701/1236
f 1799/1358/1237 3551/2697/1237 2736/2700/1237 455/1359/1237
f 47/147/1238 1212/2744/1238 3551/2697/1238 1799/1358/1238
f 1212/2744/1239 412/2743/1239 2735/2698/1239 3551/2697/1239
f 1255/914/1240 3552/2693/1240 1448/2696/1240 103/915/1240
f 455/1359/1241 2736/2700/1241 3552/2693/1241 1255/914/1241
f 2736/2700/1242 973/2699/1242 2734/2694/1242 3552/2693/1242
f 2731/2686/1243 3553/2689/1243 2733/2692/1243 972/2687/1243
f 556/3523/1244 1900/192/1244 3553/2689/1244 2731/2686/1244
f 1900/192/1245 76/191/1245 1898/2690/1245 3553/2689/1245
f 1991/2702/1246 3554/2685/1246 2732/2688/1246 647/2703/1246
f 204/451/1247 1356/3524/1247 3554/2685/1247 1991/2702/1247
f 1356/3524/1248 556/3523/1248 2731/2686/1248 3554/2685/1248
f 1447/466/1249 3555/2681/1249 1449/2684/1249 243/467/1249
f 647/2703/1250 2732/2688/1250 3555/2681/1250 1447/466/1250
f 2732/2688/1251 972/2687/1251 2730/2682/1251 3555/2681/1251
f 2727/2674/1252 3556/2677/1252 2729/2680/1252 971/2675/1252
f 652/2659/1 1996/480/1 3556/2677/1 2727/2674/1
f 1996/480/1 244/479/1 1994/2678/1 3556/2677/1
f 1751/3566/1253 3557/2673/1253 2728/2676/1253 407/3567/1253
f 199/495/1254 1452/2660/1254 3557/2673/1254 1751/3566/1254
f 1452/2660/1255 652/2659/1255 2727/2674/1255 3557/2673/1255
f 1207/178/1256 3558/2669/1256 1209/2672/1256 75/179/1256
f 407/3567/1257 2728/2676/1257 3558/2669/1257 1207/178/1257
f 2728/2676/1258 971/2675/1258 2726/2670/1258 3558/2669/1258
f 2723/2662/1 3559/2665/1 2725/2668/1 970/2663/1
f 435/4114/1 1235/4115/1 3559/2665/1 2723/2662/1
f 1235/4115/1 83/4116/1 1995/2666/1 3559/2665/1
f 1895/2618/1 3560/2661/1 2724/2664/1 551/2619/1
f 27/4117/1 1779/4118/1 3560/2661/1 1895/2618/1
f 1779/4118/1 435/4114/1 2723/2662/1 3560/2661/1
f 1351/494/1259 3561/2657/1259 1452/2660/1259 199/495/1259
f 551/2619/1 2724/2664/1 3561/2657/1 1351/494/1
f 2724/2664/1 970/2663/1 2722/2658/1 3561/2657/1
f 2719/2650/1 3562/2653/1 2721/2656/1 969/2651/1
f 291/4119/1 1091/4120/1 3562/2653/1 2719/2650/1
f 1091/4120/1 2/4121/1 1836/2654/1 3562/2653/1
f 1995/2666/1 3563/2649/1 2720/2652/1 651/2667/1
f 83/4116/1 1635/4122/1 3563/2649/1 1995/2666/1
f 1635/4122/1 291/4119/1 2719/2650/1 3563/2649/1
f 1451/478/1 3564/2645/1 1453/2648/1 244/479/1
f 651/2667/1 2720/2652/1 3564/2645/1 1451/478/1
f 2720/2652/1 969/2651/1 2718/2646/1 3564/2645/1
f 2715/2638/1260 3565/2641/1260 2717/2644/1260 968/2639/1260
f 656/2623/1261 2000/492/1261 3565/2641/1261 2715/2638/1261
f 2000/492/1262 245/491/1262 1998/2642/1262 3565/2641/1262
f 1699/3518/1263 3566/2637/1263 2716/2640/1263 355/3519/1263
f 147/447/1264 1456/2624/1264 3566/2637/1264 1699/3518/1264
f 1456/2624/1265 656/2623/1265 2715/2638/1265 3566/2637/1265
f 1155/194/1266 3567/2633/1266 1208/2636/1266 51/195/1266
f 355/3519/1267 2716/2640/1267 3567/2633/1267 1155/194/1267
f 2716/2640/1268 968/2639/1268 2714/2634/1268 3567/2633/1268
f 2711/2626/1269 3568/2629/1269 2713/2632/1269 967/2627/1269
f 475/4123/1270 1275/4124/1270 3568/2629/1270 2711/2626/1270
f 1275/4124/1271 123/4125/1271 1999/2630/1271 3568/2629/1271
f 1843/2762/1272 3569/2625/1272 2712/2628/1272 499/2763/1272
f 11/4104/1273 1819/4126/1273 3569/2625/1273 1843/2762/1273
f 1819/4126/1274 475/4123/1274 2711/2626/1274 3569/2625/1274
f 1299/446/1275 3570/2621/1275 1456/2624/1275 147/447/1275
f 499/2763/1276 2712/2628/1276 3570/2621/1276 1299/446/1276
f 2712/2628/1277 967/2627/1277 2710/2622/1277 3570/2621/1277
f 2707/2614/1278 3571/2617/1278 2709/2620/1278 966/2615/1278
f 331/4127/1 1131/4128/1 3571/2617/1 2707/2614/1
f 1131/4128/1 27/4117/1 1895/2618/1 3571/2617/1
f 1999/2630/1279 3572/2613/1279 2708/2616/1279 655/2631/1279
f 123/4125/1280 1675/4129/1280 3572/2613/1280 1999/2630/1280
f 1675/4129/1 331/4127/1 2707/2614/1 3572/2613/1
f 1455/490/1281 3573/2609/1281 1457/2612/1281 245/491/1281
f 655/2631/1282 2708/2616/1282 3573/2609/1282 1455/490/1282
f 2708/2616/1283 966/2615/1283 2706/2610/1283 3573/2609/1283
f 2703/2602/1284 3574/2605/1284 2705/2608/1284 965/2603/1284
f 660/2587/1285 2004/504/1285 3574/2605/1285 2703/2602/1285
f 2004/504/1286 246/503/1286 2002/2606/1286 3574/2605/1286
f 1659/4034/1287 3575/2601/1287 2704/2604/1287 315/4035/1287
f 107/963/1288 1460/2588/1288 3575/2601/1288 1659/4034/1288
f 1460/2588/1289 660/2587/1289 2703/2602/1289 3575/2601/1289
f 1115/22/207 3576/2597/207 1117/2600/207 22/23/207
f 315/4035/1290 2704/2604/1290 3576/2597/1290 1115/22/1290
f 2704/2604/1291 965/2603/1291 2702/2598/1291 3576/2597/1291
f 2699/2590/1292 3577/2593/1292 2701/2596/1292 964/2591/1292
f 408/2635/1293 1752/488/1293 3577/2593/1293 2699/2590/1293
f 1752/488/1294 200/487/1294 2003/2594/1294 3577/2593/1294
f 1803/1214/1295 3578/2589/1295 2700/2592/1295 459/1215/1295
f 51/195/1296 1208/2636/1296 3578/2589/1296 1803/1214/1296
f 1208/2636/1297 408/2635/1297 2699/2590/1297 3578/2589/1297
f 1259/962/1298 3579/2585/1298 1460/2588/1298 107/963/1298
f 459/1215/1299 2700/2592/1299 3579/2585/1299 1259/962/1299
f 2700/2592/1300 964/2591/1300 2698/2586/1300 3579/2585/1300
f 2695/2578/1301 3580/2581/1301 2697/2584/1301 963/2579/1301
f 552/3559/1302 1896/180/1302 3580/2581/1302 2695/2578/1302
f 1896/180/1303 75/179/1303 1894/2582/1303 3580/2581/1303
f 2003/2594/1304 3581/2577/1304 2696/2580/1304 659/2595/1304
f 200/487/1305 1352/3560/1305 3581/2577/1305 2003/2594/1305
f 1352/3560/1306 552/3559/1306 2695/2578/1306 3581/2577/1306
f 1459/502/1307 3582/2573/1307 1461/2576/1307 246/503/1307
f 659/2595/1308 2696/2580/1308 3582/2573/1308 1459/502/1308
f 2696/2580/1309 963/2579/1309 2694/2574/1309 3582/2573/1309
f 2691/2566/1310 3583/2569/1310 2693/2572/1310 962/2567/1310
f 664/2551/1310 2008/516/1310 3583/2569/1310 2691/2566/1310
f 2008/516/93 247/515/93 2006/2570/93 3583/2569/93
f 1747/3602/1311 3584/2565/1311 2692/2568/1311 403/3603/1311
f 195/531/1311 1464/2552/1311 3584/2565/1311 1747/3602/1311
f 1464/2552/382 664/2551/382 2691/2566/382 3584/2565/382
f 1203/166/1311 3585/2561/1311 1205/2564/1311 74/167/1311
f 403/3603/1311 2692/2568/1311 3585/2561/1311 1203/166/1311
f 2692/2568/382 962/2567/382 2690/2562/382 3585/2561/382
f 2687/2554/1310 3586/2557/1310 2689/2560/1310 961/2555/1310
f 360/1339/1312 1704/920/1312 3586/2557/1312 2687/2554/1312
f 1704/920/1313 152/919/1313 2007/2558/1313 3586/2557/1313
f 1891/2510/1311 3587/2553/1311 2688/2556/1311 547/2511/1311
f 56/151/1314 1160/1340/1314 3587/2553/1314 1891/2510/1314
f 1160/1340/1315 360/1339/1315 2687/2554/1315 3587/2553/1315
f 1347/530/1311 3588/2549/1311 1464/2552/1311 195/531/1311
f 547/2511/1311 2688/2556/1311 3588/2549/1311 1347/530/1311
f 2688/2556/382 961/2555/382 2686/2550/382 3588/2549/382
f 2683/2542/817 3589/2545/817 2685/2548/817 960/2543/817
f 504/3991/1316 1848/36/1316 3589/2545/1316 2683/2542/1316
f 1848/36/1317 23/35/1317 1846/2546/1317 3589/2545/1317
f 2007/2558/818 3590/2541/818 2684/2544/818 663/2559/818
f 152/919/1318 1304/3992/1318 3590/2541/1318 2007/2558/1318
f 1304/3992/1319 504/3991/1319 2683/2542/1319 3590/2541/1319
f 1463/514/818 3591/2537/818 1465/2540/818 247/515/818
f 663/2559/818 2684/2544/818 3591/2537/818 1463/514/818
f 2684/2544/381 960/2543/381 2682/2538/381 3591/2537/381
f 2679/2530/1 3592/2533/1 2681/2536/1 959/2531/1
f 668/2515/1 2012/528/1 3592/2533/1 2679/2530/1
f 2012/528/94 248/527/94 2010/2534/94 3592/2533/94
f 1246/4130/1 3593/2529/1 2680/2532/1 446/4131/1
f 94/4132/1 1468/2516/1 3593/2529/1 1246/4130/1
f 1468/2516/1 668/2515/1 2679/2530/1 3593/2529/1
f 1790/4133/1 3594/2525/1 1204/2528/1 38/4134/1
f 446/4131/1 2680/2532/1 3594/2525/1 1790/4133/1
f 2680/2532/1 959/2531/1 2678/2526/1 3594/2525/1
f 2675/2518/1 3595/2521/1 2677/2524/1 958/2519/1
f 320/2383/1 1664/572/1 3595/2521/1 2675/2518/1
f 1664/572/94 112/571/94 2011/2522/94 3595/2521/94
f 1102/4135/1 3596/2517/1 2676/2520/1 302/4136/1
f 10/4137/1 1120/2384/1 3596/2517/1 1102/4135/1
f 1120/2384/1 320/2383/1 2675/2518/1 3596/2517/1
f 1646/4138/1 3597/2513/1 1468/2516/1 94/4132/1
f 302/4136/1 2676/2520/1 3597/2513/1 1646/4138/1
f 2676/2520/1 958/2519/1 2674/2514/1 3597/2513/1
f 2671/2506/815 3598/2509/815 2673/2512/815 957/2507/815
f 464/3643/1320 1808/152/1320 3598/2509/1320 2671/2506/1320
f 1808/152/1321 56/151/1321 1891/2510/1321 3598/2509/1321
f 2011/2522/816 3599/2505/816 2672/2508/816 667/2523/816
f 112/571/1322 1264/3644/1322 3599/2505/1322 2011/2522/1322
f 1264/3644/1323 464/3643/1323 2671/2506/1323 3599/2505/1323
f 1467/526/816 3600/2501/816 1469/2504/816 248/527/816
f 667/2523/816 2672/2508/816 3600/2501/816 1467/526/816
f 2672/2508/380 957/2507/380 2670/2502/380 3600/2501/380
f 2667/2494/1 3601/2497/1 2669/2500/1 956/2495/1
f 672/2479/1 2016/540/1 3601/2497/1 2667/2494/1
f 2016/540/1 249/539/1 2014/2498/1 3601/2497/1
f 1286/4139/1 3602/2493/1 2668/2496/1 486/4140/1
f 134/4141/1 1472/2480/1 3602/2493/1 1286/4139/1
f 1472/2480/1 672/2479/1 2667/2494/1 3602/2493/1
f 1830/4142/1 3603/2489/1 1100/2492/1 5/4143/1
f 486/4140/1 2668/2496/1 3603/2489/1 1830/4142/1
f 2668/2496/1 956/2495/1 2666/2490/1 3603/2489/1
f 2663/2482/1 3604/2485/1 2665/2488/1 955/2483/1
f 404/2527/1 1748/524/1 3604/2485/1 2663/2482/1
f 1748/524/94 196/523/94 2015/2486/94 3604/2485/94
f 1142/4144/1 3605/2481/1 2664/2484/1 342/4145/1
f 38/4134/1 1204/2528/1 3605/2481/1 1142/4144/1
f 1204/2528/1 404/2527/1 2663/2482/1 3605/2481/1
f 1686/4146/1 3606/2477/1 1472/2480/1 134/4141/1
f 342/4145/1 2664/2484/1 3606/2477/1 1686/4146/1
f 2664/2484/1 955/2483/1 2662/2478/1 3606/2477/1
f 2659/2470/1324 3607/2473/1324 2661/2476/1324 954/2471/1324
f 548/3595/1325 1892/168/1325 3607/2473/1325 2659/2470/1325
f 1892/168/1326 74/167/1326 1890/2474/1326 3607/2473/1326
f 2015/2486/1327 3608/2469/1327 2660/2472/1327 671/2487/1327
f 196/523/816 1348/3596/816 3608/2469/816 2015/2486/816
f 1348/3596/1328 548/3595/1328 2659/2470/1328 3608/2469/1328
f 1471/538/1329 3609/2465/1329 1473/2468/1329 249/539/1329
f 671/2487/1330 2660/2472/1330 3609/2465/1330 1471/538/1330
f 2660/2472/1331 954/2471/1331 2658/2466/1331 3609/2465/1331
f 2655/2458/1332 3610/2461/1332 2657/2464/1332 953/2459/1332
f 676/2443/1 2020/552/1 3610/2461/1 2655/2458/1
f 2020/552/1333 250/551/1333 2018/2462/1333 3610/2461/1333
f 1743/3638/1 3611/2457/1 2656/2460/1 399/3639/1
f 191/567/1 1476/2444/1 3611/2457/1 1743/3638/1
f 1476/2444/1 676/2443/1 2655/2458/1 3611/2457/1
f 1199/154/1334 3612/2453/1334 1201/2456/1334 73/155/1334
f 399/3639/23 2656/2460/23 3612/2453/23 1199/154/23
f 2656/2460/1335 953/2459/1335 2654/2454/1335 3612/2453/1335
f 2651/2446/1 3613/2449/1 2653/2452/1 952/2447/1
f 451/4147/1 1251/4148/1 3613/2449/1 2651/2446/1
f 1251/4148/1 99/4149/1 2019/2450/1 3613/2449/1
f 1887/2402/1 3614/2445/1 2652/2448/1 543/2403/1
f 43/4150/1 1795/4151/1 3614/2445/1 1887/2402/1
f 1795/4151/1 451/4147/1 2651/2446/1 3614/2445/1
f 1343/566/1 3615/2441/1 1476/2444/1 191/567/1
f 543/2403/1 2652/2448/1 3615/2441/1 1343/566/1
f 2652/2448/1 952/2447/1 2650/2442/1 3615/2441/1
f 2647/2434/1 3616/2437/1 2649/2440/1 951/2435/1
f 307/4152/1 1107/4153/1 3616/2437/1 2647/2434/1
f 1107/4153/1 15/4154/1 1847/2438/1 3616/2437/1
f 2019/2450/1 3617/2433/1 2648/2436/1 675/2451/1
f 99/4149/1 1651/4155/1 3617/2433/1 2019/2450/1
f 1651/4155/1 307/4152/1 2647/2434/1 3617/2433/1
f 1475/550/493 3618/2429/493 1477/2432/493 250/551/493
f 675/2451/1 2648/2436/1 3618/2429/1 1475/550/1
f 2648/2436/1 951/2435/1 2646/2430/1 3618/2429/1
f 2643/2422/1 3619/2425/1 2645/2428/1 950/2423/1
f 680/2407/1 2024/564/1 3619/2425/1 2643/2422/1
f 2024/564/1 251/563/1 2022/2426/1 3619/2425/1
f 1234/4156/1 3620/2421/1 2644/2424/1 434/4157/1
f 82/4158/1 1480/2408/1 3620/2421/1 1234/4156/1
f 1480/2408/1 680/2407/1 2643/2422/1 3620/2421/1
f 1778/4159/1 3621/2417/1 1200/2420/1 26/4160/1
f 434/4157/1 2644/2424/1 3621/2417/1 1778/4159/1
f 2644/2424/1 950/2423/1 2642/2418/1 3621/2417/1
f 2639/2410/1 3622/2413/1 2641/2416/1 949/2411/1
f 491/4161/1 1291/4162/1 3622/2413/1 2639/2410/1
f 1291/4162/1 139/4163/1 2023/2414/1 3622/2413/1
f 1090/4164/1 3623/2409/1 2640/2412/1 290/4165/1
f 1/4166/1 1835/4167/1 3623/2409/1 1090/4164/1
f 1835/4167/1 491/4161/1 2639/2410/1 3623/2409/1
f 1634/4168/1 3624/2405/1 1480/2408/1 82/4158/1
f 290/4165/1 2640/2412/1 3624/2405/1 1634/4168/1
f 2640/2412/1 949/2411/1 2638/2406/1 3624/2405/1
f 2635/2398/1 3625/2401/1 2637/2404/1 948/2399/1
f 347/4169/1 1147/4170/1 3625/2401/1 2635/2398/1
f 1147/4170/1 43/4150/1 1887/2402/1 3625/2401/1
f 2023/2414/1 3626/2397/1 2636/2400/1 679/2415/1
f 139/4163/1 1691/4171/1 3626/2397/1 2023/2414/1
f 1691/4171/1 347/4169/1 2635/2398/1 3626/2397/1
f 1479/562/1 3627/2393/1 1481/2396/1 251/563/1
f 679/2415/1 2636/2400/1 3627/2393/1 1479/562/1
f 2636/2400/1 948/2399/1 2634/2394/1 3627/2393/1
f 2631/2386/1 3628/2389/1 2633/2392/1 947/2387/1
f 684/2371/1 2028/576/1 3628/2389/1 2631/2386/1
f 2028/576/1 252/575/1 2026/2390/1 3628/2389/1
f 1274/4172/1 3629/2385/1 2632/2388/1 474/4173/1
f 122/4174/1 1484/2372/1 3629/2385/1 1274/4172/1
f 1484/2372/1 684/2371/1 2631/2386/1 3629/2385/1
f 1818/4175/1 3630/2381/1 1120/2384/1 10/4137/1
f 474/4173/1 2632/2388/1 3630/2381/1 1818/4175/1
f 2632/2388/1 947/2387/1 2630/2382/1 3630/2381/1
f 2627/2374/1 3631/2377/1 2629/2380/1 946/2375/1
f 400/2419/1 1744/560/1 3631/2377/1 2627/2374/1
f 1744/560/1 192/559/1 2027/2378/1 3631/2377/1
f 1130/4176/1 3632/2373/1 2628/2376/1 330/4177/1
f 26/4160/1 1200/2420/1 3632/2373/1 1130/4176/1
f 1200/2420/1 400/2419/1 2627/2374/1 3632/2373/1
f 1674/4178/1 3633/2369/1 1484/2372/1 122/4174/1
f 330/4177/1 2628/2376/1 3633/2369/1 1674/4178/1
f 2628/2376/1 946/2375/1 2626/2370/1 3633/2369/1
f 2623/2362/1336 3634/2365/1336 2625/2368/1336 945/2363/1336
f 544/3631/374 1888/156/374 3634/2365/374 2623/2362/374
f 1888/156/1337 73/155/1337 1886/2366/1337 3634/2365/1337
f 2027/2378/1 3635/2361/1 2624/2364/1 683/2379/1
f 192/559/1 1344/3632/1 3635/2361/1 2027/2378/1
f 1344/3632/1 544/3631/1 2623/2362/1 3635/2361/1
f 1483/574/493 3636/2357/493 1485/2360/493 252/575/493
f 683/2379/1 2624/2364/1 3636/2357/1 1483/574/1
f 2624/2364/1338 945/2363/1338 2622/2358/1338 3636/2357/1338
f 2619/2350/1339 3637/2353/1339 2621/2356/1339 944/2351/1339
f 688/2335/1340 2032/588/1340 3637/2353/1340 2619/2350/1340
f 2032/588/1341 253/587/1341 2030/2354/1341 3637/2353/1341
f 1739/3674/1342 3638/2349/1342 2620/2352/1342 395/3675/1342
f 187/603/1343 1488/2336/1343 3638/2349/1343 1739/3674/1343
f 1488/2336/1344 688/2335/1344 2619/2350/1344 3638/2349/1344
f 1195/142/1345 3639/2345/1345 1197/2348/1345 72/143/1345
f 395/3675/1346 2620/2352/1346 3639/2345/1346 1195/142/1346
f 2620/2352/1347 944/2351/1347 2618/2346/1347 3639/2345/1347
f 2615/2338/1 3640/2341/1 2617/2344/1 943/2339/1
f 439/4179/1 1239/4180/1 3640/2341/1 2615/2338/1
f 1239/4180/1 87/4181/1 2031/2342/1 3640/2341/1
f 1883/2294/1 3641/2337/1 2616/2340/1 539/2295/1
f 31/4182/1 1783/4183/1 3641/2337/1 1883/2294/1
f 1783/4183/1 439/4179/1 2615/2338/1 3641/2337/1
f 1339/602/1348 3642/2333/1348 1488/2336/1348 187/603/1348
f 539/2295/1349 2616/2340/1349 3642/2333/1349 1339/602/1349
f 2616/2340/1350 943/2339/1350 2614/2334/1350 3642/2333/1350
f 2611/2326/1 3643/2329/1 2613/2332/1 942/2327/1
f 295/4184/1 1095/4185/1 3643/2329/1 2611/2326/1
f 1095/4185/1 6/4109/1 1839/2330/1 3643/2329/1
f 2031/2342/1 3644/2325/1 2612/2328/1 687/2343/1
f 87/4181/1 1639/4186/1 3644/2325/1 2031/2342/1
f 1639/4186/1 295/4184/1 2611/2326/1 3644/2325/1
f 1487/586/1351 3645/2321/1351 1489/2324/1351 253/587/1351
f 687/2343/1352 2612/2328/1352 3645/2321/1352 1487/586/1352
f 2612/2328/1 942/2327/1 2610/2322/1 3645/2321/1
f 2607/2314/1353 3646/2317/1353 2609/2320/1353 941/2315/1353
f 692/2299/562 2036/600/562 3646/2317/562 2607/2314/562
f 2036/600/1354 254/599/1354 2034/2318/1354 3646/2317/1354
f 1703/3626/1355 3647/2313/1355 2608/2316/1355 359/3627/1355
f 151/555/561 1492/2300/561 3647/2313/561 1703/3626/561
f 1492/2300/799 692/2299/799 2607/2314/799 3647/2313/799
f 1159/158/1356 3648/2309/1356 1196/2312/1356 55/159/1356
f 359/3627/1357 2608/2316/1357 3648/2309/1357 1159/158/1357
f 2608/2316/1358 941/2315/1358 2606/2310/1358 3648/2309/1358
f 2603/2302/1 3649/2305/1 2605/2308/1 940/2303/1
f 479/4187/1 1279/4188/1 3649/2305/1 2603/2302/1
f 1279/4188/1 127/4189/1 2035/2306/1 3649/2305/1
f 1847/2438/1 3650/2301/1 2604/2304/1 503/2439/1
f 15/4154/1 1823/4190/1 3650/2301/1 1847/2438/1
f 1823/4190/1 479/4187/1 2603/2302/1 3650/2301/1
f 1303/554/803 3651/2297/803 1492/2300/803 151/555/803
f 503/2439/372 2604/2304/372 3651/2297/372 1303/554/372
f 2604/2304/1359 940/2303/1359 2602/2298/1359 3651/2297/1359
f 2599/2290/360 3652/2293/360 2601/2296/360 939/2291/360
f 335/4191/1 1135/4192/1 3652/2293/1 2599/2290/1
f 1135/4192/1 31/4182/1 1883/2294/1 3652/2293/1
f 2035/2306/360 3653/2289/360 2600/2292/360 691/2307/360
f 127/4189/1 1679/4193/1 3653/2289/1 2035/2306/1
f 1679/4193/1 335/4191/1 2599/2290/1 3653/2289/1
f 1491/598/1360 3654/2285/1360 1493/2288/1360 254/599/1360
f 691/2307/1361 2600/2292/1361 3654/2285/1361 1491/598/1361
f 2600/2292/1362 939/2291/1362 2598/2286/1362 3654/2285/1362
f 2595/2278/1363 3655/2281/1363 2597/2284/1363 938/2279/1363
f 696/2263/1364 2040/612/1364 3655/2281/1364 2595/2278/1364
f 2040/612/1365 255/611/1365 2038/2282/1365 3655/2281/1365
f 1663/3998/1366 3656/2277/1366 2596/2280/1366 319/3999/1366
f 111/927/1367 1496/2264/1367 3656/2277/1367 1663/3998/1367
f 1496/2264/1368 696/2263/1368 2595/2278/1368 3656/2277/1368
f 1119/34/1369 3657/2273/1369 1121/2276/1369 23/35/1369
f 319/3999/6 2596/2280/6 3657/2273/6 1119/34/6
f 2596/2280/1370 938/2279/1370 2594/2274/1370 3657/2273/1370
f 2591/2266/1371 3658/2269/1371 2593/2272/1371 937/2267/1371
f 396/2311/1372 1740/596/1372 3658/2269/1372 2591/2266/1372
f 1740/596/1373 188/595/1373 2039/2270/1373 3658/2269/1373
f 1807/1322/1374 3659/2265/1374 2592/2268/1374 463/1323/1374
f 55/159/1375 1196/2312/1375 3659/2265/1375 1807/1322/1375
f 1196/2312/1376 396/2311/1376 2591/2266/1376 3659/2265/1376
f 1263/926/1377 3660/2261/1377 1496/2264/1377 111/927/1377
f 463/1323/1378 2592/2268/1378 3660/2261/1378 1263/926/1378
f 2592/2268/1379 937/2267/1379 2590/2262/1379 3660/2261/1379
f 2587/2254/1380 3661/2257/1380 2589/2260/1380 936/2255/1380
f 540/3667/1381 1884/144/1381 3661/2257/1381 2587/2254/1381
f 1884/144/1382 72/143/1382 1882/2258/1382 3661/2257/1382
f 2039/2270/1383 3662/2253/1383 2588/2256/1383 695/2271/1383
f 188/595/1384 1340/3668/1384 3662/2253/1384 2039/2270/1384
f 1340/3668/1385 540/3667/1385 2587/2254/1385 3662/2253/1385
f 1495/610/1386 3663/2249/1386 1497/2252/1386 255/611/1386
f 695/2271/1387 2588/2256/1387 3663/2249/1387 1495/610/1387
f 2588/2256/1388 936/2255/1388 2586/2250/1388 3663/2249/1388
f 2583/2242/1 3664/2245/1 2585/2248/1 935/2243/1
f 700/2227/1 2044/624/1 3664/2245/1 2583/2242/1
f 2044/624/1 256/623/1 2042/2246/1 3664/2245/1
f 1735/3710/1 3665/2241/1 2584/2244/1 391/3711/1
f 183/639/1 1500/2228/1 3665/2241/1 1735/3710/1
f 1500/2228/1 700/2227/1 2583/2242/1 3665/2241/1
f 1191/130/1 3666/2237/1 1193/2240/1 71/131/1
f 391/3711/1 2584/2244/1 3666/2237/1 1191/130/1
f 2584/2244/1 935/2243/1 2582/2238/1 3666/2237/1
f 2579/2230/1 3667/2233/1 2581/2236/1 934/2231/1
f 364/1447/1 1708/884/1 3667/2233/1 2579/2230/1
f 1708/884/1 156/883/1 2043/2234/1 3667/2233/1
f 1879/2186/1 3668/2229/1 2580/2232/1 535/2187/1
f 60/115/1 1164/1448/1 3668/2229/1 1879/2186/1
f 1164/1448/1 364/1447/1 2579/2230/1 3668/2229/1
f 1335/638/1 3669/2225/1 1500/2228/1 183/639/1
f 535/2187/1 2580/2232/1 3669/2225/1 1335/638/1
f 2580/2232/1 934/2231/1 2578/2226/1 3669/2225/1
f 2575/2218/1389 3670/2221/1389 2577/2224/1389 933/2219/1389
f 508/3955/1390 1852/48/1390 3670/2221/1390 2575/2218/1390
f 1852/48/1391 24/47/1391 1850/2222/1391 3670/2221/1391
f 2043/2234/1 3671/2217/1 2576/2220/1 699/2235/1
f 156/883/1392 1308/3956/1392 3671/2217/1392 2043/2234/1392
f 1308/3956/1393 508/3955/1393 2575/2218/1393 3671/2217/1393
f 1499/622/1 3672/2213/1 1501/2216/1 256/623/1
f 699/2235/1 2576/2220/1 3672/2213/1 1499/622/1
f 2576/2220/957 933/2219/957 2574/2214/957 3672/2213/957
f 2571/2206/1 3673/2209/1 2573/2212/1 932/2207/1
f 704/2191/1 2048/636/1 3673/2209/1 2571/2206/1
f 2048/636/1 257/635/1 2046/2210/1 3673/2209/1
f 1250/4194/1 3674/2205/1 2572/2208/1 450/4195/1
f 98/4196/1 1504/2192/1 3674/2205/1 1250/4194/1
f 1504/2192/1 704/2191/1 2571/2206/1 3674/2205/1
f 1794/4197/1 3675/2201/1 1192/2204/1 42/4198/1
f 450/4195/1 2572/2208/1 3675/2201/1 1794/4197/1
f 2572/2208/1 932/2207/1 2570/2202/1 3675/2201/1
f 2567/2194/1 3676/2197/1 2569/2200/1 931/2195/1
f 324/2059/1 1668/680/1 3676/2197/1 2567/2194/1
f 1668/680/1 116/679/1 2047/2198/1 3676/2197/1
f 1106/4199/1 3677/2193/1 2568/2196/1 306/4200/1
f 14/4201/1 1124/2060/1 3677/2193/1 1106/4199/1
f 1124/2060/1 324/2059/1 2567/2194/1 3677/2193/1
f 1650/4202/1 3678/2189/1 1504/2192/1 98/4196/1
f 306/4200/1 2568/2196/1 3678/2189/1 1650/4202/1
f 2568/2196/1 931/2195/1 2566/2190/1 3678/2189/1
f 2563/2182/1 3679/2185/1 2565/2188/1 930/2183/1
f 468/3751/1 1812/116/1 3679/2185/1 2563/2182/1
f 1812/116/1 60/115/1 1879/2186/1 3679/2185/1
f 2047/2198/1 3680/2181/1 2564/2184/1 703/2199/1
f 116/679/1 1268/3752/1 3680/2181/1 2047/2198/1
f 1268/3752/1 468/3751/1 2563/2182/1 3680/2181/1
f 1503/634/1 3681/2177/1 1505/2180/1 257/635/1
f 703/2199/1 2564/2184/1 3681/2177/1 1503/634/1
f 2564/2184/1 930/2183/1 2562/2178/1 3681/2177/1
f 2559/2170/1 3682/2173/1 2561/2176/1 929/2171/1
f 708/2155/1 2052/648/1 3682/2173/1 2559/2170/1
f 2052/648/1 258/647/1 2050/2174/1 3682/2173/1
f 1290/4203/1 3683/2169/1 2560/2172/1 490/4204/1
f 138/4205/1 1508/2156/1 3683/2169/1 1290/4203/1
f 1508/2156/1 708/2155/1 2559/2170/1 3683/2169/1
f 1834/4206/1 3684/2165/1 1093/2168/1 3/4207/1
f 490/4204/1 2560/2172/1 3684/2165/1 1834/4206/1
f 2560/2172/1 929/2171/1 2558/2166/1 3684/2165/1
f 2555/2158/1 3685/2161/1 2557/2164/1 928/2159/1
f 392/2203/1 1736/632/1 3685/2161/1 2555/2158/1
f 1736/632/1 184/631/1 2051/2162/1 3685/2161/1
f 1146/4208/1 3686/2157/1 2556/2160/1 346/4209/1
f 42/4198/1 1192/2204/1 3686/2157/1 1146/4208/1
f 1192/2204/1 392/2203/1 2555/2158/1 3686/2157/1
f 1690/4210/1 3687/2153/1 1508/2156/1 138/4205/1
f 346/4209/1 2556/2160/1 3687/2153/1 1690/4210/1
f 2556/2160/1 928/2159/1 2554/2154/1 3687/2153/1
f 2551/2146/1 3688/2149/1 2553/2152/1 927/2147/1
f 536/3703/1 1880/132/1 3688/2149/1 2551/2146/1
f 1880/132/1 71/131/1 1878/2150/1 3688/2149/1
f 2051/2162/1 3689/2145/1 2552/2148/1 707/2163/1
f 184/631/1 1336/3704/1 3689/2145/1 2051/2162/1
f 1336/3704/1 536/3703/1 2551/2146/1 3689/2145/1
f 1507/646/1 3690/2141/1 1509/2144/1 258/647/1
f 707/2163/1 2552/2148/1 3690/2141/1 1507/646/1
f 2552/2148/1 927/2147/1 2550/2142/1 3690/2141/1
f 2547/2134/1394 3691/2137/1394 2549/2140/1394 926/2135/1394
f 712/2119/1395 2056/660/1395 3691/2137/1395 2547/2134/1395
f 2056/660/1396 259/659/1396 2054/2138/1396 3691/2137/1396
f 1731/3746/1 3692/2133/1 2548/2136/1 387/3747/1
f 179/675/1397 1512/2120/1397 3692/2133/1397 1731/3746/1397
f 1512/2120/1398 712/2119/1398 2547/2134/1398 3692/2133/1398
f 1187/118/1 3693/2129/1 1189/2132/1 70/119/1
f 387/3747/1 2548/2136/1 3693/2129/1 1187/118/1
f 2548/2136/1 926/2135/1 2546/2130/1 3693/2129/1
f 2543/2122/1399 3694/2125/1399 2545/2128/1399 925/2123/1399
f 340/1303/1400 1684/932/1400 3694/2125/1400 2543/2122/1400
f 1684/932/1401 132/931/1401 2055/2126/1401 3694/2125/1401
f 1875/2078/1402 3695/2121/1402 2544/2124/1402 531/2079/1402
f 36/163/1403 1140/1304/1403 3695/2121/1403 1875/2078/1403
f 1140/1304/1404 340/1303/1404 2543/2122/1404 3695/2121/1404
f 1331/674/1405 3696/2117/1405 1512/2120/1405 179/675/1405
f 531/2079/1406 2544/2124/1406 3696/2117/1406 1331/674/1406
f 2544/2124/1407 925/2123/1407 2542/2118/1407 3696/2117/1407
f 2539/2110/1408 3697/2113/1408 2541/2116/1408 924/2111/1408
f 484/4003/1409 1828/32/1409 3697/2113/1409 2539/2110/1409
f 1828/32/1410 20/31/1410 1851/2114/1410 3697/2113/1410
f 2055/2126/1411 3698/2109/1411 2540/2112/1411 711/2127/1411
f 132/931/1412 1284/4004/1412 3698/2109/1412 2055/2126/1412
f 1284/4004/1413 484/4003/1413 2539/2110/1413 3698/2109/1413
f 1511/658/1414 3699/2105/1414 1513/2108/1414 259/659/1414
f 711/2127/1415 2540/2112/1415 3699/2105/1415 1511/658/1415
f 2540/2112/1416 924/2111/1416 2538/2106/1416 3699/2105/1416
f 2535/2098/1 3700/2101/1 2537/2104/1 923/2099/1
f 716/2083/1 2060/672/1 3700/2101/1 2535/2098/1
f 2060/672/1 260/671/1 2058/2102/1 3700/2101/1
f 1238/4211/1 3701/2097/1 2536/2100/1 438/4212/1
f 86/4213/1 1516/2084/1 3701/2097/1 1238/4211/1
f 1516/2084/1 716/2083/1 2535/2098/1 3701/2097/1
f 1782/4214/1 3702/2093/1 1188/2096/1 30/4215/1
f 438/4212/1 2536/2100/1 3702/2093/1 1782/4214/1
f 2536/2100/1 923/2099/1 2534/2094/1 3702/2093/1
f 2531/2086/1 3703/2089/1 2533/2092/1 922/2087/1
f 300/2491/1 1644/536/1 3703/2089/1 2531/2086/1
f 1644/536/1 92/535/1 2059/2090/1 3703/2089/1
f 1094/4216/1 3704/2085/1 2532/2088/1 294/4217/1
f 5/4143/1 1100/2492/1 3704/2085/1 1094/4216/1
f 1100/2492/1 300/2491/1 2531/2086/1 3704/2085/1
f 1638/4218/1 3705/2081/1 1516/2084/1 86/4213/1
f 294/4217/1 2532/2088/1 3705/2081/1 1638/4218/1
f 2532/2088/1 922/2087/1 2530/2082/1 3705/2081/1
f 2527/2074/1417 3706/2077/1417 2529/2080/1417 921/2075/1417
f 444/3607/1418 1788/164/1418 3706/2077/1418 2527/2074/1418
f 1788/164/1419 36/163/1419 1875/2078/1419 3706/2077/1419
f 2059/2090/1 3707/2073/1 2528/2076/1 715/2091/1
f 92/535/1 1244/3608/1 3707/2073/1 2059/2090/1
f 1244/3608/1420 444/3607/1420 2527/2074/1420 3707/2073/1420
f 1515/670/1 3708/2069/1 1517/2072/1 260/671/1
f 715/2091/1 2528/2076/1 3708/2069/1 1515/670/1
f 2528/2076/1 921/2075/1 2526/2070/1 3708/2069/1
f 2523/2062/1 3709/2065/1 2525/2068/1 920/2063/1
f 720/2047/1 2064/684/1 3709/2065/1 2523/2062/1
f 2064/684/1 261/683/1 2062/2066/1 3709/2065/1
f 1278/4219/1 3710/2061/1 2524/2064/1 478/4220/1
f 126/4221/1 1520/2048/1 3710/2061/1 1278/4219/1
f 1520/2048/1 720/2047/1 2523/2062/1 3710/2061/1
f 1822/4222/1 3711/2057/1 1124/2060/1 14/4201/1
f 478/4220/1 2524/2064/1 3711/2057/1 1822/4222/1
f 2524/2064/1 920/2063/1 2522/2058/1 3711/2057/1
f 2519/2050/1 3712/2053/1 2521/2056/1 919/2051/1
f 388/2095/1 1732/668/1 3712/2053/1 2519/2050/1
f 1732/668/1 180/667/1 2063/2054/1 3712/2053/1
f 1134/4223/1 3713/2049/1 2520/2052/1 334/4224/1
f 30/4215/1 1188/2096/1 3713/2049/1 1134/4223/1
f 1188/2096/1 388/2095/1 2519/2050/1 3713/2049/1
f 1678/4225/1 3714/2045/1 1520/2048/1 126/4221/1
f 334/4224/1 2520/2052/1 3714/2045/1 1678/4225/1
f 2520/2052/1 919/2051/1 2518/2046/1 3714/2045/1
f 2515/2038/1 3715/2041/1 2517/2044/1 918/2039/1
f 532/3739/1 1876/120/1 3715/2041/1 2515/2038/1
f 1876/120/1 70/119/1 1874/2042/1 3715/2041/1
f 2063/2054/1 3716/2037/1 2516/2040/1 719/2055/1
f 180/667/1 1332/3740/1 3716/2037/1 2063/2054/1
f 1332/3740/1 532/3739/1 2515/2038/1 3716/2037/1
f 1519/682/1 3717/2033/1 1521/2036/1 261/683/1
f 719/2055/1 2516/2040/1 3717/2033/1 1519/682/1
f 2516/2040/1 918/2039/1 2514/2034/1 3717/2033/1
f 2511/2026/1421 3718/2029/1421 2513/2032/1421 917/2027/1421
f 724/2011/1422 2068/696/1422 3718/2029/1422 2511/2026/1422
f 2068/696/1423 262/695/1423 2066/2030/1423 3718/2029/1423
f 1727/3782/1424 3719/2025/1424 2512/2028/1424 383/3783/1424
f 175/711/1425 1524/2012/1425 3719/2025/1425 1727/3782/1425
f 1524/2012/1426 724/2011/1426 2511/2026/1426 3719/2025/1426
f 1183/106/1427 3720/2021/1427 1185/2024/1427 69/107/1427
f 383/3783/1428 2512/2028/1428 3720/2021/1428 1183/106/1428
f 2512/2028/1429 917/2027/1429 2510/2022/1429 3720/2021/1429
f 2507/2014/1430 3721/2017/1430 2509/2020/1430 916/2015/1430
f 352/1123/1431 1696/992/1431 3721/2017/1431 2507/2014/1431
f 1696/992/1432 144/991/1432 2067/2018/1432 3721/2017/1432
f 1871/1970/1433 3722/2013/1433 2508/2016/1433 527/1971/1433
f 48/223/1434 1152/1124/1434 3722/2013/1434 1871/1970/1434
f 1152/1124/1435 352/1123/1435 2507/2014/1435 3722/2013/1435
f 1327/710/1436 3723/2009/1436 1524/2012/1436 175/711/1436
f 527/1971/1437 2508/2016/1437 3723/2009/1437 1327/710/1437
f 2508/2016/1438 916/2015/1438 2506/2010/1438 3723/2009/1438
f 2503/2002/1439 3724/2005/1439 2505/2008/1439 915/2003/1439
f 496/4063/1440 1840/12/1440 3724/2005/1440 2503/2002/1440
f 1840/12/1441 9/11/1441 1838/2006/1441 3724/2005/1441
f 2067/2018/1442 3725/2001/1442 2504/2004/1442 723/2019/1442
f 144/991/1443 1296/4064/1443 3725/2001/1443 2067/2018/1443
f 1296/4064/1444 496/4063/1444 2503/2002/1444 3725/2001/1444
f 1523/694/1445 3726/1997/1445 1525/2000/1445 262/695/1445
f 723/2019/1446 2504/2004/1446 3726/1997/1446 1523/694/1446
f 2504/2004/1447 915/2003/1447 2502/1998/1447 3726/1997/1447
f 2499/1990/1448 3727/1993/1448 2501/1996/1448 914/1991/1448
f 728/1975/1449 2072/708/1449 3727/1993/1449 2499/1990/1449
f 2072/708/1450 263/707/1450 2070/1994/1450 3727/1993/1450
f 1707/3734/1451 3728/1989/1451 2500/1992/1451 363/3735/1451
f 155/663/1452 1528/1976/1452 3728/1989/1452 1707/3734/1452
f 1528/1976/1453 728/1975/1453 2499/1990/1453 3728/1989/1453
f 1163/122/1454 3729/1985/1454 1184/1988/1454 59/123/1454
f 363/3735/1455 2500/1992/1455 3729/1985/1455 1163/122/1455
f 2500/1992/1456 914/1991/1456 2498/1986/1456 3729/1985/1456
f 2495/1978/1457 3730/1981/1457 2497/1984/1457 913/1979/1457
f 312/3031/1458 1656/356/1458 3730/1981/1458 2495/1978/1458
f 1656/356/1459 104/355/1459 2071/1982/1459 3730/1981/1459
f 1851/2114/1460 3731/1977/1460 2496/1980/1460 507/2115/1460
f 20/31/1461 1112/3032/1461 3731/1977/1461 1851/2114/1461
f 1112/3032/1462 312/3031/1462 2495/1978/1462 3731/1977/1462
f 1307/662/1463 3732/1973/1463 1528/1976/1463 155/663/1463
f 507/2115/1464 2496/1980/1464 3732/1973/1464 1307/662/1464
f 2496/1980/1465 913/1979/1465 2494/1974/1465 3732/1973/1465
f 2491/1966/1466 3733/1969/1466 2493/1972/1466 912/1967/1466
f 456/3427/1467 1800/224/1467 3733/1969/1467 2491/1966/1467
f 1800/224/1468 48/223/1468 1871/1970/1468 3733/1969/1468
f 2071/1982/1469 3734/1965/1469 2492/1968/1469 727/1983/1469
f 104/355/1470 1256/3428/1470 3734/1965/1470 2071/1982/1470
f 1256/3428/1471 456/3427/1471 2491/1966/1471 3734/1965/1471
f 1527/706/1472 3735/1961/1472 1529/1964/1472 263/707/1472
f 727/1983/1473 2492/1968/1473 3735/1961/1473 1527/706/1473
f 2492/1968/1474 912/1967/1474 2490/1962/1474 3735/1961/1474
f 2487/1954/1475 3736/1957/1475 2489/1960/1475 911/1955/1475
f 732/1939/1476 2076/720/1476 3736/1957/1476 2487/1954/1476
f 2076/720/1477 264/719/1477 2074/1958/1477 3736/1957/1477
f 1667/3962/1478 3737/1953/1478 2488/1956/1478 323/3963/1478
f 115/891/1479 1532/1940/1479 3737/1953/1479 1667/3962/1479
f 1532/1940/1480 732/1939/1480 2487/1954/1480 3737/1953/1480
f 1123/46/1481 3738/1949/1481 1125/1952/1481 24/47/1481
f 323/3963/1482 2488/1956/1482 3738/1949/1482 1123/46/1482
f 2488/1956/1483 911/1955/1483 2486/1950/1483 3738/1949/1483
f 2483/1942/1484 3739/1945/1484 2485/1948/1484 910/1943/1484
f 384/1987/1485 1728/704/1485 3739/1945/1485 2483/1942/1485
f 1728/704/1486 176/703/1486 2075/1946/1486 3739/1945/1486
f 1811/1430/1487 3740/1941/1487 2484/1944/1487 467/1431/1487
f 59/123/1488 1184/1988/1488 3740/1941/1488 1811/1430/1488
f 1184/1988/1489 384/1987/1489 2483/1942/1489 3740/1941/1489
f 1267/890/1490 3741/1937/1490 1532/1940/1490 115/891/1490
f 467/1431/1491 2484/1944/1491 3741/1937/1491 1267/890/1491
f 2484/1944/1492 910/1943/1492 2482/1938/1492 3741/1937/1492
f 2479/1930/1493 3742/1933/1493 2481/1936/1493 909/1931/1493
f 528/3775/1494 1872/108/1494 3742/1933/1494 2479/1930/1494
f 1872/108/1495 69/107/1495 1870/1934/1495 3742/1933/1495
f 2075/1946/1496 3743/1929/1496 2480/1932/1496 731/1947/1496
f 176/703/1497 1328/3776/1497 3743/1929/1497 2075/1946/1497
f 1328/3776/1498 528/3775/1498 2479/1930/1498 3743/1929/1498
f 1531/718/1499 3744/1925/1499 1533/1928/1499 264/719/1499
f 731/1947/1500 2480/1932/1500 3744/1925/1500 1531/718/1500
f 2480/1932/1501 909/1931/1501 2478/1926/1501 3744/1925/1501
f 2475/1918/1502 3745/1921/1502 2477/1924/1502 908/1919/1502
f 736/1903/1503 2080/732/1503 3745/1921/1503 2475/1918/1503
f 2080/732/1504 265/731/1504 2078/1922/1504 3745/1921/1504
f 1723/3818/1505 3746/1917/1505 2476/1920/1505 379/3819/1505
f 171/747/1506 1536/1904/1506 3746/1917/1506 1723/3818/1506
f 1536/1904/1507 736/1903/1507 2475/1918/1507 3746/1917/1507
f 1179/94/1508 3747/1913/1508 1181/1916/1508 68/95/1508
f 379/3819/1509 2476/1920/1509 3747/1913/1509 1179/94/1509
f 2476/1920/1510 908/1919/1510 2474/1914/1510 3747/1913/1510
f 2471/1906/269 3748/1909/269 2473/1912/269 907/1907/269
f 368/1555/707 1712/848/707 3748/1909/707 2471/1906/707
f 1712/848/472 160/847/472 2079/1910/472 3748/1909/472
f 1867/1862/268 3749/1905/268 2472/1908/268 523/1863/268
f 64/79/265 1168/1556/265 3749/1905/265 1867/1862/265
f 1168/1556/129 368/1555/129 2471/1906/129 3749/1905/129
f 1323/746/1511 3750/1901/1511 1536/1904/1511 171/747/1511
f 523/1863/1512 2472/1908/1512 3750/1901/1512 1323/746/1512
f 2472/1908/1513 907/1907/1513 2470/1902/1513 3750/1901/1513
f 2467/1894/281 3751/1897/281 2469/1900/281 906/1895/281
f 512/3919/694 1856/60/694 3751/1897/694 2467/1894/694
f 1856/60/1514 25/59/1514 1854/1898/1514 3751/1897/1514
f 2079/1910/594 3752/1893/594 2468/1896/594 735/1911/594
f 160/847/695 1312/3920/695 3752/1893/695 2079/1910/695
f 1312/3920/693 512/3919/693 2467/1894/693 3752/1893/693
f 1535/730/12 3753/1889/12 1537/1892/12 265/731/12
f 735/1911/697 2468/1896/697 3753/1889/697 1535/730/697
f 2468/1896/1515 906/1895/1515 2466/1890/1515 3753/1889/1515
f 2463/1882/511 3754/1885/511 2465/1888/511 905/1883/511
f 740/1867/15 2084/744/15 3754/1885/15 2463/1882/15
f 2084/744/304 266/743/304 2082/1886/304 3754/1885/304
f 1682/3374/46 3755/1881/46 2464/1884/46 338/3375/46
f 130/303/511 1540/1868/511 3755/1881/511 1682/3374/511
f 1540/1868/47 740/1867/47 2463/1882/47 3755/1881/47
f 1138/242/50 3756/1877/50 1180/1880/50 34/243/50
f 338/3375/504 2464/1884/504 3756/1877/504 1138/242/504
f 2464/1884/519 905/1883/519 2462/1878/519 3756/1877/519
f 2459/1870/252 3757/1873/252 2461/1876/252 904/1871/252
f 328/1735/253 1672/788/253 3757/1873/253 2459/1870/253
f 1672/788/283 120/787/283 2083/1874/283 3757/1873/283
f 1826/3194/142 3758/1869/142 2460/1872/142 482/3195/142
f 18/51/252 1128/1736/252 3758/1869/252 1826/3194/252
f 1128/1736/306 328/1735/306 2459/1870/306 3758/1869/306
f 1282/302/15 3759/1865/15 1540/1868/15 130/303/15
f 482/3195/251 2460/1872/251 3759/1865/251 1282/302/251
f 2460/1872/125 904/1871/125 2458/1866/125 3759/1865/125
f 2455/1858/303 3760/1861/303 2457/1864/303 903/1859/303
f 472/3859/1 1816/80/1 3760/1861/1 2455/1858/1
f 1816/80/1 64/79/1 1867/1862/1 3760/1861/1
f 2083/1874/253 3761/1857/253 2456/1860/253 739/1875/253
f 120/787/303 1272/3860/303 3761/1857/303 2083/1874/303
f 1272/3860/132 472/3859/132 2455/1858/132 3761/1857/132
f 1539/742/142 3762/1853/142 1541/1856/142 266/743/142
f 739/1875/252 2456/1860/252 3762/1853/252 1539/742/252
f 2456/1860/306 903/1859/306 2454/1854/306 3762/1853/306
f 2451/1846/1516 3763/1849/1516 2453/1852/1516 902/1847/1516
f 744/1831/172 2088/756/172 3763/1849/172 2451/1846/172
f 2088/756/1517 267/755/1517 2086/1850/1517 3763/1849/1517
f 1642/4082/48 3764/1845/48 2452/1848/48 298/4083/48
f 90/1011/171 1544/1832/171 3764/1845/171 1642/4082/171
f 1544/1832/1518 744/1831/1518 2451/1846/1518 3764/1845/1518
f 1098/6/1 3765/1841/1 1097/1844/1 8/7/1
f 298/4083/1 2452/1848/1 3765/1841/1 1098/6/1
f 2452/1848/1 902/1847/1 2450/1842/1 3765/1841/1
f 2447/1834/1519 3766/1837/1519 2449/1840/1519 901/1835/1519
f 380/1879/50 1724/740/50 3766/1837/50 2447/1834/50
f 1724/740/935 172/739/935 2087/1838/935 3766/1837/935
f 1786/1070/520 3767/1833/520 2448/1836/520 442/1071/520
f 34/243/503 1180/1880/503 3767/1833/503 1786/1070/503
f 1180/1880/42 380/1879/42 2447/1834/42 3767/1833/42
f 1242/1010/41 3768/1829/41 1544/1832/41 90/1011/41
f 442/1071/512 2448/1836/512 3768/1829/512 1242/1010/512
f 2448/1836/170 901/1835/170 2446/1830/170 3768/1829/170
f 2443/1822/296 3769/1825/296 2445/1828/296 900/1823/296
f 524/3811/1520 1868/96/1520 3769/1825/1520 2443/1822/1520
f 1868/96/1520 68/95/1520 1866/1826/1520 3769/1825/1520
f 2087/1838/1521 3770/1821/1521 2444/1824/1521 743/1839/1521
f 172/739/518 1324/3812/518 3770/1821/518 2087/1838/518
f 1324/3812/1522 524/3811/1522 2443/1822/1522 3770/1821/1522
f 1543/754/1523 3771/1817/1523 1545/1820/1523 267/755/1523
f 743/1839/1524 2444/1824/1524 3771/1817/1524 1543/754/1524
f 2444/1824/1525 900/1823/1525 2442/1818/1525 3771/1817/1525
f 2439/1810/266 3772/1813/266 2441/1816/266 899/1811/266
f 748/1795/1 2092/768/1 3772/1813/1 2439/1810/1
f 2092/768/265 268/767/265 2090/1814/265 3772/1813/265
f 1719/3854/1 3773/1809/1 2440/1812/1 375/3855/1
f 167/783/1 1548/1796/1 3773/1809/1 1719/3854/1
f 1548/1796/1 748/1795/1 2439/1810/1 3773/1809/1
f 1175/82/1 3774/1805/1 1177/1808/1 67/83/1
f 375/3855/1 2440/1812/1 3774/1805/1 1175/82/1
f 2440/1812/1 899/1811/1 2438/1806/1 3774/1805/1
f 2435/1798/1526 3775/1801/1526 2437/1804/1526 898/1799/1526
f 341/1195/1527 1685/968/1527 3775/1801/1527 2435/1798/1527
f 1685/968/1528 133/967/1528 2091/1802/1528 3775/1801/1528
f 1863/1754/1529 3776/1797/1529 2436/1800/1529 519/1755/1529
f 37/199/1530 1141/1196/1530 3776/1797/1530 1863/1754/1530
f 1141/1196/1531 341/1195/1531 2435/1798/1531 3776/1797/1531
f 1319/782/1 3777/1793/1 1548/1796/1 167/783/1
f 519/1755/1532 2436/1800/1532 3777/1793/1532 1319/782/1532
f 2436/1800/1533 898/1799/1533 2434/1794/1533 3777/1793/1533
f 2431/1786/1534 3778/1789/1534 2433/1792/1534 897/1787/1534
f 485/4039/1535 1829/20/1535 3778/1789/1535 2431/1786/1535
f 1829/20/1536 21/19/1536 1855/1790/1536 3778/1789/1536
f 2091/1802/1537 3779/1785/1537 2432/1788/1537 747/1803/1537
f 133/967/1538 1285/4040/1538 3779/1785/1538 2091/1802/1538
f 1285/4040/1539 485/4039/1539 2431/1786/1539 3779/1785/1539
f 1547/766/1540 3780/1781/1540 1549/1784/1540 268/767/1540
f 747/1803/1541 2432/1788/1541 3780/1781/1541 1547/766/1541
f 2432/1788/1542 897/1787/1542 2430/1782/1542 3780/1781/1542
f 2427/1774/1 3781/1777/1 2429/1780/1 896/1775/1
f 752/1759/1 2096/780/1 3781/1777/1 2427/1774/1
f 2096/780/1 269/779/1 2094/1778/1 3781/1777/1
f 1694/3770/1 3782/1773/1 2428/1776/1 350/3771/1
f 142/699/1 1552/1760/1 3782/1773/1 1694/3770/1
f 1552/1760/1 752/1759/1 2427/1774/1 3782/1773/1
f 1150/110/1 3783/1769/1 1176/1772/1 46/111/1
f 350/3771/1 2428/1776/1 3783/1769/1 1150/110/1
f 2428/1776/1 896/1775/1 2426/1770/1 3783/1769/1
f 2423/1762/1543 3784/1765/1543 2425/1768/1543 895/1763/1543
f 301/2815/1544 1645/428/1544 3784/1765/1544 2423/1762/1544
f 1645/428/1545 93/427/1545 2095/1766/1545 3784/1765/1545
f 1838/2006/1546 3785/1761/1546 2424/1764/1546 494/2007/1546
f 9/11/1547 1101/2816/1547 3785/1761/1547 1838/2006/1547
f 1101/2816/1548 301/2815/1548 2423/1762/1548 3785/1761/1548
f 1294/698/1549 3786/1757/1549 1552/1760/1549 142/699/1549
f 494/2007/1550 2424/1764/1550 3786/1757/1550 1294/698/1550
f 2424/1764/1551 895/1763/1551 2422/1758/1551 3786/1757/1551
f 2419/1750/1552 3787/1753/1552 2421/1756/1552 894/1751/1552
f 445/3499/1553 1789/200/1553 3787/1753/1553 2419/1750/1553
f 1789/200/1554 37/199/1554 1863/1754/1554 3787/1753/1554
f 2095/1766/1 3788/1749/1 2420/1752/1 751/1767/1
f 93/427/1555 1245/3500/1555 3788/1749/1555 2095/1766/1555
f 1245/3500/1556 445/3499/1556 2419/1750/1556 3788/1749/1556
f 1551/778/1 3789/1745/1 1553/1748/1 269/779/1
f 751/1767/1 2420/1752/1 3789/1745/1 1551/778/1
f 2420/1752/1 894/1751/1 2418/1746/1 3789/1745/1
f 2415/1738/1 3790/1741/1 2417/1744/1 893/1739/1
f 756/1723/1 2100/792/1 3790/1741/1 2415/1738/1
f 2100/792/1 270/791/1 2098/1742/1 3790/1741/1
f 1654/3950/1 3791/1737/1 2416/1740/1 310/3951/1
f 102/879/1 1556/1724/1 3791/1737/1 1654/3950/1
f 1556/1724/1 756/1723/1 2415/1738/1 3791/1737/1
f 1110/50/253 3792/1733/253 1128/1736/253 18/51/253
f 310/3951/303 2416/1740/303 3792/1733/303 1110/50/303
f 2416/1740/132 893/1739/132 2414/1734/132 3792/1733/132
f 2411/1726/1 3793/1729/1 2413/1732/1 892/1727/1
f 376/1771/1 1720/776/1 3793/1729/1 2411/1726/1
f 1720/776/1 168/775/1 2099/1730/1 3793/1729/1
f 1798/1466/1 3794/1725/1 2412/1728/1 454/1467/1
f 46/111/1 1176/1772/1 3794/1725/1 1798/1466/1
f 1176/1772/1 376/1771/1 2411/1726/1 3794/1725/1
f 1254/878/1 3795/1721/1 1556/1724/1 102/879/1
f 454/1467/1 2412/1728/1 3795/1721/1 1254/878/1
f 2412/1728/1 892/1727/1 2410/1722/1 3795/1721/1
f 2407/1714/1 3796/1717/1 2409/1720/1 891/1715/1
f 520/3847/1 1864/84/1 3796/1717/1 2407/1714/1
f 1864/84/1 67/83/1 1862/1718/1 3796/1717/1
f 2099/1730/1 3797/1713/1 2408/1716/1 755/1731/1
f 168/775/1 1320/3848/1 3797/1713/1 2099/1730/1
f 1320/3848/1 520/3847/1 2407/1714/1 3797/1713/1
f 1555/790/1 3798/1709/1 1557/1712/1 270/791/1
f 755/1731/1 2408/1716/1 3798/1709/1 1555/790/1
f 2408/1716/1 891/1715/1 2406/1710/1 3798/1709/1
f 2403/1702/1 3799/1705/1 2405/1708/1 890/1703/1
f 760/1687/1 2104/804/1 3799/1705/1 2403/1702/1
f 2104/804/1 271/803/1 2102/1706/1 3799/1705/1
f 1715/3890/271 3800/1701/271 2404/1704/271 371/3891/271
f 163/819/698 1560/1688/698 3800/1701/698 1715/3890/698
f 1560/1688/1 760/1687/1 2403/1702/1 3800/1701/1
f 1171/70/1 3801/1697/1 1173/1700/1 66/71/1
f 371/3891/596 2404/1704/596 3801/1697/596 1171/70/596
f 2404/1704/1 890/1703/1 2402/1698/1 3801/1697/1
f 2399/1690/1 3802/1693/1 2401/1696/1 889/1691/1
f 353/1159/952 1697/980/952 3802/1693/952 2399/1690/952
f 1697/980/1 145/979/1 2103/1694/1 3802/1693/1
f 1859/1646/1557 3803/1689/1557 2400/1692/1557 515/1647/1557
f 49/211/1558 1153/1160/1558 3803/1689/1558 1859/1646/1558
f 1153/1160/1559 353/1159/1559 2399/1690/1559 3803/1689/1559
f 1315/818/11 3804/1685/11 1560/1688/11 163/819/11
f 515/1647/702 2400/1692/702 3804/1685/702 1315/818/702
f 2400/1692/596 889/1691/596 2398/1686/596 3804/1685/596
f 2395/1678/1 3805/1681/1 2397/1684/1 888/1679/1
f 497/4051/1 1841/16/1 3805/1681/1 2395/1678/1
f 1841/16/1 7/15/1 1832/1682/1 3805/1681/1
f 2103/1694/1 3806/1677/1 2396/1680/1 759/1695/1
f 145/979/1 1297/4052/1 3806/1677/1 2103/1694/1
f 1297/4052/1 497/4051/1 2395/1678/1 3806/1677/1
f 1559/802/1 3807/1673/1 1561/1676/1 271/803/1
f 759/1695/1 2396/1680/1 3807/1673/1 1559/802/1
f 2396/1680/1 888/1679/1 2394/1674/1 3807/1673/1
f 2391/1666/272 3808/1669/272 2393/1672/272 887/1667/272
f 764/1651/1514 2108/816/1514 3808/1669/1514 2391/1666/1514
f 2108/816/944 272/815/944 2106/1670/944 3808/1669/944
f 1711/3842/264 3809/1665/264 2392/1668/264 367/3843/264
f 159/771/693 1564/1652/693 3809/1665/693 1711/3842/693
f 1564/1652/694 764/1651/694 2391/1666/694 3809/1665/694
f 1167/86/139 3810/1661/139 1172/1664/139 63/87/139
f 367/3843/1515 2392/1668/1515 3810/1661/1515 1167/86/1515
f 2392/1668/1560 887/1667/1560 2390/1662/1560 3810/1661/1560
f 2387/1654/1561 3811/1657/1561 2389/1660/1561 886/1655/1561
f 313/2923/1562 1657/392/1562 3811/1657/1562 2387/1654/1562
f 1657/392/1563 105/391/1563 2107/1658/1563 3811/1657/1563
f 1855/1790/1564 3812/1653/1564 2388/1656/1564 511/1791/1564
f 21/19/1565 1113/2924/1565 3812/1653/1565 1855/1790/1565
f 1113/2924/1566 313/2923/1566 2387/1654/1566 3812/1653/1566
f 1311/770/1567 3813/1649/1567 1564/1652/1567 159/771/1567
f 511/1791/1568 2388/1656/1568 3813/1649/1568 1311/770/1568
f 2388/1656/1569 886/1655/1569 2386/1650/1569 3813/1649/1569
f 2383/1642/1570 3814/1645/1570 2385/1648/1570 885/1643/1570
f 457/3463/1571 1801/212/1571 3814/1645/1571 2383/1642/1571
f 1801/212/1572 49/211/1572 1859/1646/1572 3814/1645/1572
f 2107/1658/1573 3815/1641/1573 2384/1644/1573 763/1659/1573
f 105/391/1574 1257/3464/1574 3815/1641/1574 2107/1658/1574
f 1257/3464/1575 457/3463/1575 2383/1642/1575 3815/1641/1575
f 1563/814/1576 3816/1637/1576 1565/1640/1576 272/815/1576
f 763/1659/1577 2384/1644/1577 3816/1637/1577 1563/814/1577
f 2384/1644/1578 885/1643/1578 2382/1638/1578 3816/1637/1578
f 2379/1630/273 3817/1633/273 2381/1636/273 884/1631/273
f 768/1615/703 2112/828/703 3817/1633/703 2379/1630/703
f 2112/828/704 273/827/704 2110/1634/704 3817/1633/704
f 1671/3926/272 3818/1629/272 2380/1632/272 327/3927/272
f 119/855/1514 1568/1616/1514 3818/1629/1514 1671/3926/1514
f 1568/1616/944 768/1615/944 2379/1630/944 3818/1629/944
f 1127/58/123 3819/1625/123 1129/1628/123 25/59/123
f 327/3927/1579 2380/1632/1579 3819/1625/1579 1127/58/1579
f 2380/1632/945 884/1631/945 2378/1626/945 3819/1625/945
f 2375/1618/274 3820/1621/274 2377/1624/274 883/1619/274
f 372/1663/944 1716/812/944 3820/1621/944 2375/1618/944
f 1716/812/703 164/811/703 2111/1622/703 3820/1621/703
f 1815/1538/281 3821/1617/281 2376/1620/281 471/1539/281
f 63/87/694 1172/1664/694 3821/1617/694 1815/1538/694
f 1172/1664/1514 372/1663/1514 2375/1618/1514 3821/1617/1514
f 1271/854/10 3822/1613/10 1568/1616/10 119/855/10
f 471/1539/1560 2376/1620/1560 3822/1613/1560 1271/854/1560
f 2376/1620/1579 883/1619/1579 2374/1614/1579 3822/1613/1579
f 2371/1606/595 3823/1609/595 2373/1612/595 882/1607/595
f 516/3883/700 1860/72/700 3823/1609/700 2371/1606/700
f 1860/72/698 66/71/698 1858/1610/698 3823/1609/698
f 2111/1622/275 3824/1605/275 2372/1608/275 767/1623/275
f 164/811/704 1316/3884/704 3824/1605/704 2111/1622/704
f 1316/3884/699 516/3883/699 2371/1606/699 3824/1605/699
f 1567/826/135 3825/1601/135 1569/1604/135 273/827/135
f 767/1623/706 2372/1608/706 3825/1601/706 1567/826/706
f 2372/1608/701 882/1607/701 2370/1602/701 3825/1601/701
f 2367/1594/1 3826/1597/1 2369/1600/1 881/1595/1
f 772/1579/1 2116/840/1 3826/1597/1 2367/1594/1
f 2116/840/1 274/839/1 2114/1598/1 3826/1597/1
f 1714/3902/1 3827/1593/1 2368/1596/1 370/3903/1
f 162/831/1 1572/1580/1 3827/1593/1 1714/3902/1
f 1572/1580/1 772/1579/1 2367/1594/1 3827/1593/1
f 1170/66/1 3828/1589/1 1169/1592/1 65/67/1
f 370/3903/1 2368/1596/1 3828/1589/1 1170/66/1
f 2368/1596/1 881/1595/1 2366/1590/1 3828/1589/1
f 2363/1582/1 3829/1585/1 2365/1588/1 880/1583/1
f 373/1699/1 1717/800/1 3829/1585/1 2363/1582/1
f 1717/800/1 165/799/1 2115/1586/1 3829/1585/1
f 1858/1610/1 3830/1581/1 2364/1584/1 514/1611/1
f 66/71/1 1173/1700/1 3830/1581/1 1858/1610/1
f 1173/1700/1 373/1699/1 2363/1582/1 3830/1581/1
f 1314/830/1 3831/1577/1 1572/1580/1 162/831/1
f 514/1611/1 2364/1584/1 3831/1577/1 1314/830/1
f 2364/1584/1 880/1583/1 2362/1578/1 3831/1577/1
f 2359/1570/1 3832/1573/1 2361/1576/1 879/1571/1
f 517/3871/1 1861/76/1 3832/1573/1 2359/1570/1
f 1861/76/1 40/75/1 1792/1574/1 3832/1573/1
f 2115/1586/1 3833/1569/1 2360/1572/1 771/1587/1
f 165/799/1 1317/3872/1 3833/1569/1 2115/1586/1
f 1317/3872/1 517/3871/1 2359/1570/1 3833/1569/1
f 1571/838/1 3834/1565/1 1573/1568/1 274/839/1
f 771/1587/1 2360/1572/1 3834/1565/1 1571/838/1
f 2360/1572/1 879/1571/1 2358/1566/1 3834/1565/1
f 2355/1558/267 3835/1561/267 2357/1564/267 878/1559/267
f 776/1543/129 2120/852/129 3835/1561/129 2355/1558/129
f 2120/852/707 275/851/707 2118/1562/707 3835/1561/707
f 1718/3866/266 3836/1557/266 2356/1560/266 374/3867/266
f 166/795/1 1576/1544/1 3836/1557/1 1718/3866/1
f 1576/1544/265 776/1543/265 2355/1558/265 3836/1557/265
f 1174/78/265 3837/1553/265 1168/1556/265 64/79/265
f 374/3867/265 2356/1560/265 3837/1553/265 1174/78/265
f 2356/1560/1580 878/1559/1580 2354/1554/1580 3837/1553/1580
f 2351/1546/268 3838/1549/268 2353/1552/268 877/1547/268
f 377/1807/265 1721/764/265 3838/1549/265 2351/1546/265
f 1721/764/129 169/763/129 2119/1550/129 3838/1549/129
f 1862/1718/1 3839/1545/1 2352/1548/1 518/1719/1
f 67/83/1 1177/1808/1 3839/1545/1 1862/1718/1
f 1177/1808/1 377/1807/1 2351/1546/1 3839/1545/1
f 1318/794/1 3840/1541/1 1576/1544/1 166/795/1
f 518/1719/1 2352/1548/1 3840/1541/1 1318/794/1
f 2352/1548/265 877/1547/265 2350/1542/265 3840/1541/265
f 2347/1534/594 3841/1537/594 2349/1540/594 876/1535/594
f 521/3835/695 1865/88/695 3841/1537/695 2347/1534/695
f 1865/88/693 63/87/693 1815/1538/693 3841/1537/693
f 2119/1550/269 3842/1533/269 2348/1536/269 775/1551/269
f 169/763/707 1321/3836/707 3842/1533/707 2119/1550/707
f 1321/3836/472 521/3835/472 2347/1534/472 3842/1533/472
f 1575/850/137 3843/1529/137 1577/1532/137 275/851/137
f 775/1551/709 2348/1536/709 3843/1529/709 1575/850/709
f 2348/1536/696 876/1535/696 2346/1530/696 3843/1529/696
f 2343/1522/1581 3844/1525/1581 2345/1528/1581 875/1523/1581
f 780/1507/1582 2124/864/1582 3844/1525/1582 2343/1522/1582
f 2124/864/1583 276/863/1583 2122/1526/1583 3844/1525/1583
f 1722/3830/1584 3845/1521/1584 2344/1524/1584 378/3831/1584
f 170/759/1585 1580/1508/1585 3845/1521/1585 1722/3830/1585
f 1580/1508/1586 780/1507/1586 2343/1522/1586 3845/1521/1586
f 1178/90/1 3846/1517/1 1137/1520/1 33/91/1
f 378/3831/596 2344/1524/596 3846/1517/596 1178/90/596
f 2344/1524/1 875/1523/1 2342/1518/1 3846/1517/1
f 2339/1510/1587 3847/1513/1587 2341/1516/1587 874/1511/1587
f 381/1915/1588 1725/728/1588 3847/1513/1588 2339/1510/1588
f 1725/728/1589 173/727/1589 2123/1514/1589 3847/1513/1589
f 1866/1826/1590 3848/1509/1590 2340/1512/1590 522/1827/1590
f 68/95/1591 1181/1916/1591 3848/1509/1591 1866/1826/1591
f 1181/1916/1592 381/1915/1592 2339/1510/1592 3848/1509/1592
f 1322/758/1593 3849/1505/1593 1580/1508/1593 170/759/1593
f 522/1827/1594 2340/1512/1594 3849/1505/1594 1322/758/1594
f 2340/1512/1595 874/1511/1595 2338/1506/1595 3849/1505/1595
f 2335/1498/1596 3850/1501/1596 2337/1504/1596 873/1499/1596
f 525/3799/1597 1869/100/1597 3850/1501/1597 2335/1498/1597
f 1869/100/1598 62/99/1598 1814/1502/1598 3850/1501/1598
f 2123/1514/1599 3851/1497/1599 2336/1500/1599 779/1515/1599
f 173/727/1600 1325/3800/1600 3851/1497/1600 2123/1514/1600
f 1325/3800/1601 525/3799/1601 2335/1498/1601 3851/1497/1601
f 1579/862/1602 3852/1493/1602 1581/1496/1602 276/863/1602
f 779/1515/1603 2336/1500/1603 3852/1493/1603 1579/862/1603
f 2336/1500/1604 873/1499/1604 2334/1494/1604 3852/1493/1604
f 2331/1486/306 3853/1489/306 2333/1492/306 872/1487/306
f 784/1471/283 2128/876/283 3853/1489/283 2331/1486/283
f 2128/876/303 277/875/303 2126/1490/303 3853/1489/303
f 1726/3794/305 3854/1485/305 2332/1488/305 382/3795/305
f 174/723/306 1584/1472/306 3854/1485/306 1726/3794/306
f 1584/1472/253 784/1471/253 2331/1486/253 3854/1485/253
f 1182/102/304 3855/1481/304 1165/1484/304 61/103/304
f 382/3795/125 2332/1488/125 3855/1481/125 1182/102/125
f 2332/1488/142 872/1487/142 2330/1482/142 3855/1481/142
f 2327/1474/1605 3856/1477/1605 2329/1480/1605 871/1475/1605
f 385/2023/1606 1729/692/1606 3856/1477/1606 2327/1474/1606
f 1729/692/1607 177/691/1607 2127/1478/1607 3856/1477/1607
f 1870/1934/1608 3857/1473/1608 2328/1476/1608 526/1935/1608
f 69/107/1609 1185/2024/1609 3857/1473/1609 1870/1934/1609
f 1185/2024/1610 385/2023/1610 2327/1474/1610 3857/1473/1610
f 1326/722/1611 3858/1469/1611 1584/1472/1611 174/723/1611
f 526/1935/1612 2328/1476/1612 3858/1469/1612 1326/722/1612
f 2328/1476/1613 871/1475/1613 2326/1470/1613 3858/1469/1613
f 2323/1462/1614 3859/1465/1614 2325/1468/1614 870/1463/1614
f 529/3763/1615 1873/112/1615 3859/1465/1615 2323/1462/1615
f 1873/112/1 46/111/1 1798/1466/1 3859/1465/1
f 2127/1478/1616 3860/1461/1616 2324/1464/1616 783/1479/1616
f 177/691/1617 1329/3764/1617 3860/1461/1617 2127/1478/1617
f 1329/3764/1618 529/3763/1618 2323/1462/1618 3860/1461/1618
f 1583/874/1 3861/1457/1 1585/1460/1 277/875/1
f 783/1479/1619 2324/1464/1619 3861/1457/1619 1583/874/1619
f 2324/1464/1614 870/1463/1614 2322/1458/1614 3861/1457/1614
f 2319/1450/1 3862/1453/1 2321/1456/1 869/1451/1
f 788/1435/1 2132/888/1 3862/1453/1 2319/1450/1
f 2132/888/1620 278/887/1620 2130/1454/1620 3862/1453/1620
f 1730/3758/1 3863/1449/1 2320/1452/1 386/3759/1
f 178/687/1 1588/1436/1 3863/1449/1 1730/3758/1
f 1588/1436/1 788/1435/1 2319/1450/1 3863/1449/1
f 1186/114/1 3864/1445/1 1164/1448/1 60/115/1
f 386/3759/1 2320/1452/1 3864/1445/1 1186/114/1
f 2320/1452/1 869/1451/1 2318/1446/1 3864/1445/1
f 2315/1438/379 3865/1441/379 2317/1444/379 868/1439/379
f 389/2131/379 1733/656/379 3865/1441/379 2315/1438/379
f 1733/656/245 181/655/245 2131/1442/245 3865/1441/245
f 1874/2042/1 3866/1437/1 2316/1440/1 530/2043/1
f 70/119/1 1189/2132/1 3866/1437/1 1874/2042/1
f 1189/2132/1 389/2131/1 2315/1438/1 3866/1437/1
f 1330/686/1 3867/1433/1 1588/1436/1 178/687/1
f 530/2043/1 2316/1440/1 3867/1433/1 1330/686/1
f 2316/1440/1 868/1439/1 2314/1434/1 3867/1433/1
f 2311/1426/1621 3868/1429/1621 2313/1432/1621 867/1427/1621
f 533/3727/1621 1877/124/1621 3868/1429/1621 2311/1426/1621
f 1877/124/244 59/123/244 1811/1430/244 3868/1429/244
f 2131/1442/1622 3869/1425/1622 2312/1428/1622 787/1443/1622
f 181/655/1622 1333/3728/1622 3869/1425/1622 2131/1442/1622
f 1333/3728/243 533/3727/243 2311/1426/243 3869/1425/243
f 1587/886/1623 3870/1421/1623 1589/1424/1623 278/887/1623
f 787/1443/1624 2312/1428/1624 3870/1421/1624 1587/886/1624
f 2312/1428/1625 867/1427/1625 2310/1422/1625 3870/1421/1625
f 2307/1414/1 3871/1417/1 2309/1420/1 866/1415/1
f 792/1399/1 2136/900/1 3871/1417/1 2307/1414/1
f 2136/900/1 279/899/1 2134/1418/1 3871/1417/1
f 1734/3722/1 3872/1413/1 2308/1416/1 390/3723/1
f 182/651/1 1592/1400/1 3872/1413/1 1734/3722/1
f 1592/1400/1 792/1399/1 2307/1414/1 3872/1413/1
f 1190/126/1 3873/1409/1 1133/1412/1 29/127/1
f 390/3723/1 2308/1416/1 3873/1409/1 1190/126/1
f 2308/1416/1 866/1415/1 2306/1410/1 3873/1409/1
f 2303/1402/1 3874/1405/1 2305/1408/1 865/1403/1
f 393/2239/1 1737/620/1 3874/1405/1 2303/1402/1
f 1737/620/1 185/619/1 2135/1406/1 3874/1405/1
f 1878/2150/1 3875/1401/1 2304/1404/1 534/2151/1
f 71/131/1 1193/2240/1 3875/1401/1 1878/2150/1
f 1193/2240/1 393/2239/1 2303/1402/1 3875/1401/1
f 1334/650/1 3876/1397/1 1592/1400/1 182/651/1
f 534/2151/1 2304/1404/1 3876/1397/1 1334/650/1
f 2304/1404/1 865/1403/1 2302/1398/1 3876/1397/1
f 2299/1390/1 3877/1393/1 2301/1396/1 864/1391/1
f 537/3691/1 1881/136/1 3877/1393/1 2299/1390/1
f 1881/136/1 58/135/1 1810/1394/1 3877/1393/1
f 2135/1406/1 3878/1389/1 2300/1392/1 791/1407/1
f 185/619/1 1337/3692/1 3878/1389/1 2135/1406/1
f 1337/3692/1 537/3691/1 2299/1390/1 3878/1389/1
f 1591/898/1 3879/1385/1 1593/1388/1 279/899/1
f 791/1407/1 2300/1392/1 3879/1385/1 1591/898/1
f 2300/1392/1 864/1391/1 2298/1386/1 3879/1385/1
f 2295/1378/1626 3880/1381/1626 2297/1384/1626 863/1379/1626
f 796/1363/1627 2140/912/1627 3880/1381/1627 2295/1378/1627
f 2140/912/1628 280/911/1628 2138/1382/1628 3880/1381/1628
f 1738/3686/1629 3881/1377/1629 2296/1380/1629 394/3687/1629
f 186/615/1630 1596/1364/1630 3881/1377/1630 1738/3686/1630
f 1596/1364/1631 796/1363/1631 2295/1378/1631 3881/1377/1631
f 1194/138/1632 3882/1373/1632 1161/1376/1632 57/139/1632
f 394/3687/1633 2296/1380/1633 3882/1373/1633 1194/138/1633
f 2296/1380/1634 863/1379/1634 2294/1374/1634 3882/1373/1634
f 2291/1366/1635 3883/1369/1635 2293/1372/1635 862/1367/1635
f 397/2347/1636 1741/584/1636 3883/1369/1636 2291/1366/1636
f 1741/584/1637 189/583/1637 2139/1370/1637 3883/1369/1637
f 1882/2258/1638 3884/1365/1638 2292/1368/1638 538/2259/1638
f 72/143/1639 1197/2348/1639 3884/1365/1639 1882/2258/1639
f 1197/2348/1640 397/2347/1640 2291/1366/1640 3884/1365/1640
f 1338/614/1641 3885/1361/1641 1596/1364/1641 186/615/1641
f 538/2259/1642 2292/1368/1642 3885/1361/1642 1338/614/1642
f 2292/1368/1643 862/1367/1643 2290/1362/1643 3885/1361/1643
f 2287/1354/1644 3886/1357/1644 2289/1360/1644 861/1355/1644
f 541/3655/1645 1885/148/1645 3886/1357/1645 2287/1354/1645
f 1885/148/1646 47/147/1646 1799/1358/1646 3886/1357/1646
f 2139/1370/1647 3887/1353/1647 2288/1356/1647 795/1371/1647
f 189/583/1648 1341/3656/1648 3887/1353/1648 2139/1370/1648
f 1341/3656/1649 541/3655/1649 2287/1354/1649 3887/1353/1649
f 1595/910/1650 3888/1349/1650 1597/1352/1650 280/911/1650
f 795/1371/1651 2288/1356/1651 3888/1349/1651 1595/910/1651
f 2288/1356/1652 861/1355/1652 2286/1350/1652 3888/1349/1652
f 2283/1342/1653 3889/1345/1653 2285/1348/1653 860/1343/1653
f 800/1327/1654 2144/924/1654 3889/1345/1654 2283/1342/1654
f 2144/924/1655 281/923/1655 2142/1346/1655 3889/1345/1655
f 1742/3650/1656 3890/1341/1656 2284/1344/1656 398/3651/1656
f 190/579/1657 1600/1328/1657 3890/1341/1657 1742/3650/1657
f 1600/1328/1658 800/1327/1658 2283/1342/1658 3890/1341/1658
f 1198/150/1659 3891/1337/1659 1160/1340/1659 56/151/1659
f 398/3651/1660 2284/1344/1660 3891/1337/1660 1198/150/1660
f 2284/1344/1661 860/1343/1661 2282/1338/1661 3891/1337/1661
f 2279/1330/1662 3892/1333/1662 2281/1336/1662 859/1331/1662
f 401/2455/228 1745/548/228 3892/1333/228 2279/1330/228
f 1745/548/1663 193/547/1663 2143/1334/1663 3892/1333/1663
f 1886/2366/1664 3893/1329/1664 2280/1332/1664 542/2367/1664
f 73/155/373 1201/2456/373 3893/1329/373 1886/2366/373
f 1201/2456/1665 401/2455/1665 2279/1330/1665 3893/1329/1665
f 1342/578/1666 3894/1325/1666 1600/1328/1666 190/579/1666
f 542/2367/1667 2280/1332/1667 3894/1325/1667 1342/578/1667
f 2280/1332/1668 859/1331/1668 2278/1326/1668 3894/1325/1668
f 2275/1318/1669 3895/1321/1669 2277/1324/1669 858/1319/1669
f 545/3619/362 1889/160/362 3895/1321/362 2275/1318/362
f 1889/160/1670 55/159/1670 1807/1322/1670 3895/1321/1670
f 2143/1334/1671 3896/1317/1671 2276/1320/1671 799/1335/1671
f 193/547/1672 1345/3620/1672 3896/1317/1672 2143/1334/1672
f 1345/3620/1673 545/3619/1673 2275/1318/1673 3896/1317/1673
f 1599/922/1674 3897/1313/1674 1601/1316/1674 281/923/1674
f 799/1335/149 2276/1320/149 3897/1313/149 1599/922/149
f 2276/1320/1675 858/1319/1675 2274/1314/1675 3897/1313/1675
f 2271/1306/1676 3898/1309/1676 2273/1312/1676 857/1307/1676
f 804/1291/1677 2148/936/1677 3898/1309/1677 2271/1306/1677
f 2148/936/1678 282/935/1678 2146/1310/1678 3898/1309/1678
f 1746/3614/1679 3899/1305/1679 2272/1308/1679 402/3615/1679
f 194/543/1680 1604/1292/1680 3899/1305/1680 1746/3614/1680
f 1604/1292/1681 804/1291/1681 2271/1306/1681 3899/1305/1681
f 1202/162/1682 3900/1301/1682 1140/1304/1682 36/163/1682
f 402/3615/1683 2272/1308/1683 3900/1301/1683 1202/162/1683
f 2272/1308/1684 857/1307/1684 2270/1302/1684 3900/1301/1684
f 2267/1294/1685 3901/1297/1685 2269/1300/1685 856/1295/1685
f 405/2563/1686 1749/512/1686 3901/1297/1686 2267/1294/1686
f 1749/512/1687 197/511/1687 2147/1298/1687 3901/1297/1687
f 1890/2474/1688 3902/1293/1688 2268/1296/1688 546/2475/1688
f 74/167/1689 1205/2564/1689 3902/1293/1689 1890/2474/1689
f 1205/2564/1690 405/2563/1690 2267/1294/1690 3902/1293/1690
f 1346/542/1691 3903/1289/1691 1604/1292/1691 194/543/1691
f 546/2475/1692 2268/1296/1692 3903/1289/1692 1346/542/1692
f 2268/1296/1693 856/1295/1693 2266/1290/1693 3903/1289/1693
f 2263/1282/1694 3904/1285/1694 2265/1288/1694 855/1283/1694
f 549/3583/1695 1893/172/1695 3904/1285/1695 2263/1282/1695
f 1893/172/1696 54/171/1696 1806/1286/1696 3904/1285/1696
f 2147/1298/1697 3905/1281/1697 2264/1284/1697 803/1299/1697
f 197/511/1698 1349/3584/1698 3905/1281/1698 2147/1298/1698
f 1349/3584/1699 549/3583/1699 2263/1282/1699 3905/1281/1699
f 1603/934/1700 3906/1277/1700 1605/1280/1700 282/935/1700
f 803/1299/1701 2264/1284/1701 3906/1277/1701 1603/934/1701
f 2264/1284/1702 855/1283/1702 2262/1278/1702 3906/1277/1702
f 2259/1270/1703 3907/1273/1703 2261/1276/1703 854/1271/1703
f 808/1255/1704 2152/948/1704 3907/1273/1704 2259/1270/1704
f 2152/948/1705 283/947/1705 2150/1274/1705 3907/1273/1705
f 1750/3578/1706 3908/1269/1706 2260/1272/1706 406/3579/1706
f 198/507/1707 1608/1256/1707 3908/1269/1707 1750/3578/1707
f 1608/1256/1708 808/1255/1708 2259/1270/1708 3908/1269/1708
f 1206/174/1709 3909/1265/1709 1157/1268/1709 53/175/1709
f 406/3579/1710 2260/1272/1710 3909/1265/1710 1206/174/1710
f 2260/1272/1711 854/1271/1711 2258/1266/1711 3909/1265/1711
f 2255/1258/1712 3910/1261/1712 2257/1264/1712 853/1259/1712
f 409/2671/1713 1753/476/1713 3910/1261/1713 2255/1258/1713
f 1753/476/1714 201/475/1714 2151/1262/1714 3910/1261/1714
f 1894/2582/1715 3911/1257/1715 2256/1260/1715 550/2583/1715
f 75/179/1716 1209/2672/1716 3911/1257/1716 1894/2582/1716
f 1209/2672/1717 409/2671/1717 2255/1258/1717 3911/1257/1717
f 1350/506/1718 3912/1253/1718 1608/1256/1718 198/507/1718
f 550/2583/1719 2256/1260/1719 3912/1253/1719 1350/506/1719
f 2256/1260/1720 853/1259/1720 2254/1254/1720 3912/1253/1720
f 2251/1246/1 3913/1249/1 2253/1252/1 852/1247/1
f 553/3547/1 1897/184/1 3913/1249/1 2251/1246/1
f 1897/184/1 44/183/1 1796/1250/1 3913/1249/1
f 2151/1262/1721 3914/1245/1721 2252/1248/1721 807/1263/1721
f 201/475/1280 1353/3548/1280 3914/1245/1280 2151/1262/1280
f 1353/3548/1 553/3547/1 2251/1246/1 3914/1245/1
f 1607/946/1722 3915/1241/1722 1609/1244/1722 283/947/1722
f 807/1263/1723 2252/1248/1723 3915/1241/1723 1607/946/1723
f 2252/1248/1724 852/1247/1724 2250/1242/1724 3915/1241/1724
f 2247/1234/648 3916/1237/648 2249/1240/648 851/1235/648
f 812/1219/1725 2156/960/1725 3916/1237/1725 2247/1234/1725
f 2156/960/1726 284/959/1726 2154/1238/1726 3916/1237/1726
f 1754/3542/1727 3917/1233/1727 2248/1236/1727 410/3543/1727
f 202/471/1728 1612/1220/1728 3917/1233/1728 1754/3542/1728
f 1612/1220/1729 812/1219/1729 2247/1234/1729 3917/1233/1729
f 1210/186/1730 3918/1229/1730 1156/1232/1730 52/187/1730
f 410/3543/1731 2248/1236/1731 3918/1229/1731 1210/186/1731
f 2248/1236/1732 851/1235/1732 2246/1230/1732 3918/1229/1732
f 2243/1222/1733 3919/1225/1733 2245/1228/1733 850/1223/1733
f 413/2779/1734 1757/440/1734 3919/1225/1734 2243/1222/1734
f 1757/440/1735 205/439/1735 2155/1226/1735 3919/1225/1735
f 1898/2690/1736 3920/1221/1736 2244/1224/1736 554/2691/1736
f 76/191/1737 1213/2780/1737 3920/1221/1737 1898/2690/1737
f 1213/2780/1738 413/2779/1738 2243/1222/1738 3920/1221/1738
f 1354/470/1739 3921/1217/1739 1612/1220/1739 202/471/1739
f 554/2691/1740 2244/1224/1740 3921/1217/1740 1354/470/1740
f 2244/1224/1741 850/1223/1741 2242/1218/1741 3921/1217/1741
f 2239/1210/1742 3922/1213/1742 2241/1216/1742 849/1211/1742
f 557/3511/1743 1901/196/1743 3922/1213/1743 2239/1210/1743
f 1901/196/1744 51/195/1744 1803/1214/1744 3922/1213/1744
f 2155/1226/1745 3923/1209/1745 2240/1212/1745 811/1227/1745
f 205/439/1746 1357/3512/1746 3923/1209/1746 2155/1226/1746
f 1357/3512/1747 557/3511/1747 2239/1210/1747 3923/1209/1747
f 1611/958/1748 3924/1205/1748 1613/1208/1748 284/959/1748
f 811/1227/1749 2240/1212/1749 3924/1205/1749 1611/958/1749
f 2240/1212/1750 849/1211/1750 2238/1206/1750 3924/1205/1750
f 2235/1198/1751 3925/1201/1751 2237/1204/1751 848/1199/1751
f 816/1183/1752 2160/972/1752 3925/1201/1752 2235/1198/1752
f 2160/972/1753 285/971/1753 2158/1202/1753 3925/1201/1753
f 1758/3506/1754 3926/1197/1754 2236/1200/1754 414/3507/1754
f 206/435/1755 1616/1184/1755 3926/1197/1755 1758/3506/1755
f 1616/1184/1756 816/1183/1756 2235/1198/1756 3926/1197/1756
f 1214/198/1757 3927/1193/1757 1141/1196/1757 37/199/1757
f 414/3507/1758 2236/1200/1758 3927/1193/1758 1214/198/1758
f 2236/1200/1759 848/1199/1759 2234/1194/1759 3927/1193/1759
f 2231/1186/1760 3928/1189/1760 2233/1192/1760 847/1187/1760
f 417/2887/1761 1761/404/1761 3928/1189/1761 2231/1186/1761
f 1761/404/1762 209/403/1762 2159/1190/1762 3928/1189/1762
f 1902/2798/1763 3929/1185/1763 2232/1188/1763 558/2799/1763
f 77/203/1764 1217/2888/1764 3929/1185/1764 1902/2798/1764
f 1217/2888/1765 417/2887/1765 2231/1186/1765 3929/1185/1765
f 1358/434/1766 3930/1181/1766 1616/1184/1766 206/435/1766
f 558/2799/1767 2232/1188/1767 3930/1181/1767 1358/434/1767
f 2232/1188/1768 847/1187/1768 2230/1182/1768 3930/1181/1768
f 2227/1174/1769 3931/1177/1769 2229/1180/1769 846/1175/1769
f 561/3475/1770 1905/208/1770 3931/1177/1770 2227/1174/1770
f 1905/208/1771 50/207/1771 1802/1178/1771 3931/1177/1771
f 2159/1190/1772 3932/1173/1772 2228/1176/1772 815/1191/1772
f 209/403/1773 1361/3476/1773 3932/1173/1773 2159/1190/1773
f 1361/3476/1774 561/3475/1774 2227/1174/1774 3932/1173/1774
f 1615/970/1775 3933/1169/1775 1617/1172/1775 285/971/1775
f 815/1191/1776 2228/1176/1776 3933/1169/1776 1615/970/1776
f 2228/1176/1777 846/1175/1777 2226/1170/1777 3933/1169/1777
f 2223/1162/1778 3934/1165/1778 2225/1168/1778 845/1163/1778
f 820/1147/1779 2164/984/1779 3934/1165/1779 2223/1162/1779
f 2164/984/1780 286/983/1780 2162/1166/1780 3934/1165/1780
f 1762/3470/1781 3935/1161/1781 2224/1164/1781 418/3471/1781
f 210/399/1782 1620/1148/1782 3935/1161/1782 1762/3470/1782
f 1620/1148/1783 820/1147/1783 2223/1162/1783 3935/1161/1783
f 1218/210/1784 3936/1157/1784 1153/1160/1784 49/211/1784
f 418/3471/1785 2224/1164/1785 3936/1157/1785 1218/210/1785
f 2224/1164/1786 845/1163/1786 2222/1158/1786 3936/1157/1786
f 2219/1150/1787 3937/1153/1787 2221/1156/1787 844/1151/1787
f 421/2995/1788 1765/368/1788 3937/1153/1788 2219/1150/1788
f 1765/368/1789 213/367/1789 2163/1154/1789 3937/1153/1789
f 1906/2906/1790 3938/1149/1790 2220/1152/1790 562/2907/1790
f 78/215/1791 1221/2996/1791 3938/1149/1791 1906/2906/1791
f 1221/2996/1792 421/2995/1792 2219/1150/1792 3938/1149/1792
f 1362/398/1793 3939/1145/1793 1620/1148/1793 210/399/1793
f 562/2907/1794 2220/1152/1794 3939/1145/1794 1362/398/1794
f 2220/1152/1795 844/1151/1795 2218/1146/1795 3939/1145/1795
f 2215/1138/1796 3940/1141/1796 2217/1144/1796 843/1139/1796
f 565/3439/1797 1909/220/1797 3940/1141/1797 2215/1138/1797
f 1909/220/1 32/219/1 1784/1142/1 3940/1141/1
f 2163/1154/1798 3941/1137/1798 2216/1140/1798 819/1155/1798
f 213/367/1799 1365/3440/1799 3941/1137/1799 2163/1154/1799
f 1365/3440/1800 565/3439/1800 2215/1138/1800 3941/1137/1800
f 1619/982/1801 3942/1133/1801 1621/1136/1801 286/983/1801
f 819/1155/1802 2216/1140/1802 3942/1133/1802 1619/982/1802
f 2216/1140/1803 843/1139/1803 2214/1134/1803 3942/1133/1803
f 2211/1126/1804 3943/1129/1804 2213/1132/1804 842/1127/1804
f 824/1111/1805 2168/996/1805 3943/1129/1805 2211/1126/1805
f 2168/996/1806 287/995/1806 2166/1130/1806 3943/1129/1806
f 1766/3434/1807 3944/1125/1807 2212/1128/1807 422/3435/1807
f 214/363/1808 1624/1112/1808 3944/1125/1808 1766/3434/1808
f 1624/1112/1809 824/1111/1809 2211/1126/1809 3944/1125/1809
f 1222/222/1810 3945/1121/1810 1152/1124/1810 48/223/1810
f 422/3435/1811 2212/1128/1811 3945/1121/1811 1222/222/1811
f 2212/1128/1812 842/1127/1812 2210/1122/1812 3945/1121/1812
f 2207/1114/1813 3946/1117/1813 2209/1120/1813 841/1115/1813
f 425/3103/1814 1769/332/1814 3946/1117/1814 2207/1114/1814
f 1769/332/1815 217/331/1815 2167/1118/1815 3946/1117/1815
f 1910/3014/1816 3947/1113/1816 2208/1116/1816 566/3015/1816
f 79/227/1817 1225/3104/1817 3947/1113/1817 1910/3014/1817
f 1225/3104/1818 425/3103/1818 2207/1114/1818 3947/1113/1818
f 1366/362/1819 3948/1109/1819 1624/1112/1819 214/363/1819
f 566/3015/1820 2208/1116/1820 3948/1109/1820 1366/362/1820
f 2208/1116/1821 841/1115/1821 2206/1110/1821 3948/1109/1821
f 2203/1102/1822 3949/1105/1822 2205/1108/1822 840/1103/1822
f 569/3403/1823 1913/232/1823 3949/1105/1823 2203/1102/1823
f 1913/232/1824 35/231/1824 1787/1106/1824 3949/1105/1824
f 2167/1118/1825 3950/1101/1825 2204/1104/1825 823/1119/1825
f 217/331/1826 1369/3404/1826 3950/1101/1826 2167/1118/1826
f 1369/3404/1827 569/3403/1827 2203/1102/1827 3950/1101/1827
f 1623/994/1828 3951/1097/1828 1625/1100/1828 287/995/1828
f 823/1119/1829 2204/1104/1829 3951/1097/1829 1623/994/1829
f 2204/1104/1830 840/1103/1830 2202/1098/1830 3951/1097/1830
f 2199/1090/1 3952/1093/1 2201/1096/1 839/1091/1
f 828/1075/1 2172/1008/1 3952/1093/1 2199/1090/1
f 2172/1008/1 288/1007/1 2170/1094/1 3952/1093/1
f 1770/3398/1 3953/1089/1 2200/1092/1 426/3399/1
f 218/327/1 1628/1076/1 3953/1089/1 1770/3398/1
f 1628/1076/1 828/1075/1 2199/1090/1 3953/1089/1
f 1226/234/1 3954/1085/1 1145/1088/1 41/235/1
f 426/3399/1 2200/1092/1 3954/1085/1 1226/234/1
f 2200/1092/1 839/1091/1 2198/1086/1 3954/1085/1
f 2195/1078/1518 3955/1081/1518 2197/1084/1518 838/1079/1518
f 429/3211/297 1773/296/297 3955/1081/297 2195/1078/297
f 1773/296/1831 221/295/1831 2171/1082/1831 3955/1081/1831
f 1914/3122/168 3956/1077/168 2196/1080/168 570/3123/168
f 80/239/167 1229/3212/167 3956/1077/167 1914/3122/167
f 1229/3212/41 429/3211/41 2195/1078/41 3956/1077/41
f 1370/326/1 3957/1073/1 1628/1076/1 218/327/1
f 570/3123/1 2196/1080/1 3957/1073/1 1370/326/1
f 2196/1080/48 838/1079/48 2194/1074/48 3957/1073/48
f 2191/1066/512 3958/1069/512 2193/1072/512 837/1067/512
f 573/3367/520 1917/244/520 3958/1069/520 2191/1066/520
f 1917/244/298 34/243/298 1786/1070/298 3958/1069/298
f 2171/1082/1832 3959/1065/1832 2192/1068/1832 827/1083/1832
f 221/295/127 1373/3368/127 3959/1065/127 2171/1082/127
f 1373/3368/1833 573/3367/1833 2191/1066/1833 3959/1065/1833
f 1627/1006/48 3960/1061/48 1629/1064/48 288/1007/48
f 827/1083/1834 2192/1068/1834 3960/1061/1834 1627/1006/1834
f 2192/1068/167 837/1067/167 2190/1062/167 3960/1061/167
f 2187/1054/1 3961/1057/1 2189/1060/1 836/1055/1
f 832/1039/1 2176/1020/1 3961/1057/1 2187/1054/1
f 2176/1020/1 289/1019/1 2174/1058/1 3961/1057/1
f 1774/3362/1 3962/1053/1 2188/1056/1 430/3363/1
f 222/291/1 1632/1040/1 3962/1053/1 1774/3362/1
f 1632/1040/1 832/1039/1 2187/1054/1 3962/1053/1
f 1230/246/1 3963/1049/1 1149/1052/1 45/247/1
f 430/3363/1 2188/1056/1 3963/1049/1 1230/246/1
f 2188/1056/1 836/1055/1 2186/1050/1 3963/1049/1
f 2183/1042/1 3964/1045/1 2185/1048/1 835/1043/1
f 433/3319/1 1777/260/1 3964/1045/1 2183/1042/1
f 1777/260/1 225/259/1 2175/1046/1 3964/1045/1
f 1918/3230/1 3965/1041/1 2184/1044/1 574/3231/1
f 81/251/1 1233/3320/1 3965/1041/1 1918/3230/1
f 1233/3320/1 433/3319/1 2183/1042/1 3965/1041/1
f 1374/290/1 3966/1037/1 1632/1040/1 222/291/1
f 574/3231/1 2184/1044/1 3966/1037/1 1374/290/1
f 2184/1044/1 835/1043/1 2182/1038/1 3966/1037/1
f 2179/1030/1 3967/1033/1 2181/1036/1 834/1031/1
f 577/3331/1 1921/256/1 3967/1033/1 2179/1030/1
f 1921/256/1 28/255/1 1780/1034/1 3967/1033/1
f 2175/1046/1 3968/1029/1 2180/1032/1 831/1047/1
f 225/259/1 1377/3332/1 3968/1029/1 2175/1046/1
f 1377/3332/1 577/3331/1 2179/1030/1 3968/1029/1
f 1631/1018/1 3969/1025/1 1633/1028/1 289/1019/1
f 831/1047/1 2180/1032/1 3969/1025/1 1631/1018/1
f 2180/1032/1 834/1031/1 2178/1026/1 3969/1025/1
f 2178/1026/1 3970/1021/1 2177/1024/1 833/1027/1
f 834/1031/1 2181/1036/1 3970/1021/1 2178/1026/1
f 2181/1036/1 436/1035/1 1236/1022/1 3970/1021/1
f 2182/1038/1 3971/1017/1 2176/1020/1 832/1039/1
f 835/1043/1 2185/1048/1 3971/1017/1 2182/1038/1
f 2185/1048/1 831/1047/1 1631/1018/1 3971/1017/1
f 2186/1050/1 3972/1013/1 1693/1016/1 349/1051/1
f 836/1055/1 2189/1060/1 3972/1013/1 2186/1050/1
f 2189/1060/1 830/1059/1 1630/1014/1 3972/1013/1
f 2190/1062/171 3973/1009/171 2173/1012/171 829/1063/171
f 837/1067/41 2193/1072/41 3973/1009/41 2190/1062/41
f 2193/1072/169 442/1071/169 1242/1010/169 3973/1009/169
f 2194/1074/1 3974/1005/1 2172/1008/1 828/1075/1
f 838/1079/300 2197/1084/300 3974/1005/300 2194/1074/300
f 2197/1084/1516 827/1083/1516 1627/1006/1516 3974/1005/1516
f 2198/1086/1 3975/1001/1 1689/1004/1 345/1087/1
f 839/1091/1 2201/1096/1 3975/1001/1 2198/1086/1
f 2201/1096/1 826/1095/1 1626/1002/1 3975/1001/1
f 2202/1098/1835 3976/997/1835 2169/1000/1835 825/1099/1835
f 840/1103/1836 2205/1108/1836 3976/997/1836 2202/1098/1836
f 2205/1108/1837 443/1107/1837 1243/998/1837 3976/997/1837
f 2206/1110/1838 3977/993/1838 2168/996/1838 824/1111/1838
f 841/1115/1839 2209/1120/1839 3977/993/1839 2206/1110/1839
f 2209/1120/1840 823/1119/1840 1623/994/1840 3977/993/1840
f 2210/1122/1841 3978/989/1841 1696/992/1841 352/1123/1841
f 842/1127/1842 2213/1132/1842 3978/989/1842 2210/1122/1842
f 2213/1132/1843 822/1131/1843 1622/990/1843 3978/989/1843
f 2214/1134/1 3979/985/1 2165/988/1 821/1135/1
f 843/1139/1844 2217/1144/1844 3979/985/1844 2214/1134/1844
f 2217/1144/1 440/1143/1 1240/986/1 3979/985/1
f 2218/1146/1845 3980/981/1845 2164/984/1845 820/1147/1845
f 844/1151/1846 2221/1156/1846 3980/981/1846 2218/1146/1846
f 2221/1156/1847 819/1155/1847 1619/982/1847 3980/981/1847
f 2222/1158/1848 3981/977/1848 1697/980/1848 353/1159/1848
f 845/1163/1849 2225/1168/1849 3981/977/1849 2222/1158/1849
f 2225/1168/1850 818/1167/1850 1618/978/1850 3981/977/1850
f 2226/1170/1851 3982/973/1851 2161/976/1851 817/1171/1851
f 846/1175/1852 2229/1180/1852 3982/973/1852 2226/1170/1852
f 2229/1180/1853 458/1179/1853 1258/974/1853 3982/973/1853
f 2230/1182/1854 3983/969/1854 2160/972/1854 816/1183/1854
f 847/1187/1855 2233/1192/1855 3983/969/1855 2230/1182/1855
f 2233/1192/1856 815/1191/1856 1615/970/1856 3983/969/1856
f 2234/1194/1857 3984/965/1857 1685/968/1857 341/1195/1857
f 848/1199/1858 2237/1204/1858 3984/965/1858 2234/1194/1858
f 2237/1204/1859 814/1203/1859 1614/966/1859 3984/965/1859
f 2238/1206/1860 3985/961/1860 2157/964/1860 813/1207/1860
f 849/1211/1861 2241/1216/1861 3985/961/1861 2238/1206/1861
f 2241/1216/1862 459/1215/1862 1259/962/1862 3985/961/1862
f 2242/1218/1863 3986/957/1863 2156/960/1863 812/1219/1863
f 850/1223/1864 2245/1228/1864 3986/957/1864 2242/1218/1864
f 2245/1228/1865 811/1227/1865 1611/958/1865 3986/957/1865
f 2246/1230/449 3987/953/449 1700/956/449 356/1231/449
f 851/1235/647 2249/1240/647 3987/953/647 2246/1230/647
f 2249/1240/611 810/1239/611 1610/954/611 3987/953/611
f 2250/1242/1 3988/949/1 2153/952/1 809/1243/1
f 852/1247/1 2253/1252/1 3988/949/1 2250/1242/1
f 2253/1252/1 452/1251/1 1252/950/1 3988/949/1
f 2254/1254/1866 3989/945/1866 2152/948/1866 808/1255/1866
f 853/1259/1867 2257/1264/1867 3989/945/1867 2254/1254/1867
f 2257/1264/1868 807/1263/1868 1607/946/1868 3989/945/1868
f 2258/1266/1869 3990/941/1869 1701/944/1869 357/1267/1869
f 854/1271/1870 2261/1276/1870 3990/941/1870 2258/1266/1870
f 2261/1276/1871 806/1275/1871 1606/942/1871 3990/941/1871
f 2262/1278/1872 3991/937/1872 2149/940/1872 805/1279/1872
f 855/1283/1873 2265/1288/1873 3991/937/1873 2262/1278/1873
f 2265/1288/1874 462/1287/1874 1262/938/1874 3991/937/1874
f 2266/1290/1875 3992/933/1875 2148/936/1875 804/1291/1875
f 856/1295/1876 2269/1300/1876 3992/933/1876 2266/1290/1876
f 2269/1300/1877 803/1299/1877 1603/934/1877 3992/933/1877
f 2270/1302/1878 3993/929/1878 1684/932/1878 340/1303/1878
f 857/1307/1879 2273/1312/1879 3993/929/1879 2270/1302/1879
f 2273/1312/1880 802/1311/1880 1602/930/1880 3993/929/1880
f 2274/1314/1881 3994/925/1881 2145/928/1881 801/1315/1881
f 858/1319/1882 2277/1324/1882 3994/925/1882 2274/1314/1882
f 2277/1324/1883 463/1323/1883 1263/926/1883 3994/925/1883
f 2278/1326/1884 3995/921/1884 2144/924/1884 800/1327/1884
f 859/1331/229 2281/1336/229 3995/921/229 2278/1326/229
f 2281/1336/1885 799/1335/1885 1599/922/1885 3995/921/1885
f 2282/1338/1886 3996/917/1886 1704/920/1886 360/1339/1886
f 860/1343/1887 2285/1348/1887 3996/917/1887 2282/1338/1887
f 2285/1348/1888 798/1347/1888 1598/918/1888 3996/917/1888
f 2286/1350/1889 3997/913/1889 2141/916/1889 797/1351/1889
f 861/1355/1890 2289/1360/1890 3997/913/1890 2286/1350/1890
f 2289/1360/1891 455/1359/1891 1255/914/1891 3997/913/1891
f 2290/1362/1892 3998/909/1892 2140/912/1892 796/1363/1892
f 862/1367/1893 2293/1372/1893 3998/909/1893 2290/1362/1893
f 2293/1372/1894 795/1371/1894 1595/910/1894 3998/909/1894
f 2294/1374/1895 3999/905/1895 1705/908/1895 361/1375/1895
f 863/1379/1896 2297/1384/1896 3999/905/1896 2294/1374/1896
f 2297/1384/1897 794/1383/1897 1594/906/1897 3999/905/1897
f 2298/1386/1 4000/901/1 2137/904/1 793/1387/1
f 864/1391/1 2301/1396/1 4000/901/1 2298/1386/1
f 2301/1396/1 466/1395/1 1266/902/1 4000/901/1
f 2302/1398/1 4001/897/1 2136/900/1 792/1399/1
f 865/1403/1 2305/1408/1 4001/897/1 2302/1398/1
f 2305/1408/1 791/1407/1 1591/898/1 4001/897/1
f 2306/1410/1 4002/893/1 1677/896/1 333/1411/1
f 866/1415/1 2309/1420/1 4002/893/1 2306/1410/1
f 2309/1420/1 790/1419/1 1590/894/1 4002/893/1
f 2310/1422/1898 4003/889/1898 2133/892/1898 789/1423/1898
f 867/1427/1899 2313/1432/1899 4003/889/1899 2310/1422/1899
f 2313/1432/1900 467/1431/1900 1267/890/1900 4003/889/1900
f 2314/1434/1 4004/885/1 2132/888/1 788/1435/1
f 868/1439/48 2317/1444/48 4004/885/48 2314/1434/48
f 2317/1444/1901 787/1443/1901 1587/886/1901 4004/885/1901
f 2318/1446/1 4005/881/1 1708/884/1 364/1447/1
f 869/1451/1 2321/1456/1 4005/881/1 2318/1446/1
f 2321/1456/1902 786/1455/1902 1586/882/1902 4005/881/1902
f 2322/1458/1 4006/877/1 2129/880/1 785/1459/1
f 870/1463/1 2325/1468/1 4006/877/1 2322/1458/1
f 2325/1468/1 454/1467/1 1254/878/1 4006/877/1
f 2326/1470/1903 4007/873/1903 2128/876/1903 784/1471/1903
f 871/1475/1904 2329/1480/1904 4007/873/1904 2326/1470/1904
f 2329/1480/1905 783/1479/1905 1583/874/1905 4007/873/1905
f 2330/1482/125 4008/869/125 1709/872/125 365/1483/125
f 872/1487/305 2333/1492/305 4008/869/305 2330/1482/305
f 2333/1492/252 782/1491/252 1582/870/252 4008/869/252
f 2334/1494/1906 4009/865/1906 2125/868/1906 781/1495/1906
f 873/1499/1907 2337/1504/1907 4009/865/1907 2334/1494/1907
f 2337/1504/1908 470/1503/1908 1270/866/1908 4009/865/1908
f 2338/1506/1909 4010/861/1909 2124/864/1909 780/1507/1909
f 874/1511/1910 2341/1516/1910 4010/861/1910 2338/1506/1910
f 2341/1516/1911 779/1515/1911 1579/862/1911 4010/861/1911
f 2342/1518/1 4011/857/1 1681/860/1 337/1519/1
f 875/1523/1 2345/1528/1 4011/857/1 2342/1518/1
f 2345/1528/1 778/1527/1 1578/858/1 4011/857/1
f 2346/1530/12 4012/853/12 2121/856/12 777/1531/12
f 876/1535/697 2349/1540/697 4012/853/697 2346/1530/697
f 2349/1540/1515 471/1539/1515 1271/854/1515 4012/853/1515
f 2350/1542/129 4013/849/129 2120/852/129 776/1543/129
f 877/1547/1580 2353/1552/1580 4013/849/1580 2350/1542/1580
f 2353/1552/708 775/1551/708 1575/850/708 4013/849/708
f 2354/1554/138 4014/845/138 1712/848/138 368/1555/138
f 878/1559/708 2357/1564/708 4014/845/708 2354/1554/708
f 2357/1564/709 774/1563/709 1574/846/709 4014/845/709
f 2358/1566/1 4015/841/1 2117/844/1 773/1567/1
f 879/1571/1 2361/1576/1 4015/841/1 2358/1566/1
f 2361/1576/1 448/1575/1 1248/842/1 4015/841/1
f 2362/1578/1 4016/837/1 2116/840/1 772/1579/1
f 880/1583/1 2365/1588/1 4016/837/1 2362/1578/1
f 2365/1588/1 771/1587/1 1571/838/1 4016/837/1
f 2366/1590/1 4017/833/1 1713/836/1 369/1591/1
f 881/1595/1 2369/1600/1 4017/833/1 2366/1590/1
f 2369/1600/1 770/1599/1 1570/834/1 4017/833/1
f 2370/1602/11 4018/829/11 2113/832/11 769/1603/11
f 882/1607/702 2373/1612/702 4018/829/702 2370/1602/702
f 2373/1612/596 514/1611/596 1314/830/596 4018/829/596
f 2374/1614/133 4019/825/133 2112/828/133 768/1615/133
f 883/1619/945 2377/1624/945 4019/825/945 2374/1614/945
f 2377/1624/705 767/1623/705 1567/826/705 4019/825/705
f 2378/1626/136 4020/821/136 1673/824/136 329/1627/136
f 884/1631/705 2381/1636/705 4020/821/705 2378/1626/705
f 2381/1636/706 766/1635/706 1566/822/706 4020/821/706
f 2382/1638/135 4021/817/135 2109/820/135 765/1639/135
f 885/1643/1912 2385/1648/1912 4021/817/1912 2382/1638/1912
f 2385/1648/1913 515/1647/1913 1315/818/1913 4021/817/1913
f 2386/1650/1914 4022/813/1914 2108/816/1914 764/1651/1914
f 886/1655/1915 2389/1660/1915 4022/813/1915 2386/1650/1915
f 2389/1660/1916 763/1659/1916 1563/814/1916 4022/813/1916
f 2390/1662/123 4023/809/123 1716/812/123 372/1663/123
f 887/1667/1579 2393/1672/1579 4023/809/1579 2390/1662/1579
f 2393/1672/945 762/1671/945 1562/810/945 4023/809/945
f 2394/1674/1 4024/805/1 2105/808/1 761/1675/1
f 888/1679/1 2397/1684/1 4024/805/1 2394/1674/1
f 2397/1684/1 488/1683/1 1288/806/1 4024/805/1
f 2398/1686/1 4025/801/1 2104/804/1 760/1687/1
f 889/1691/1 2401/1696/1 4025/801/1 2398/1686/1
f 2401/1696/1 759/1695/1 1559/802/1 4025/801/1
f 2402/1698/1 4026/797/1 1717/800/1 373/1699/1
f 890/1703/1 2405/1708/1 4026/797/1 2402/1698/1
f 2405/1708/1 758/1707/1 1558/798/1 4026/797/1
f 2406/1710/1 4027/793/1 2101/796/1 757/1711/1
f 891/1715/1 2409/1720/1 4027/793/1 2406/1710/1
f 2409/1720/1 518/1719/1 1318/794/1 4027/793/1
f 2410/1722/1 4028/789/1 2100/792/1 756/1723/1
f 892/1727/1 2413/1732/1 4028/789/1 2410/1722/1
f 2413/1732/1 755/1731/1 1555/790/1 4028/789/1
f 2414/1734/303 4029/785/303 1672/788/303 328/1735/303
f 893/1739/1 2417/1744/1 4029/785/1 2414/1734/1
f 2417/1744/1 754/1743/1 1554/786/1 4029/785/1
f 2418/1746/1 4030/781/1 2097/784/1 753/1747/1
f 894/1751/48 2421/1756/48 4030/781/48 2418/1746/48
f 2421/1756/1917 519/1755/1917 1319/782/1917 4030/781/1917
f 2422/1758/1 4031/777/1 2096/780/1 752/1759/1
f 895/1763/1918 2425/1768/1918 4031/777/1918 2422/1758/1918
f 2425/1768/1 751/1767/1 1551/778/1 4031/777/1
f 2426/1770/1 4032/773/1 1720/776/1 376/1771/1
f 896/1775/1 2429/1780/1 4032/773/1 2426/1770/1
f 2429/1780/1 750/1779/1 1550/774/1 4032/773/1
f 2430/1782/1919 4033/769/1919 2093/772/1919 749/1783/1919
f 897/1787/1920 2433/1792/1920 4033/769/1920 2430/1782/1920
f 2433/1792/1921 511/1791/1921 1311/770/1921 4033/769/1921
f 2434/1794/1 4034/765/1 2092/768/1 748/1795/1
f 898/1799/1922 2437/1804/1922 4034/765/1922 2434/1794/1922
f 2437/1804/1923 747/1803/1923 1547/766/1923 4034/765/1923
f 2438/1806/265 4035/761/265 1721/764/265 377/1807/265
f 899/1811/265 2441/1816/265 4035/761/265 2438/1806/265
f 2441/1816/1580 746/1815/1580 1546/762/1580 4035/761/1580
f 2442/1818/128 4036/757/128 2089/760/128 745/1819/128
f 900/1823/1924 2445/1828/1924 4036/757/1924 2442/1818/1924
f 2445/1828/1924 522/1827/1924 1322/758/1924 4036/757/1924
f 2446/1830/1831 4037/753/1831 2088/756/1831 744/1831/1831
f 901/1835/45 2449/1840/45 4037/753/45 2446/1830/45
f 2449/1840/937 743/1839/937 1543/754/937 4037/753/937
f 2450/1842/1 4038/749/1 1641/752/1 297/1843/1
f 902/1847/1 2453/1852/1 4038/749/1 2450/1842/1
f 2453/1852/1 742/1851/1 1542/750/1 4038/749/1
f 2454/1854/126 4039/745/126 2085/748/126 741/1855/126
f 903/1859/9 2457/1864/9 4039/745/9 2454/1854/9
f 2457/1864/9 523/1863/9 1323/746/9 4039/745/9
f 2458/1866/251 4040/741/251 2084/744/251 740/1867/251
f 904/1871/142 2461/1876/142 4040/741/142 2458/1866/142
f 2461/1876/305 739/1875/305 1539/742/305 4040/741/305
f 2462/1878/504 4041/737/504 1724/740/504 380/1879/504
f 905/1883/46 2465/1888/46 4041/737/46 2462/1878/46
f 2465/1888/308 738/1887/308 1538/738/308 4041/737/308
f 2466/1890/10 4042/733/10 2081/736/10 737/1891/10
f 906/1895/1560 2469/1900/1560 4042/733/1560 2466/1890/1560
f 2469/1900/1579 510/1899/1579 1310/734/1579 4042/733/1579
f 2470/1902/1925 4043/729/1925 2080/732/1925 736/1903/1925
f 907/1907/709 2473/1912/709 4043/729/709 2470/1902/709
f 2473/1912/696 735/1911/696 1535/730/696 4043/729/696
f 2474/1914/1926 4044/725/1926 1725/728/1926 381/1915/1926
f 908/1919/1927 2477/1924/1927 4044/725/1927 2474/1914/1927
f 2477/1924/1928 734/1923/1928 1534/726/1928 4044/725/1928
f 2478/1926/1929 4045/721/1929 2077/724/1929 733/1927/1929
f 909/1931/1930 2481/1936/1930 4045/721/1930 2478/1926/1930
f 2481/1936/1931 526/1935/1931 1326/722/1931 4045/721/1931
f 2482/1938/1932 4046/717/1932 2076/720/1932 732/1939/1932
f 910/1943/1933 2485/1948/1933 4046/717/1933 2482/1938/1933
f 2485/1948/1934 731/1947/1934 1531/718/1934 4046/717/1934
f 2486/1950/962 4047/713/962 1669/716/962 325/1951/962
f 911/1955/1935 2489/1960/1935 4047/713/1935 2486/1950/1935
f 2489/1960/733 730/1959/733 1530/714/733 4047/713/733
f 2490/1962/1936 4048/709/1936 2073/712/1936 729/1963/1936
f 912/1967/1937 2493/1972/1937 4048/709/1937 2490/1962/1937
f 2493/1972/1938 527/1971/1938 1327/710/1938 4048/709/1938
f 2494/1974/1939 4049/705/1939 2072/708/1939 728/1975/1939
f 913/1979/1940 2497/1984/1940 4049/705/1940 2494/1974/1940
f 2497/1984/1941 727/1983/1941 1527/706/1941 4049/705/1941
f 2498/1986/1942 4050/701/1942 1728/704/1942 384/1987/1942
f 914/1991/1943 2501/1996/1943 4050/701/1943 2498/1986/1943
f 2501/1996/1944 726/1995/1944 1526/702/1944 4050/701/1944
f 2502/1998/1945 4051/697/1945 2069/700/1945 725/1999/1945
f 915/2003/1946 2505/2008/1946 4051/697/1946 2502/1998/1946
f 2505/2008/1947 494/2007/1947 1294/698/1947 4051/697/1947
f 2506/2010/1948 4052/693/1948 2068/696/1948 724/2011/1948
f 916/2015/1949 2509/2020/1949 4052/693/1949 2506/2010/1949
f 2509/2020/1950 723/2019/1950 1523/694/1950 4052/693/1950
f 2510/2022/1951 4053/689/1951 1729/692/1951 385/2023/1951
f 917/2027/1952 2513/2032/1952 4053/689/1952 2510/2022/1952
f 2513/2032/1953 722/2031/1953 1522/690/1953 4053/689/1953
f 2514/2034/1 4054/685/1 2065/688/1 721/2035/1
f 918/2039/1 2517/2044/1 4054/685/1 2514/2034/1
f 2517/2044/1 530/2043/1 1330/686/1 4054/685/1
f 2518/2046/1 4055/681/1 2064/684/1 720/2047/1
f 919/2051/1 2521/2056/1 4055/681/1 2518/2046/1
f 2521/2056/1 719/2055/1 1519/682/1 4055/681/1
f 2522/2058/1 4056/677/1 1668/680/1 324/2059/1
f 920/2063/1 2525/2068/1 4056/677/1 2522/2058/1
f 2525/2068/1 718/2067/1 1518/678/1 4056/677/1
f 2526/2070/1 4057/673/1 2061/676/1 717/2071/1
f 921/2075/1397 2529/2080/1397 4057/673/1397 2526/2070/1397
f 2529/2080/1954 531/2079/1954 1331/674/1954 4057/673/1954
f 2530/2082/1 4058/669/1 2060/672/1 716/2083/1
f 922/2087/1 2533/2092/1 4058/669/1 2530/2082/1
f 2533/2092/1 715/2091/1 1515/670/1 4058/669/1
f 2534/2094/1 4059/665/1 1732/668/1 388/2095/1
f 923/2099/1 2537/2104/1 4059/665/1 2534/2094/1
f 2537/2104/1 714/2103/1 1514/666/1 4059/665/1
f 2538/2106/1955 4060/661/1955 2057/664/1955 713/2107/1955
f 924/2111/1956 2541/2116/1956 4060/661/1956 2538/2106/1956
f 2541/2116/1957 507/2115/1957 1307/662/1957 4060/661/1957
f 2542/2118/1958 4061/657/1958 2056/660/1958 712/2119/1958
f 925/2123/1959 2545/2128/1959 4061/657/1959 2542/2118/1959
f 2545/2128/1960 711/2127/1960 1511/658/1960 4061/657/1960
f 2546/2130/493 4062/653/493 1733/656/493 389/2131/493
f 926/2135/1 2549/2140/1 4062/653/1 2546/2130/1
f 2549/2140/1961 710/2139/1961 1510/654/1961 4062/653/1961
f 2550/2142/1 4063/649/1 2053/652/1 709/2143/1
f 927/2147/1 2553/2152/1 4063/649/1 2550/2142/1
f 2553/2152/1 534/2151/1 1334/650/1 4063/649/1
f 2554/2154/1 4064/645/1 2052/648/1 708/2155/1
f 928/2159/1 2557/2164/1 4064/645/1 2554/2154/1
f 2557/2164/1 707/2163/1 1507/646/1 4064/645/1
f 2558/2166/1 4065/641/1 1637/644/1 293/2167/1
f 929/2171/1 2561/2176/1 4065/641/1 2558/2166/1
f 2561/2176/1 706/2175/1 1506/642/1 4065/641/1
f 2562/2178/1 4066/637/1 2049/640/1 705/2179/1
f 930/2183/1 2565/2188/1 4066/637/1 2562/2178/1
f 2565/2188/1 535/2187/1 1335/638/1 4066/637/1
f 2566/2190/1 4067/633/1 2048/636/1 704/2191/1
f 931/2195/1 2569/2200/1 4067/633/1 2566/2190/1
f 2569/2200/1 703/2199/1 1503/634/1 4067/633/1
f 2570/2202/1 4068/629/1 1736/632/1 392/2203/1
f 932/2207/1 2573/2212/1 4068/629/1 2570/2202/1
f 2573/2212/1 702/2211/1 1502/630/1 4068/629/1
f 2574/2214/762 4069/625/762 2045/628/762 701/2215/762
f 933/2219/1962 2577/2224/1962 4069/625/1962 2574/2214/1962
f 2577/2224/965 506/2223/965 1306/626/965 4069/625/965
f 2578/2226/1 4070/621/1 2044/624/1 700/2227/1
f 934/2231/1 2581/2236/1 4070/621/1 2578/2226/1
f 2581/2236/1 699/2235/1 1499/622/1 4070/621/1
f 2582/2238/1 4071/617/1 1737/620/1 393/2239/1
f 935/2243/1 2585/2248/1 4071/617/1 2582/2238/1
f 2585/2248/1 698/2247/1 1498/618/1 4071/617/1
f 2586/2250/1963 4072/613/1963 2041/616/1963 697/2251/1963
f 936/2255/1964 2589/2260/1964 4072/613/1964 2586/2250/1964
f 2589/2260/1965 538/2259/1965 1338/614/1965 4072/613/1965
f 2590/2262/1966 4073/609/1966 2040/612/1966 696/2263/1966
f 937/2267/1967 2593/2272/1967 4073/609/1967 2590/2262/1967
f 2593/2272/1968 695/2271/1968 1495/610/1968 4073/609/1968
f 2594/2274/104 4074/605/104 1665/608/104 321/2275/104
f 938/2279/1969 2597/2284/1969 4074/605/1969 2594/2274/1969
f 2597/2284/1970 694/2283/1970 1494/606/1970 4074/605/1970
f 2598/2286/1971 4075/601/1971 2037/604/1971 693/2287/1971
f 939/2291/1972 2601/2296/1972 4075/601/1972 2598/2286/1972
f 2601/2296/1973 539/2295/1973 1339/602/1973 4075/601/1973
f 2602/2298/1974 4076/597/1974 2036/600/1974 692/2299/1974
f 940/2303/1975 2605/2308/1975 4076/597/1975 2602/2298/1975
f 2605/2308/1976 691/2307/1976 1491/598/1976 4076/597/1976
f 2606/2310/1977 4077/593/1977 1740/596/1977 396/2311/1977
f 941/2315/24 2609/2320/24 4077/593/24 2606/2310/24
f 2609/2320/1978 690/2319/1978 1490/594/1978 4077/593/1978
f 2610/2322/1979 4078/589/1979 2033/592/1979 689/2323/1979
f 942/2327/1 2613/2332/1 4078/589/1 2610/2322/1
f 2613/2332/1 495/2331/1 1295/590/1 4078/589/1
f 2614/2334/1980 4079/585/1980 2032/588/1980 688/2335/1980
f 943/2339/1981 2617/2344/1981 4079/585/1981 2614/2334/1981
f 2617/2344/1982 687/2343/1982 1487/586/1982 4079/585/1982
f 2618/2346/1983 4080/581/1983 1741/584/1983 397/2347/1983
f 944/2351/1984 2621/2356/1984 4080/581/1984 2618/2346/1984
f 2621/2356/1985 686/2355/1985 1486/582/1985 4080/581/1985
f 2622/2358/1986 4081/577/1986 2029/580/1986 685/2359/1986
f 945/2363/1987 2625/2368/1987 4081/577/1987 2622/2358/1987
f 2625/2368/1988 542/2367/1988 1342/578/1988 4081/577/1988
f 2626/2370/1 4082/573/1 2028/576/1 684/2371/1
f 946/2375/1 2629/2380/1 4082/573/1 2626/2370/1
f 2629/2380/1 683/2379/1 1483/574/1 4082/573/1
f 2630/2382/1 4083/569/1 1664/572/1 320/2383/1
f 947/2387/1 2633/2392/1 4083/569/1 2630/2382/1
f 2633/2392/1 682/2391/1 1482/570/1 4083/569/1
f 2634/2394/1 4084/565/1 2025/568/1 681/2395/1
f 948/2399/1 2637/2404/1 4084/565/1 2634/2394/1
f 2637/2404/1 543/2403/1 1343/566/1 4084/565/1
f 2638/2406/1 4085/561/1 2024/564/1 680/2407/1
f 949/2411/1 2641/2416/1 4085/561/1 2638/2406/1
f 2641/2416/1 679/2415/1 1479/562/1 4085/561/1
f 2642/2418/1 4086/557/1 1744/560/1 400/2419/1
f 950/2423/1 2645/2428/1 4086/557/1 2642/2418/1
f 2645/2428/1 678/2427/1 1478/558/1 4086/557/1
f 2646/2430/1359 4087/553/1359 2021/556/1359 677/2431/1359
f 951/2435/1 2649/2440/1 4087/553/1 2646/2430/1
f 2649/2440/493 503/2439/493 1303/554/493 4087/553/493
f 2650/2442/1 4088/549/1 2020/552/1 676/2443/1
f 952/2447/1 2653/2452/1 4088/549/1 2650/2442/1
f 2653/2452/1 675/2451/1 1475/550/1 4088/549/1
f 2654/2454/1989 4089/545/1989 1745/548/1989 401/2455/1989
f 953/2459/1990 2657/2464/1990 4089/545/1990 2654/2454/1990
f 2657/2464/1991 674/2463/1991 1474/546/1991 4089/545/1991
f 2658/2466/1992 4090/541/1992 2017/544/1992 673/2467/1992
f 954/2471/1993 2661/2476/1993 4090/541/1993 2658/2466/1993
f 2661/2476/1994 546/2475/1994 1346/542/1994 4090/541/1994
f 2662/2478/1 4091/537/1 2016/540/1 672/2479/1
f 955/2483/1 2665/2488/1 4091/537/1 2662/2478/1
f 2665/2488/94 671/2487/94 1471/538/94 4091/537/94
f 2666/2490/1 4092/533/1 1644/536/1 300/2491/1
f 956/2495/1 2669/2500/1 4092/533/1 2666/2490/1
f 2669/2500/1 670/2499/1 1470/534/1 4092/533/1
f 2670/2502/815 4093/529/815 2013/532/815 669/2503/815
f 957/2507/815 2673/2512/815 4093/529/815 2670/2502/815
f 2673/2512/26 547/2511/26 1347/530/26 4093/529/26
f 2674/2514/1 4094/525/1 2012/528/1 668/2515/1
f 958/2519/1 2677/2524/1 4094/525/1 2674/2514/1
f 2677/2524/94 667/2523/94 1467/526/94 4094/525/94
f 2678/2526/1 4095/521/1 1748/524/1 404/2527/1
f 959/2531/1 2681/2536/1 4095/521/1 2678/2526/1
f 2681/2536/94 666/2535/94 1466/522/94 4095/521/94
f 2682/2538/817 4096/517/817 2009/520/817 665/2539/817
f 960/2543/817 2685/2548/817 4096/517/817 2682/2538/817
f 2685/2548/27 502/2547/27 1302/518/27 4096/517/27
f 2686/2550/1310 4097/513/1310 2008/516/1310 664/2551/1310
f 961/2555/1310 2689/2560/1310 4097/513/1310 2686/2550/1310
f 2689/2560/93 663/2559/93 1463/514/93 4097/513/93
f 2690/2562/1310 4098/509/1310 1749/512/1310 405/2563/1310
f 962/2567/1310 2693/2572/1310 4098/509/1310 2690/2562/1310
f 2693/2572/93 662/2571/93 1462/510/93 4098/509/93
f 2694/2574/1995 4099/505/1995 2005/508/1995 661/2575/1995
f 963/2579/1996 2697/2584/1996 4099/505/1996 2694/2574/1996
f 2697/2584/1997 550/2583/1997 1350/506/1997 4099/505/1997
f 2698/2586/1998 4100/501/1998 2004/504/1998 660/2587/1998
f 964/2591/1999 2701/2596/1999 4100/501/1999 2698/2586/1999
f 2701/2596/2000 659/2595/2000 1459/502/2000 4100/501/2000
f 2702/2598/2001 4101/497/2001 1661/500/2001 317/2599/2001
f 965/2603/2002 2705/2608/2002 4101/497/2002 2702/2598/2002
f 2705/2608/2003 658/2607/2003 1458/498/2003 4101/497/2003
f 2706/2610/2004 4102/493/2004 2001/496/2004 657/2611/2004
f 966/2615/2005 2709/2620/2005 4102/493/2005 2706/2610/2005
f 2709/2620/1252 551/2619/1252 1351/494/1252 4102/493/1252
f 2710/2622/2006 4103/489/2006 2000/492/2006 656/2623/2006
f 967/2627/2007 2713/2632/2007 4103/489/2007 2710/2622/2007
f 2713/2632/2008 655/2631/2008 1455/490/2008 4103/489/2008
f 2714/2634/2009 4104/485/2009 1752/488/2009 408/2635/2009
f 968/2639/2010 2717/2644/2010 4104/485/2010 2714/2634/2010
f 2717/2644/2011 654/2643/2011 1454/486/2011 4104/485/2011
f 2718/2646/1 4105/481/1 1997/484/1 653/2647/1
f 969/2651/1 2721/2656/1 4105/481/1 2718/2646/1
f 2721/2656/1 492/2655/1 1292/482/1 4105/481/1
f 2722/2658/1 4106/477/1 1996/480/1 652/2659/1
f 970/2663/1 2725/2668/1 4106/477/1 2722/2658/1
f 2725/2668/1 651/2667/1 1451/478/1 4106/477/1
f 2726/2670/2012 4107/473/2012 1753/476/2012 409/2671/2012
f 971/2675/2013 2729/2680/2013 4107/473/2013 2726/2670/2013
f 2729/2680/1278 650/2679/1278 1450/474/1278 4107/473/1278
f 2730/2682/2014 4108/469/2014 1993/472/2014 649/2683/2014
f 972/2687/2015 2733/2692/2015 4108/469/2015 2730/2682/2015
f 2733/2692/2016 554/2691/2016 1354/470/2016 4108/469/2016
f 2734/2694/2017 4109/465/2017 1992/468/2017 648/2695/2017
f 973/2699/2018 2737/2704/2018 4109/465/2018 2734/2694/2018
f 2737/2704/2019 647/2703/2019 1447/466/2019 4109/465/2019
f 2738/2706/2020 4110/461/2020 1660/464/2020 316/2707/2020
f 974/2711/2021 2741/2716/2021 4110/461/2021 2738/2706/2021
f 2741/2716/2022 646/2715/2022 1446/462/2022 4110/461/2022
f 2742/2718/2023 4111/457/2023 1989/460/2023 645/2719/2023
f 975/2723/2024 2745/2728/2024 4111/457/2024 2742/2718/2024
f 2745/2728/2025 555/2727/2025 1355/458/2025 4111/457/2025
f 2746/2730/2026 4112/453/2026 1988/456/2026 644/2731/2026
f 976/2735/2027 2749/2740/2027 4112/453/2027 2746/2730/2027
f 2749/2740/2028 643/2739/2028 1443/454/2028 4112/453/2028
f 2750/2742/2029 4113/449/2029 1756/452/2029 412/2743/2029
f 977/2747/2030 2753/2752/2030 4113/449/2030 2750/2742/2030
f 2753/2752/2031 642/2751/2031 1442/450/2031 4113/449/2031
f 2754/2754/2032 4114/445/2032 1985/448/2032 641/2755/2032
f 978/2759/2033 2757/2764/2033 4114/445/2033 2754/2754/2033
f 2757/2764/2034 499/2763/2034 1299/446/2034 4114/445/2034
f 2758/2766/2035 4115/441/2035 1984/444/2035 640/2767/2035
f 979/2771/2036 2761/2776/2036 4115/441/2036 2758/2766/2036
f 2761/2776/2037 639/2775/2037 1439/442/2037 4115/441/2037
f 2762/2778/2038 4116/437/2038 1757/440/2038 413/2779/2038
f 980/2783/2039 2765/2788/2039 4116/437/2039 2762/2778/2039
f 2765/2788/2040 638/2787/2040 1438/438/2040 4116/437/2040
f 2766/2790/2041 4117/433/2041 1981/436/2041 637/2791/2041
f 981/2795/2042 2769/2800/2042 4117/433/2042 2766/2790/2042
f 2769/2800/2043 558/2799/2043 1358/434/2043 4117/433/2043
f 2770/2802/2044 4118/429/2044 1980/432/2044 636/2803/2044
f 982/2807/2045 2773/2812/2045 4118/429/2045 2770/2802/2045
f 2773/2812/2046 635/2811/2046 1435/430/2046 4118/429/2046
f 2774/2814/2047 4119/425/2047 1645/428/2047 301/2815/2047
f 983/2819/2048 2777/2824/2048 4119/425/2048 2774/2814/2048
f 2777/2824/2049 634/2823/2049 1434/426/2049 4119/425/2049
f 2778/2826/2050 4120/421/2050 1977/424/2050 633/2827/2050
f 984/2831/2051 2781/2836/2051 4120/421/2051 2778/2826/2051
f 2781/2836/2052 559/2835/2052 1359/422/2052 4120/421/2052
f 2782/2838/2053 4121/417/2053 1976/420/2053 632/2839/2053
f 985/2843/2054 2785/2848/2054 4121/417/2054 2782/2838/2054
f 2785/2848/2055 631/2847/2055 1431/418/2055 4121/417/2055
f 2786/2850/2056 4122/413/2056 1760/416/2056 416/2851/2056
f 986/2855/2057 2789/2860/2057 4122/413/2057 2786/2850/2057
f 2789/2860/2058 630/2859/2058 1430/414/2058 4122/413/2058
f 2790/2862/2059 4123/409/2059 1973/412/2059 629/2863/2059
f 987/2867/2060 2793/2872/2060 4123/409/2060 2790/2862/2060
f 2793/2872/1122 498/2871/1122 1298/410/1122 4123/409/1122
f 2794/2874/2061 4124/405/2061 1972/408/2061 628/2875/2061
f 988/2879/2062 2797/2884/2062 4124/405/2062 2794/2874/2062
f 2797/2884/2059 627/2883/2059 1427/406/2059 4124/405/2059
f 2798/2886/2063 4125/401/2063 1761/404/2063 417/2887/2063
f 989/2891/1107 2801/2896/1107 4125/401/1107 2798/2886/1107
f 2801/2896/1104 626/2895/1104 1426/402/1104 4125/401/1104
f 2802/2898/2064 4126/397/2064 1969/400/2064 625/2899/2064
f 990/2903/2065 2805/2908/2065 4126/397/2065 2802/2898/2065
f 2805/2908/2066 562/2907/2066 1362/398/2066 4126/397/2066
f 2806/2910/2067 4127/393/2067 1968/396/2067 624/2911/2067
f 991/2915/2068 2809/2920/2068 4127/393/2068 2806/2910/2068
f 2809/2920/2069 623/2919/2069 1423/394/2069 4127/393/2069
f 2810/2922/2070 4128/389/2070 1657/392/2070 313/2923/2070
f 992/2927/2071 2813/2932/2071 4128/389/2071 2810/2922/2071
f 2813/2932/2072 622/2931/2072 1422/390/2072 4128/389/2072
f 2814/2934/2073 4129/385/2073 1965/388/2073 621/2935/2073
f 993/2939/2074 2817/2944/2074 4129/385/2074 2814/2934/2074
f 2817/2944/2075 563/2943/2075 1363/386/2075 4129/385/2075
f 2818/2946/2076 4130/381/2076 1964/384/2076 620/2947/2076
f 994/2951/2077 2821/2956/2077 4130/381/2077 2818/2946/2077
f 2821/2956/2078 619/2955/2078 1419/382/2078 4130/381/2078
f 2822/2958/2079 4131/377/2079 1764/380/2079 420/2959/2079
f 995/2963/2080 2825/2968/2080 4131/377/2080 2822/2958/2080
f 2825/2968/2081 618/2967/2081 1418/378/2081 4131/377/2081
f 2826/2970/2082 4132/373/2082 1961/376/2082 617/2971/2082
f 996/2975/2083 2829/2980/2083 4132/373/2083 2826/2970/2083
f 2829/2980/1 480/2979/1 1280/374/1 4132/373/1
f 2830/2982/2084 4133/369/2084 1960/372/2084 616/2983/2084
f 997/2987/2085 2833/2992/2085 4133/369/2085 2830/2982/2085
f 2833/2992/2086 615/2991/2086 1415/370/2086 4133/369/2086
f 2834/2994/2087 4134/365/2087 1765/368/2087 421/2995/2087
f 998/2999/2088 2837/3004/2088 4134/365/2088 2834/2994/2088
f 2837/3004/2089 614/3003/2089 1414/366/2089 4134/365/2089
f 2838/3006/2090 4135/361/2090 1957/364/2090 613/3007/2090
f 999/3011/2091 2841/3016/2091 4135/361/2091 2838/3006/2091
f 2841/3016/2092 566/3015/2092 1366/362/2092 4135/361/2092
f 2842/3018/2093 4136/357/2093 1956/360/2093 612/3019/2093
f 1000/3023/2094 2845/3028/2094 4136/357/2094 2842/3018/2094
f 2845/3028/2095 611/3027/2095 1411/358/2095 4136/357/2095
f 2846/3030/2096 4137/353/2096 1656/356/2096 312/3031/2096
f 1001/3035/2097 2849/3040/2097 4137/353/2097 2846/3030/2097
f 2849/3040/2098 610/3039/2098 1410/354/2098 4137/353/2098
f 2850/3042/487 4138/349/487 1953/352/487 609/3043/487
f 1002/3047/2099 2853/3052/2099 4138/349/2099 2850/3042/2099
f 2853/3052/2100 567/3051/2100 1367/350/2100 4138/349/2100
f 2854/3054/493 4139/345/493 1952/348/493 608/3055/493
f 1003/3059/1 2857/3064/1 4139/345/1 2854/3054/1
f 2857/3064/996 607/3063/996 1407/346/996 4139/345/996
f 2858/3066/486 4140/341/486 1768/344/486 424/3067/486
f 1004/3071/997 2861/3076/997 4140/341/997 2858/3066/997
f 2861/3076/922 606/3075/922 1406/342/922 4140/341/922
f 2862/3078/2101 4141/337/2101 1949/340/2101 605/3079/2101
f 1005/3083/2102 2865/3088/2102 4141/337/2102 2862/3078/2102
f 2865/3088/2103 483/3087/2103 1283/338/2103 4141/337/2103
f 2866/3090/2104 4142/333/2104 1948/336/2104 604/3091/2104
f 1006/3095/2105 2869/3100/2105 4142/333/2105 2866/3090/2105
f 2869/3100/2106 603/3099/2106 1403/334/2106 4142/333/2106
f 2870/3102/2107 4143/329/2107 1769/332/2107 425/3103/2107
f 1007/3107/2108 2873/3112/2108 4143/329/2108 2870/3102/2108
f 2873/3112/2109 602/3111/2109 1402/330/2109 4143/329/2109
f 2874/3114/1 4144/325/1 1945/328/1 601/3115/1
f 1008/3119/1 2877/3124/1 4144/325/1 2874/3114/1
f 2877/3124/1 570/3123/1 1370/326/1 4144/325/1
f 2878/3126/1 4145/321/1 1944/324/1 600/3127/1
f 1009/3131/1 2881/3136/1 4145/321/1 2878/3126/1
f 2881/3136/1 599/3135/1 1399/322/1 4145/321/1
f 2882/3138/1 4146/317/1 1649/320/1 305/3139/1
f 1010/3143/1 2885/3148/1 4146/317/1 2882/3138/1
f 2885/3148/1 598/3147/1 1398/318/1 4146/317/1
f 2886/3150/42 4147/313/42 1941/316/42 597/3151/42
f 1011/3155/307 2889/3160/307 4147/313/307 2886/3150/307
f 2889/3160/504 571/3159/504 1371/314/504 4147/313/504
f 2890/3162/2110 4148/309/2110 1940/312/2110 596/3163/2110
f 1012/3167/2111 2893/3172/2111 4148/309/2111 2890/3162/2111
f 2893/3172/2112 595/3171/2112 1395/310/2112 4148/309/2112
f 2894/3174/1 4149/305/1 1772/308/1 428/3175/1
f 1013/3179/2113 2897/3184/2113 4149/305/2113 2894/3174/2113
f 2897/3184/171 594/3183/171 1394/306/171 4149/305/171
f 2898/3186/2114 4150/301/2114 1937/304/2114 593/3187/2114
f 1014/3191/590 2901/3196/590 4150/301/590 2898/3186/590
f 2901/3196/2115 482/3195/2115 1282/302/2115 4150/301/2115
f 2902/3198/519 4151/297/519 1936/300/519 592/3199/519
f 1015/3203/308 2905/3208/308 4151/297/308 2902/3198/308
f 2905/3208/511 591/3207/511 1391/298/511 4151/297/511
f 2906/3210/170 4152/293/170 1773/296/170 429/3211/170
f 1016/3215/298 2909/3220/298 4152/293/298 2906/3210/298
f 2909/3220/1519 590/3219/1519 1390/294/1519 4152/293/1519
f 2910/3222/1 4153/289/1 1933/292/1 589/3223/1
f 1017/3227/1 2913/3232/1 4153/289/1 2910/3222/1
f 2913/3232/1 574/3231/1 1374/290/1 4153/289/1
f 2914/3234/1 4154/285/1 1932/288/1 588/3235/1
f 1018/3239/1 2917/3244/1 4154/285/1 2914/3234/1
f 2917/3244/1 587/3243/1 1387/286/1 4154/285/1
f 2918/3246/1 4155/281/1 1653/284/1 309/3247/1
f 1019/3251/1 2921/3256/1 4155/281/1 2918/3246/1
f 2921/3256/1 586/3255/1 1386/282/1 4155/281/1
f 2922/3258/1 4156/277/1 1929/280/1 585/3259/1
f 1020/3263/1 2925/3268/1 4156/277/1 2922/3258/1
f 2925/3268/1 575/3267/1 1375/278/1 4156/277/1
f 2926/3270/135 4157/273/135 1928/276/135 584/3271/135
f 1021/3275/706 2929/3280/706 4157/273/706 2926/3270/706
f 2929/3280/701 583/3279/701 1383/274/701 4157/273/701
f 2930/3282/2116 4158/269/2116 1776/272/2116 432/3283/2116
f 1022/3287/2117 2933/3292/2117 4158/269/2117 2930/3282/2117
f 2933/3292/2118 582/3291/2118 1382/270/2118 4158/269/2118
f 2934/3294/1 4159/265/1 1925/268/1 581/3295/1
f 1023/3299/1 2937/3304/1 4159/265/1 2934/3294/1
f 2937/3304/1 476/3303/1 1276/266/1 4159/265/1
f 2938/3306/1 4160/261/1 1924/264/1 580/3307/1
f 1024/3311/1 2941/3316/1 4160/261/1 2938/3306/1
f 2941/3316/1 579/3315/1 1379/262/1 4160/261/1
f 2942/3318/1 4161/257/1 1777/260/1 433/3319/1
f 1025/3323/1 2945/3328/1 4161/257/1 2942/3318/1
f 2945/3328/1 578/3327/1 1378/258/1 4161/257/1
f 2946/3330/1 4162/253/1 1921/256/1 577/3331/1
f 1026/3335/1 2949/3340/1 4162/253/1 2946/3330/1
f 2949/3340/1 332/3339/1 1132/254/1 4162/253/1
f 2950/3342/1 4163/249/1 1920/252/1 576/3343/1
f 1027/3347/1 2953/3352/1 4163/249/1 2950/3342/1
f 2953/3352/1 431/3351/1 1231/250/1 4163/249/1
f 2954/3354/1 4164/245/1 1797/248/1 453/3355/1
f 1028/3359/1 2957/3364/1 4164/245/1 2954/3354/1
f 2957/3364/1 430/3363/1 1230/246/1 4164/245/1
f 2958/3366/503 4165/241/503 1917/244/503 573/3367/503
f 1029/3371/50 2961/3376/50 4165/241/50 2958/3366/50
f 2961/3376/307 338/3375/307 1138/242/307 4165/241/307
f 2962/3378/167 4166/237/167 1916/240/167 572/3379/167
f 1030/3383/169 2965/3388/169 4166/237/169 2962/3378/169
f 2965/3388/512 427/3387/512 1227/238/512 4166/237/512
f 2966/3390/1 4167/233/1 1793/236/1 449/3391/1
f 1031/3395/1 2969/3400/1 4167/233/1 2966/3390/1
f 2969/3400/1 426/3399/1 1226/234/1 4167/233/1
f 2970/3402/2119 4168/229/2119 1913/232/2119 569/3403/2119
f 1032/3407/2120 2973/3412/2120 4168/229/2120 2970/3402/2120
f 2973/3412/2121 339/3411/2121 1139/230/2121 4168/229/2121
f 2974/3414/483 4169/225/483 1912/228/483 568/3415/483
f 1033/3419/921 2977/3424/921 4169/225/921 2974/3414/921
f 2977/3424/974 423/3423/974 1223/226/974 4169/225/974
f 2978/3426/2122 4170/221/2122 1800/224/2122 456/3427/2122
f 1034/3431/2123 2981/3436/2123 4170/221/2123 2978/3426/2123
f 2981/3436/2124 422/3435/2124 1222/222/2124 4170/221/2124
f 2982/3438/2125 4171/217/2125 1909/220/2125 565/3439/2125
f 1035/3443/2126 2985/3448/2126 4171/217/2126 2982/3438/2126
f 2985/3448/1 336/3447/1 1136/218/1 4171/217/1
f 2986/3450/2127 4172/213/2127 1908/216/2127 564/3451/2127
f 1036/3455/2128 2989/3460/2128 4172/213/2128 2986/3450/2128
f 2989/3460/2129 419/3459/2129 1219/214/2129 4172/213/2129
f 2990/3462/2130 4173/209/2130 1801/212/2130 457/3463/2130
f 1037/3467/2131 2993/3472/2131 4173/209/2131 2990/3462/2131
f 2993/3472/2132 418/3471/2132 1218/210/2132 4173/209/2132
f 2994/3474/2133 4174/205/2133 1905/208/2133 561/3475/2133
f 1038/3479/2134 2997/3484/2134 4174/205/2134 2994/3474/2134
f 2997/3484/2135 354/3483/2135 1154/206/2135 4174/205/2135
f 2998/3486/2136 4175/201/2136 1904/204/2136 560/3487/2136
f 1039/3491/2137 3001/3496/2137 4175/201/2137 2998/3486/2137
f 3001/3496/2138 415/3495/2138 1215/202/2138 4175/201/2138
f 3002/3498/2139 4176/197/2139 1789/200/2139 445/3499/2139
f 1040/3503/2140 3005/3508/2140 4176/197/2140 3002/3498/2140
f 3005/3508/2141 414/3507/2141 1214/198/2141 4176/197/2141
f 3006/3510/2142 4177/193/2142 1901/196/2142 557/3511/2142
f 1041/3515/2143 3009/3520/2143 4177/193/2143 3006/3510/2143
f 3009/3520/2144 355/3519/2144 1155/194/2144 4177/193/2144
f 3010/3522/2145 4178/189/2145 1900/192/2145 556/3523/2145
f 1042/3527/2146 3013/3532/2146 4178/189/2146 3010/3522/2146
f 3013/3532/2147 411/3531/2147 1211/190/2147 4178/189/2147
f 3014/3534/2148 4179/185/2148 1804/188/2148 460/3535/2148
f 1043/3539/2149 3017/3544/2149 4179/185/2149 3014/3534/2149
f 3017/3544/2150 410/3543/2150 1210/186/2150 4179/185/2150
f 3018/3546/1 4180/181/1 1897/184/1 553/3547/1
f 1044/3551/1 3021/3556/1 4180/181/1 3018/3546/1
f 3021/3556/1 348/3555/1 1148/182/1 4180/181/1
f 3022/3558/2151 4181/177/2151 1896/180/2151 552/3559/2151
f 1045/3563/2152 3025/3568/2152 4181/177/2152 3022/3558/2152
f 3025/3568/2153 407/3567/2153 1207/178/2153 4181/177/2153
f 3026/3570/2154 4182/173/2154 1805/176/2154 461/3571/2154
f 1046/3575/2155 3029/3580/2155 4182/173/2155 3026/3570/2155
f 3029/3580/2156 406/3579/2156 1206/174/2156 4182/173/2156
f 3030/3582/817 4183/169/817 1893/172/817 549/3583/817
f 1047/3587/817 3033/3592/817 4183/169/817 3030/3582/817
f 3033/3592/27 358/3591/27 1158/170/27 4183/169/27
f 3034/3594/815 4184/165/815 1892/168/815 548/3595/815
f 1048/3599/815 3037/3604/815 4184/165/815 3034/3594/815
f 3037/3604/26 403/3603/26 1203/166/26 4184/165/26
f 3038/3606/2157 4185/161/2157 1788/164/2157 444/3607/2157
f 1049/3611/2158 3041/3616/2158 4185/161/2158 3038/3606/2158
f 3041/3616/2159 402/3615/2159 1202/162/2159 4185/161/2159
f 3042/3618/1358 4186/157/1358 1889/160/1358 545/3619/1358
f 1050/3623/363 3045/3628/363 4186/157/363 3042/3618/363
f 3045/3628/1353 359/3627/1353 1159/158/1353 4186/157/1353
f 3046/3630/1 4187/153/1 1888/156/1 544/3631/1
f 1051/3635/1 3049/3640/1 4187/153/1 3046/3630/1
f 3049/3640/1 399/3639/1 1199/154/1 4187/153/1
f 3050/3642/2160 4188/149/2160 1808/152/2160 464/3643/2160
f 1052/3647/2161 3053/3652/2161 4188/149/2161 3050/3642/2161
f 3053/3652/2162 398/3651/2162 1198/150/2162 4188/149/2162
f 3054/3654/2163 4189/145/2163 1885/148/2163 541/3655/2163
f 1053/3659/2164 3057/3664/2164 4189/145/2164 3054/3654/2164
f 3057/3664/2165 351/3663/2165 1151/146/2165 4189/145/2165
f 3058/3666/2166 4190/141/2166 1884/144/2166 540/3667/2166
f 1054/3671/2167 3061/3676/2167 4190/141/2167 3058/3666/2167
f 3061/3676/2168 395/3675/2168 1195/142/2168 4190/141/2168
f 3062/3678/2169 4191/137/2169 1809/140/2169 465/3679/2169
f 1055/3683/2170 3065/3688/2170 4191/137/2170 3062/3678/2170
f 3065/3688/2171 394/3687/2171 1194/138/2171 4191/137/2171
f 3066/3690/1 4192/133/1 1881/136/1 537/3691/1
f 1056/3695/1 3069/3700/1 4192/133/1 3066/3690/1
f 3069/3700/1 362/3699/1 1162/134/1 4192/133/1
f 3070/3702/1 4193/129/1 1880/132/1 536/3703/1
f 1057/3707/1 3073/3712/1 4193/129/1 3070/3702/1
f 3073/3712/1 391/3711/1 1191/130/1 4193/129/1
f 3074/3714/1 4194/125/1 1781/128/1 437/3715/1
f 1058/3719/1 3077/3724/1 4194/125/1 3074/3714/1
f 3077/3724/1 390/3723/1 1190/126/1 4194/125/1
f 3078/3726/2172 4195/121/2172 1877/124/2172 533/3727/2172
f 1059/3731/2173 3081/3736/2173 4195/121/2173 3078/3726/2173
f 3081/3736/2174 363/3735/2174 1163/122/2174 4195/121/2174
f 3082/3738/1 4196/117/1 1876/120/1 532/3739/1
f 1060/3743/1 3085/3748/1 4196/117/1 3082/3738/1
f 3085/3748/1 387/3747/1 1187/118/1 4196/117/1
f 3086/3750/1 4197/113/1 1812/116/1 468/3751/1
f 1061/3755/1 3089/3760/1 4197/113/1 3086/3750/1
f 3089/3760/1 386/3759/1 1186/114/1 4197/113/1
f 3090/3762/2175 4198/109/2175 1873/112/2175 529/3763/2175
f 1062/3767/2176 3093/3772/2176 4198/109/2176 3090/3762/2176
f 3093/3772/2177 350/3771/2177 1150/110/2177 4198/109/2177
f 3094/3774/2178 4199/105/2178 1872/108/2178 528/3775/2178
f 1063/3779/2179 3097/3784/2179 4199/105/2179 3094/3774/2179
f 3097/3784/2180 383/3783/2180 1183/106/2180 4199/105/2180
f 3098/3786/47 4200/101/47 1813/104/47 469/3787/47
f 1064/3791/2181 3101/3796/2181 4200/101/2181 3098/3786/2181
f 3101/3796/251 382/3795/251 1182/102/251 4200/101/251
f 3102/3798/2182 4201/97/2182 1869/100/2182 525/3799/2182
f 1065/3803/2183 3105/3808/2183 4201/97/2183 3102/3798/2183
f 3105/3808/2184 366/3807/2184 1166/98/2184 4201/97/2184
f 3106/3810/13 4202/93/13 1868/96/13 524/3811/13
f 1066/3815/2185 3109/3820/2185 4202/93/2185 3106/3810/2185
f 3109/3820/2185 379/3819/2185 1179/94/2185 4202/93/2185
f 3110/3822/1 4203/89/1 1785/92/1 441/3823/1
f 1067/3827/2186 3113/3832/2186 4203/89/2186 3110/3822/2186
f 3113/3832/2186 378/3831/2186 1178/90/2186 4203/89/2186
f 3114/3834/262 4204/85/262 1865/88/262 521/3835/262
f 1068/3839/696 3117/3844/696 4204/85/696 3114/3834/696
f 3117/3844/697 367/3843/697 1167/86/697 4204/85/697
f 3118/3846/1 4205/81/1 1864/84/1 520/3847/1
f 1069/3851/1 3121/3856/1 4205/81/1 3118/3846/1
f 3121/3856/1 375/3855/1 1175/82/1 4205/81/1
f 3122/3858/1 4206/77/1 1816/80/1 472/3859/1
f 1070/3863/1 3125/3868/1 4206/77/1 3122/3858/1
f 3125/3868/1 374/3867/1 1174/78/1 4206/77/1
f 3126/3870/1 4207/73/1 1861/76/1 517/3871/1
f 1071/3875/1 3129/3880/1 4207/73/1 3126/3870/1
f 3129/3880/1 344/3879/1 1144/74/1 4207/73/1
f 3130/3882/44 4208/69/44 1860/72/44 516/3883/44
f 1072/3887/701 3133/3892/701 4208/69/701 3130/3882/701
f 3133/3892/702 371/3891/702 1171/70/702 4208/69/702
f 3134/3894/1 4209/65/1 1817/68/1 473/3895/1
f 1073/3899/596 3137/3904/596 4209/65/596 3134/3894/596
f 3137/3904/1 370/3903/1 1170/66/1 4209/65/1
f 3138/3906/1 4210/61/1 1857/64/1 513/3907/1
f 1074/3911/1 3141/3916/1 4210/61/1 3138/3906/1
f 3141/3916/1 304/3915/1 1104/62/1 4210/61/1
f 3142/3918/139 4211/57/139 1856/60/139 512/3919/139
f 1075/3923/1515 3145/3928/1515 4211/57/1515 3142/3918/1515
f 3145/3928/1560 327/3927/1560 1127/58/1560 4211/57/1560
f 3146/3930/1 4212/53/1 1825/56/1 481/3931/1
f 1076/3935/1 3149/3940/1 4212/53/1 3146/3930/1
f 3149/3940/1 326/3939/1 1126/54/1 4212/53/1
f 3150/3942/306 4213/49/306 1853/52/306 509/3943/306
f 1077/3947/283 3153/3952/283 4213/49/283 3150/3942/283
f 3153/3952/303 310/3951/303 1110/50/303 4213/49/303
f 3154/3954/2187 4214/45/2187 1852/48/2187 508/3955/2187
f 1078/3959/2188 3157/3964/2188 4214/45/2188 3154/3954/2188
f 3157/3964/2189 323/3963/2189 1123/46/2189 4214/45/2189
f 3158/3966/1 4215/41/1 1821/44/1 477/3967/1
f 1079/3971/1 3161/3976/1 4215/41/1 3158/3966/1
f 3161/3976/1 322/3975/1 1122/42/1 4215/41/1
f 3162/3978/2190 4216/37/2190 1849/40/2190 505/3979/2190
f 1080/3983/2191 3165/3988/2191 4216/37/2191 3162/3978/2191
f 3165/3988/2192 311/3987/2192 1111/38/2192 4216/37/2192
f 3166/3990/2193 4217/33/2193 1848/36/2193 504/3991/2193
f 1081/3995/605 3169/4000/605 4217/33/605 3166/3990/605
f 3169/4000/2194 319/3999/2194 1119/34/2194 4217/33/2194
f 3170/4002/2195 4218/29/2195 1828/32/2195 484/4003/2195
f 1082/4007/2196 3173/4012/2196 4218/29/2196 3170/4002/2196
f 3173/4012/2197 318/4011/2197 1118/30/2197 4218/29/2197
f 3174/4014/1280 4219/25/1280 1845/28/1280 501/4015/1280
f 1083/4019/1 3177/4024/1 4219/25/1 3174/4014/1
f 3177/4024/1 308/4023/1 1108/26/1 4219/25/1
f 3178/4026/2198 4220/21/2198 1844/24/2198 500/4027/2198
f 1084/4031/2199 3181/4036/2199 4220/21/2199 3178/4026/2199
f 3181/4036/2200 315/4035/2200 1115/22/2200 4220/21/2200
f 3182/4038/2201 4221/17/2201 1829/20/2201 485/4039/2201
f 1085/4043/2202 3185/4048/2202 4221/17/2202 3182/4038/2202
f 3185/4048/2203 314/4047/2203 1114/18/2203 4221/17/2203
f 3186/4050/1 4222/13/1 1841/16/1 497/4051/1
f 1086/4055/1 3189/4060/1 4222/13/1 3186/4050/1
f 3189/4060/1 296/4059/1 1096/14/1 4222/13/1
f 3190/4062/2204 4223/9/2204 1840/12/2204 496/4063/2204
f 1087/4067/2205 3193/4072/2205 4223/9/2205 3190/4062/2205
f 3193/4072/2206 299/4071/2206 1099/10/2206 4223/9/2206
f 3194/4074/1 4224/5/1 1833/8/1 489/4075/1
f 1088/4079/1 3197/4084/1 4224/5/1 3194/4074/1
f 3197/4084/1 298/4083/1 1098/6/1 4224/5/1
f 3198/4086/1 4225/1/1 1837/4/1 493/4087/1
f 1089/4091/1 3201/4096/1 4225/1/1 3198/4086/1
f 3201/4096/1 292/4095/1 1092/2/1 4225/1/1
