# Blender 4.2.1 LTS
# www.blender.org
mtllib Snow_Terrain_02.mtl
o chunk_mesh-col
v -32.000000 0.000000 32.000000
v 32.000000 0.000000 32.000000
v -32.000000 0.000000 -32.000000
v 32.000000 0.000000 -32.000000
v -32.000000 0.000000 0.000000
v 0.000000 0.000000 32.000000
v 32.000000 0.000000 0.000000
v 0.000000 0.000000 -32.000000
v 0.000000 0.000000 0.000000
v -32.000000 0.000000 16.000000
v 16.000000 0.000000 32.000000
v 32.000000 0.000000 -16.000000
v -16.000000 0.000000 -32.000000
v -32.000000 0.000000 -16.000000
v -16.000000 0.000000 32.000000
v 32.000000 0.000000 16.000000
v 16.000000 0.000000 -32.000000
v 0.000000 0.000000 -16.000000
v 0.000000 0.000000 16.000000
v -15.997097 -0.086636 0.068069
v 16.000000 0.000000 0.000000
v 16.013437 -0.027515 16.015186
v -16.000000 0.000000 16.000000
v -16.021090 0.352686 -16.354580
v 16.086985 0.069154 -16.108597
v -32.000000 0.000000 24.000000
v 24.000000 0.000000 32.000000
v 32.000000 0.000000 -24.000000
v -24.000000 0.000000 -32.000000
v -32.000000 0.000000 -8.000000
v -8.000000 0.000000 32.000000
v 32.000000 0.000000 8.000000
v 8.000000 0.000000 -32.000000
v 0.000000 0.000000 -24.000000
v 0.000000 0.000000 8.000000
v -24.000000 0.000000 0.000000
v 8.000000 0.000000 0.000000
v -32.000000 0.000000 8.000000
v 8.000000 0.000000 32.000000
v 32.000000 0.000000 -8.000000
v -8.000000 0.000000 -32.000000
v -32.000000 0.000000 -24.000000
v -24.000000 0.000000 32.000000
v 32.000000 0.000000 24.000000
v 24.000000 0.000000 -32.000000
v 0.000000 0.000000 -8.000000
v 0.000000 0.000000 24.000000
v -7.999970 -0.000886 0.000696
v 24.000000 0.000000 0.000000
v 16.123499 -0.325974 8.188090
v 16.000000 0.000000 24.000000
v 8.000611 0.048929 15.967385
v 24.000000 0.000000 16.000000
v -16.000000 0.000000 8.000000
v -16.000265 0.006645 23.995075
v -24.000000 0.000000 16.000000
v -8.000000 0.000000 16.000000
v -16.000000 0.000000 -24.000000
v -16.000000 0.000000 -8.000000
v -24.000000 0.000000 -16.000000
v -8.000000 0.000000 -16.000000
v 16.000050 -0.002307 -23.997515
v 16.000000 0.000000 -8.000000
v 8.000000 0.000000 -16.000000
v 24.024164 -0.010077 -15.998382
v 24.000000 0.000000 -8.000000
v 8.000000 0.000000 -8.000000
v 8.000000 0.000000 -24.000000
v -8.000000 0.000000 -8.000000
v -24.000000 0.000000 -8.000000
v -24.000000 0.000000 -24.000000
v -8.000000 0.000000 24.000000
v -24.005419 0.135624 23.899485
v -24.000000 0.000000 8.000000
v 24.000000 0.000000 24.000000
v 8.000096 0.007700 23.994867
v 8.000124 -0.000326 8.000188
v 24.000000 0.000000 8.000000
v -8.000000 0.000000 8.000000
v -8.000000 0.000000 -24.000000
v 24.000000 0.000000 -24.000000
v -32.000000 0.000000 28.000000
v 28.000000 0.000000 32.000000
v 32.000000 0.000000 -28.000000
v -28.000000 0.000000 -32.000000
v -32.000000 0.000000 -4.000000
v -4.000000 0.000000 32.000000
v 32.000000 0.000000 4.000000
v 4.000000 0.000000 -32.000000
v 0.000000 0.000000 -28.000000
v 0.000000 0.000000 4.000000
v -28.000000 0.000000 0.000000
v 4.000000 0.000000 0.000000
v -32.000000 0.000000 12.000000
v 12.000000 0.000000 32.000000
v 32.000000 0.000000 -12.000000
v -12.000000 0.000000 -32.000000
v -32.000000 0.000000 -20.000000
v -20.000000 0.000000 32.000000
v 32.000000 0.000000 20.000000
v 20.000000 0.000000 -32.000000
v 0.000000 0.000000 -12.000000
v 0.000000 0.000000 20.000000
v -11.993403 -0.196850 0.154663
v 20.000000 0.000000 0.000000
v 16.013247 -0.034965 4.020175
v 16.000292 0.023381 19.984415
v 4.000000 0.000000 16.000000
v 20.000000 0.000000 16.000000
v -15.997097 -0.086636 4.068069
v -16.000000 0.000000 20.000000
v -28.000000 0.000000 16.000000
v -12.000000 0.000000 16.000000
v -16.000000 0.000000 -28.000000
v -16.000654 0.010945 -12.011003
v -28.000000 0.000000 -16.000000
v -12.003824 0.063948 -16.064291
v 16.000000 0.000000 -28.000000
v 16.007666 0.010058 -12.013871
v 4.000000 0.000000 -16.000000
v 20.141161 0.125559 -16.190704
v -32.000000 0.000000 20.000000
v 20.000000 0.000000 32.000000
v 32.000000 0.000000 -20.000000
v -20.000000 0.000000 -32.000000
v -32.000000 0.000000 -12.000000
v -12.000000 0.000000 32.000000
v 32.000000 0.000000 12.000000
v 12.000000 0.000000 -32.000000
v 0.000000 0.000000 -20.000000
v 0.000000 0.000000 12.000000
v -20.000000 0.000000 0.000000
v 12.000000 0.000000 0.000000
v -32.000000 0.000000 4.000000
v 4.000000 0.000000 32.000000
v 32.000000 0.000000 -4.000000
v -4.000000 0.000000 -32.000000
v -32.000000 0.000000 -28.000000
v -28.000000 0.000000 32.000000
v 32.000000 0.000000 28.000000
v 28.000000 0.000000 -32.000000
v 0.000000 0.000000 -4.000000
v 0.000000 0.000000 28.000000
v -4.000000 0.000000 0.000000
v 28.000000 0.000000 0.000000
v 16.123499 -0.325974 12.188090
v 16.000000 0.000000 28.000000
v 12.005547 0.074631 15.949197
v 28.000000 0.000000 16.000000
v -16.000000 0.000000 12.000000
v -16.000000 0.000000 28.000000
v -20.000000 0.000000 16.000000
v -4.000000 0.000000 16.000000
v -16.010164 0.169967 -20.170879
v -16.000000 0.000000 -4.000000
v -20.003824 0.063948 -16.064291
v -4.000000 0.000000 -16.000000
v 16.050295 -0.008534 -20.010130
v 16.000000 0.000000 -4.000000
v 12.000001 -0.000025 -15.999973
v 28.000000 0.000000 -16.000000
v 24.000000 0.000000 -12.000000
v 24.000000 0.000000 -4.000000
v 20.000000 0.000000 -8.000000
v 28.000000 0.000000 -8.000000
v 8.000000 0.000000 -12.000000
v 8.000000 0.000000 -4.000000
v 4.000000 0.000000 -8.000000
v 12.000000 0.000000 -8.000000
v 8.000000 0.000000 -28.000000
v 8.000000 0.000000 -20.000000
v 4.000000 0.000000 -24.000000
v 12.000000 0.000000 -24.000000
v -8.000000 0.000000 -12.000000
v -8.000000 0.000000 -4.000000
v -12.000000 0.000000 -8.000000
v -4.000000 0.000000 -8.000000
v -24.000000 0.000000 -12.000000
v -24.000000 0.000000 -4.000000
v -28.000000 0.000000 -8.000000
v -20.000000 0.000000 -8.000000
v -24.000000 0.000000 -28.000000
v -24.000000 0.000000 -20.000000
v -28.000000 0.000000 -24.000000
v -20.000000 0.000000 -24.000000
v -8.000000 0.000000 20.000000
v -8.000000 0.000000 28.000000
v -12.000000 0.000000 24.000000
v -4.000000 0.000000 24.000000
v -24.001932 0.048380 19.964144
v -24.000000 0.000000 28.000000
v -28.000000 0.000000 24.000000
v -20.011435 0.286194 23.787889
v -24.000000 0.000000 4.000000
v -24.000000 0.000000 12.000000
v -28.000000 0.000000 8.000000
v -20.000000 0.000000 8.000000
v 24.000000 0.000000 20.000000
v 24.000000 0.000000 28.000000
v 20.000000 0.000000 24.000000
v 28.000000 0.000000 24.000000
v 8.001081 0.086418 19.942394
v 8.000000 0.000000 28.000000
v 4.000000 0.000000 24.000000
v 12.000292 0.023381 23.984415
v 8.000000 0.000000 4.000000
v 8.000124 -0.000326 12.000188
v 4.000000 0.000000 8.000000
v 12.082067 -0.216614 8.124989
v 24.000000 0.000000 4.000000
v 24.000000 0.000000 12.000000
v 20.028780 -0.075962 8.043831
v 28.000000 0.000000 8.000000
v -7.999970 -0.000886 4.000696
v -8.000000 0.000000 12.000000
v -12.000000 0.000000 8.000000
v -4.000000 0.000000 8.000000
v -8.000000 0.000000 -28.000000
v -8.000000 0.000000 -20.000000
v -12.000000 0.000000 -24.000000
v -4.000000 0.000000 -24.000000
v 24.000000 0.000000 -28.000000
v 24.008923 -0.047376 -19.952021
v 20.000467 -0.021371 -23.976986
v 28.000000 0.000000 -24.000000
v 28.000000 0.000000 -20.000000
v 20.087889 0.027881 -20.064150
v 20.000000 0.000000 -28.000000
v -4.000000 0.000000 -20.000000
v -12.000654 0.010945 -20.011003
v -12.000000 0.000000 -28.000000
v -4.000000 0.000000 12.000000
v -12.000000 0.000000 12.000000
v -11.993403 -0.196850 4.154663
v 28.000000 0.000000 12.000000
v 20.028780 -0.075962 12.043831
v 20.000000 0.000000 4.000000
v 12.082067 -0.216614 12.124989
v 4.000000 0.000000 12.000000
v 4.000000 0.000000 4.000000
v 12.000000 0.000000 28.000000
v 4.000000 0.000000 28.000000
v 4.000000 0.000000 20.000000
v 28.000000 0.000000 28.000000
v 20.000000 0.000000 28.000000
v 20.000000 0.000000 20.000000
v -20.000000 0.000000 12.000000
v -28.000000 0.000000 12.000000
v -28.000000 0.000000 4.000000
v -20.000265 0.006645 27.995075
v -28.000000 0.000000 28.000000
v -28.000000 0.000000 20.000000
v -4.000000 0.000000 28.000000
v -12.000000 0.000000 28.000000
v -12.000000 0.000000 20.000000
v -20.000654 0.010945 -20.011003
v -28.000000 0.000000 -20.000000
v -28.000000 0.000000 -28.000000
v -20.000000 0.000000 -4.000000
v -28.000000 0.000000 -4.000000
v -28.000000 0.000000 -12.000000
v -4.000000 0.000000 -4.000000
v -12.000000 0.000000 -4.000000
v -12.000000 0.000000 -12.000000
v 12.000000 0.000000 -20.000000
v 4.000000 0.000000 -20.000000
v 4.000000 0.000000 -28.000000
v 12.000000 0.000000 -4.000000
v 4.000000 0.000000 -4.000000
v 4.000000 0.000000 -12.000000
v 28.000000 0.000000 -4.000000
v 20.000000 0.000000 -4.000000
v 20.023380 0.025723 -12.036934
v 28.000000 0.000000 -12.000000
v 12.000000 0.000000 -12.000000
v 12.000000 0.000000 -28.000000
v -4.000000 0.000000 -12.000000
v -20.000000 0.000000 -12.000000
v -20.000000 0.000000 -28.000000
v -4.000000 0.000000 20.000000
v -20.005419 0.135624 19.899485
v -20.000000 0.000000 4.000000
v 28.000000 0.000000 20.000000
v 12.001757 0.140524 19.906328
v 12.003889 -0.010264 4.005922
v 28.000000 0.000000 4.000000
v -4.000000 0.000000 4.000000
v -4.000000 0.000000 -28.000000
v 28.000000 0.000000 -28.000000
v -32.000000 0.000000 30.000000
v 30.000000 0.000000 32.000000
v 32.000000 0.000000 -30.000000
v -30.000000 0.000000 -32.000000
v -32.000000 0.000000 -2.000000
v -2.000000 0.000000 32.000000
v 32.000000 0.000000 2.000000
v 2.000000 0.000000 -32.000000
v 0.000000 0.000000 -30.000000
v 0.000000 0.000000 2.000000
v -30.000000 0.000000 0.000000
v 2.000000 0.000000 0.000000
v -32.000000 0.000000 14.000000
v 14.000000 0.000000 32.000000
v 32.000000 0.000000 -14.000000
v -14.000000 0.000000 -32.000000
v -32.000000 0.000000 -18.000000
v -18.000000 0.000000 32.000000
v 32.000000 0.000000 18.000000
v 18.000000 0.000000 -32.000000
v 0.000000 0.000000 -14.000000
v 0.000000 0.000000 18.000000
v -13.993403 -0.196850 0.154663
v 18.000000 0.000000 0.000000
v 16.000000 0.000000 2.000000
v 16.000292 0.023381 17.984415
v 2.000000 0.000000 16.000000
v 18.003889 -0.010264 16.005922
v -15.995491 -0.134545 2.105711
v -16.000000 0.000000 18.000000
v -30.000000 0.000000 16.000000
v -14.000000 0.000000 16.000000
v -16.000000 0.000000 -30.000000
v -16.010164 0.169967 -14.170879
v -30.000000 0.000000 -16.000000
v -14.014871 0.248673 -16.250010
v 16.000000 0.000000 -30.000000
v 16.049097 0.046182 -14.069055
v 2.000000 0.000000 -16.000000
v 18.141132 0.126843 -16.192087
v -32.000000 0.000000 22.000000
v 22.000000 0.000000 32.000000
v 32.000000 0.000000 -22.000000
v -22.000000 0.000000 -32.000000
v -32.000000 0.000000 -10.000000
v -10.000000 0.000000 32.000000
v 32.000000 0.000000 10.000000
v 10.000000 0.000000 -32.000000
v 0.000000 0.000000 -22.000000
v 0.000000 0.000000 10.000000
v -22.000000 0.000000 0.000000
v 10.000000 0.000000 0.000000
v -32.000000 0.000000 6.000000
v 6.000000 0.000000 32.000000
v 32.000000 0.000000 -6.000000
v -6.000000 0.000000 -32.000000
v -32.000000 0.000000 -26.000000
v -26.000000 0.000000 32.000000
v 32.000000 0.000000 26.000000
v 26.000000 0.000000 -32.000000
v 0.000000 0.000000 -6.000000
v 0.000000 0.000000 26.000000
v -6.000000 0.000000 0.000000
v 26.000000 0.000000 0.000000
v 16.150194 -0.396438 10.228748
v 16.000000 0.000000 26.000000
v 10.001081 0.086418 15.942395
v 26.000000 0.000000 16.000000
v -16.000000 0.000000 10.000000
v -16.000000 0.000000 26.000000
v -22.000000 0.000000 16.000000
v -6.000000 0.000000 16.000000
v -16.000654 0.010945 -22.011003
v -16.000000 0.000000 -6.000000
v -22.000000 0.000000 -16.000000
v -6.000000 0.000000 -16.000000
v 16.008966 -0.049393 -21.949848
v 16.000000 0.000000 -6.000000
v 10.000000 0.000000 -16.000000
v 26.000051 -0.002375 -15.997443
v 24.008039 -0.007026 -13.995475
v 24.000000 0.000000 -6.000000
v 18.000000 0.000000 -8.000000
v 26.000000 0.000000 -8.000000
v 8.000000 0.000000 -14.000000
v 8.000000 0.000000 -6.000000
v 2.000000 0.000000 -8.000000
v 10.000000 0.000000 -8.000000
v 8.000000 0.000000 -30.000000
v 8.000000 0.000000 -22.000000
v 2.000000 0.000000 -24.000000
v 10.000000 0.000000 -24.000000
v -8.000000 0.000000 -14.000000
v -8.000000 0.000000 -6.000000
v -14.000000 0.000000 -8.000000
v -6.000000 0.000000 -8.000000
v -24.000000 0.000000 -14.000000
v -24.000000 0.000000 -6.000000
v -30.000000 0.000000 -8.000000
v -22.000000 0.000000 -8.000000
v -24.000000 0.000000 -30.000000
v -24.000000 0.000000 -22.000000
v -30.000000 0.000000 -24.000000
v -22.000000 0.000000 -24.000000
v -8.000000 0.000000 18.000000
v -8.000000 0.000000 26.000000
v -14.000000 0.000000 24.000000
v -6.000000 0.000000 24.000000
v -24.000000 0.000000 18.000000
v -24.001932 0.048380 25.964144
v -30.000000 0.000000 24.000000
v -22.011435 0.286194 23.787889
v -24.000000 0.000000 2.000000
v -24.000000 0.000000 10.000000
v -30.000000 0.000000 8.000000
v -22.000000 0.000000 8.000000
v 24.000000 0.000000 18.000000
v 24.000000 0.000000 26.000000
v 18.000000 0.000000 24.000000
v 26.000000 0.000000 24.000000
v 8.001081 0.086418 17.942394
v 8.000000 0.000000 26.000000
v 2.000000 0.000000 24.000000
v 10.000292 0.023381 23.984415
v 8.000000 0.000000 2.000000
v 8.001337 -0.003530 10.002037
v 2.000000 0.000000 8.000000
v 10.028779 -0.075962 8.043831
v 24.000000 0.000000 2.000000
v 24.000000 0.000000 10.000000
v 18.082066 -0.216614 8.124989
v 26.000000 0.000000 8.000000
v -7.999710 -0.008664 2.006807
v -8.000000 0.000000 10.000000
v -14.000000 0.000000 8.000000
v -6.000000 0.000000 8.000000
v -8.000000 0.000000 -30.000000
v -8.000000 0.000000 -22.000000
v -14.000000 0.000000 -24.000000
v -6.000000 0.000000 -24.000000
v 24.000000 0.000000 -30.000000
v 24.000368 -0.016794 -21.981915
v 18.000427 -0.019514 -23.978985
v 26.000000 0.000000 -24.000000
v -32.000000 0.000000 26.000000
v 26.000000 0.000000 32.000000
v 32.000000 0.000000 -26.000000
v -26.000000 0.000000 -32.000000
v -32.000000 0.000000 -6.000000
v -6.000000 0.000000 32.000000
v 32.000000 0.000000 6.000000
v 6.000000 0.000000 -32.000000
v 0.000000 0.000000 -26.000000
v 0.000000 0.000000 6.000000
v -26.000000 0.000000 0.000000
v 6.000000 0.000000 0.000000
v -32.000000 0.000000 10.000000
v 10.000000 0.000000 32.000000
v 32.000000 0.000000 -10.000000
v -10.000000 0.000000 -32.000000
v -32.000000 0.000000 -22.000000
v -22.000000 0.000000 32.000000
v 32.000000 0.000000 22.000000
v 22.000000 0.000000 -32.000000
v 0.000000 0.000000 -10.000000
v 0.000000 0.000000 22.000000
v -9.997097 -0.086636 0.068069
v 22.000000 0.000000 0.000000
v 16.065542 -0.173001 6.099823
v 16.000095 0.007700 21.994867
v 6.000096 0.007700 15.994867
v 22.000000 0.000000 16.000000
v -15.999710 -0.008664 6.006807
v -16.000265 0.006645 21.995075
v -26.000000 0.000000 16.000000
v -10.000000 0.000000 16.000000
v -16.000000 0.000000 -26.000000
v -16.000000 0.000000 -10.000000
v -26.000000 0.000000 -16.000000
v -10.000000 0.000000 -16.000000
v 16.000000 0.000000 -26.000000
v 16.000000 0.000000 -10.000000
v 6.000000 0.000000 -16.000000
v 22.087219 0.058476 -16.097097
v -32.000000 0.000000 18.000000
v 18.000000 0.000000 32.000000
v 32.000000 0.000000 -18.000000
v -18.000000 0.000000 -32.000000
v -32.000000 0.000000 -14.000000
v -14.000000 0.000000 32.000000
v 32.000000 0.000000 14.000000
v 14.000000 0.000000 -32.000000
v 0.000000 0.000000 -18.000000
v 0.000000 0.000000 14.000000
v -17.999969 -0.000886 0.000696
v 14.000000 0.000000 0.000000
v -32.000000 0.000000 2.000000
v 2.000000 0.000000 32.000000
v 32.000000 0.000000 -2.000000
v -2.000000 0.000000 -32.000000
v -32.000000 0.000000 -30.000000
v -30.000000 0.000000 32.000000
v 32.000000 0.000000 30.000000
v 30.000000 0.000000 -32.000000
v 0.000000 0.000000 -2.000000
v 0.000000 0.000000 30.000000
v -2.000000 0.000000 0.000000
v 30.000000 0.000000 0.000000
v 16.065542 -0.173001 14.099823
v 16.000000 0.000000 30.000000
v 14.014465 0.012361 15.988485
v 30.000000 0.000000 16.000000
v -16.000000 0.000000 14.000000
v -16.000000 0.000000 30.000000
v -18.000000 0.000000 16.000000
v -2.000000 0.000000 16.000000
v -16.021090 0.352686 -18.354580
v -15.999710 -0.008664 -1.993193
v -18.014870 0.248673 -16.250010
v -2.000000 0.000000 -16.000000
v 16.087343 0.052794 -18.090979
v 16.000000 0.000000 -2.000000
v 14.023787 0.007192 -16.016979
v 30.000000 0.000000 -16.000000
v 24.000000 0.000000 -10.000000
v 24.000000 0.000000 -2.000000
v 22.000000 0.000000 -8.000000
v 30.000000 0.000000 -8.000000
v 8.000000 0.000000 -10.000000
v 8.000000 0.000000 -2.000000
v 6.000000 0.000000 -8.000000
v 14.000000 0.000000 -8.000000
v 8.000000 0.000000 -26.000000
v 8.000000 0.000000 -18.000000
v 6.000000 0.000000 -24.000000
v 14.000000 0.000000 -24.000000
v -8.000000 0.000000 -10.000000
v -8.000000 0.000000 -2.000000
v -10.000000 0.000000 -8.000000
v -2.000000 0.000000 -8.000000
v -24.000000 0.000000 -10.000000
v -24.000000 0.000000 -2.000000
v -26.000000 0.000000 -8.000000
v -18.000000 0.000000 -8.000000
v -24.000000 0.000000 -26.000000
v -24.000000 0.000000 -18.000000
v -26.000000 0.000000 -24.000000
v -18.000000 0.000000 -24.000000
v -8.000000 0.000000 22.000000
v -8.000000 0.000000 30.000000
v -10.000000 0.000000 24.000000
v -2.000000 0.000000 24.000000
v -24.005419 0.135624 21.899485
v -24.000000 0.000000 30.000000
v -26.000265 0.006645 23.995075
v -18.005419 0.135624 23.899485
v -24.000000 0.000000 6.000000
v -24.000000 0.000000 14.000000
v -26.000000 0.000000 8.000000
v -18.000000 0.000000 8.000000
v 24.000000 0.000000 22.000000
v 24.000000 0.000000 30.000000
v 22.000000 0.000000 24.000000
v 30.000000 0.000000 24.000000
v 8.000611 0.048929 21.967384
v 8.000000 0.000000 30.000000
v 6.000000 0.000000 24.000000
v 14.000096 0.007700 23.994867
v 8.000000 0.000000 6.000000
v 8.000096 0.007700 13.994867
v 6.000000 0.000000 8.000000
v 14.123498 -0.325974 8.188090
v 24.000000 0.000000 6.000000
v 24.000000 0.000000 14.000000
v 22.000124 -0.000326 8.000188
v 30.000000 0.000000 8.000000
v -8.000000 0.000000 6.000000
v -8.000000 0.000000 14.000000
v -10.000000 0.000000 8.000000
v -2.000000 0.000000 8.000000
v -8.000000 0.000000 -26.000000
v -8.000000 0.000000 -18.000000
v -10.000000 0.000000 -24.000000
v -2.000000 0.000000 -24.000000
v 24.000000 0.000000 -26.000000
v 24.024548 -0.027578 -17.979534
v 22.000099 -0.004485 -23.995171
v 30.000000 0.000000 -24.000000
v 28.000000 0.000000 -22.000000
v 28.000000 0.000000 -18.000000
v 26.000011 -0.000493 -19.999470
v 30.000000 0.000000 -20.000000
v 20.025225 -0.058441 -21.946299
v 20.141291 0.119637 -18.184328
v 18.087803 0.031789 -20.068359
v 22.050594 -0.022158 -19.995459
v 20.000000 0.000000 -30.000000
v 20.000000 0.000000 -26.000000
v 18.000000 0.000000 -28.000000
v 22.000000 0.000000 -28.000000
v -4.000000 0.000000 -22.000000
v -4.000000 0.000000 -18.000000
v -6.000000 0.000000 -20.000000
v -2.000000 0.000000 -20.000000
v -12.000000 0.000000 -22.000000
v -12.003824 0.063948 -18.064291
v -14.006545 0.109445 -20.110033
v -10.000000 0.000000 -20.000000
v -12.000000 0.000000 -30.000000
v -12.000000 0.000000 -26.000000
v -14.000000 0.000000 -28.000000
v -10.000000 0.000000 -28.000000
v -4.000000 0.000000 10.000000
v -4.000000 0.000000 14.000000
v -6.000000 0.000000 12.000000
v -2.000000 0.000000 12.000000
v -12.000000 0.000000 10.000000
v -12.000000 0.000000 14.000000
v -14.000000 0.000000 12.000000
v -10.000000 0.000000 12.000000
v -11.990644 -0.279186 2.219354
v -11.998303 -0.050621 6.039773
v -13.993403 -0.196850 4.154663
v -9.997097 -0.086636 4.068069
v 28.000000 0.000000 10.000000
v 28.000000 0.000000 14.000000
v 26.000000 0.000000 12.000000
v 30.000000 0.000000 12.000000
v 20.039101 -0.103207 10.059551
v 20.007835 -0.020684 14.011935
v 18.082066 -0.216614 12.124989
v 22.000124 -0.000326 12.000188
v 20.000000 0.000000 2.000000
v 20.007835 -0.020684 6.011935
v 18.003889 -0.010264 4.005922
v 22.000000 0.000000 4.000000
v 12.101202 -0.267122 10.154132
v 12.039746 -0.080760 14.044505
v 10.028779 -0.075962 12.043831
v 14.123498 -0.325974 12.188090
v 4.000000 0.000000 10.000000
v 4.000000 0.000000 14.000000
v 2.000000 0.000000 12.000000
v 6.000000 0.000000 12.000000
v 4.000000 0.000000 2.000000
v 4.000000 0.000000 6.000000
v 2.000000 0.000000 4.000000
v 6.000000 0.000000 4.000000
v 12.000000 0.000000 26.000000
v 12.000000 0.000000 30.000000
v 10.000000 0.000000 28.000000
v 14.000000 0.000000 28.000000
v 4.000000 0.000000 26.000000
v 4.000000 0.000000 30.000000
v 2.000000 0.000000 28.000000
v 6.000000 0.000000 28.000000
v 4.000000 0.000000 18.000000
v 4.000000 0.000000 22.000000
v 2.000000 0.000000 20.000000
v 6.000292 0.023381 19.984415
v 28.000000 0.000000 26.000000
v 28.000000 0.000000 30.000000
v 26.000000 0.000000 28.000000
v 30.000000 0.000000 28.000000
v 20.000000 0.000000 26.000000
v 20.000000 0.000000 30.000000
v 18.000000 0.000000 28.000000
v 22.000000 0.000000 28.000000
v 20.000000 0.000000 18.000000
v 20.000000 0.000000 22.000000
v 18.000000 0.000000 20.000000
v 22.000000 0.000000 20.000000
v -20.000000 0.000000 10.000000
v -20.000000 0.000000 14.000000
v -22.000000 0.000000 12.000000
v -18.000000 0.000000 12.000000
v -28.000000 0.000000 10.000000
v -28.000000 0.000000 14.000000
v -30.000000 0.000000 12.000000
v -26.000000 0.000000 12.000000
v -28.000000 0.000000 2.000000
v -28.000000 0.000000 6.000000
v -30.000000 0.000000 4.000000
v -26.000000 0.000000 4.000000
v -20.005419 0.135624 25.899485
v -20.000000 0.000000 30.000000
v -22.000265 0.006645 27.995075
v -18.000000 0.000000 28.000000
v -28.000000 0.000000 26.000000
v -28.000000 0.000000 30.000000
v -30.000000 0.000000 28.000000
v -26.000000 0.000000 28.000000
v -28.000000 0.000000 18.000000
v -28.000000 0.000000 22.000000
v -30.000000 0.000000 20.000000
v -26.000000 0.000000 20.000000
v -4.000000 0.000000 26.000000
v -4.000000 0.000000 30.000000
v -6.000000 0.000000 28.000000
v -2.000000 0.000000 28.000000
v -12.000000 0.000000 26.000000
v -12.000000 0.000000 30.000000
v -14.000000 0.000000 28.000000
v -10.000000 0.000000 28.000000
v -12.000000 0.000000 18.000000
v -12.000000 0.000000 22.000000
v -14.000000 0.000000 20.000000
v -10.000000 0.000000 20.000000
v -20.000000 0.000000 -22.000000
v -20.003824 0.063948 -18.064291
v -22.000000 0.000000 -20.000000
v -18.006544 0.109445 -20.110033
v -28.000000 0.000000 -22.000000
v -28.000000 0.000000 -18.000000
v -30.000000 0.000000 -20.000000
v -26.000000 0.000000 -20.000000
v -28.000000 0.000000 -30.000000
v -28.000000 0.000000 -26.000000
v -30.000000 0.000000 -28.000000
v -26.000000 0.000000 -28.000000
v -20.000000 0.000000 -6.000000
v -20.000000 0.000000 -2.000000
v -22.000000 0.000000 -4.000000
v -18.000000 0.000000 -4.000000
v -28.000000 0.000000 -6.000000
v -28.000000 0.000000 -2.000000
v -30.000000 0.000000 -4.000000
v -26.000000 0.000000 -4.000000
v -28.000000 0.000000 -14.000000
v -28.000000 0.000000 -10.000000
v -30.000000 0.000000 -12.000000
v -26.000000 0.000000 -12.000000
v -4.000000 0.000000 -6.000000
v -4.000000 0.000000 -2.000000
v -6.000000 0.000000 -4.000000
v -2.000000 0.000000 -4.000000
v -12.000000 0.000000 -6.000000
v -11.998303 -0.050621 -1.960227
v -14.000000 0.000000 -4.000000
v -10.000000 0.000000 -4.000000
v -12.000654 0.010945 -14.011003
v -12.000000 0.000000 -10.000000
v -14.000067 0.001119 -12.001125
v -10.000000 0.000000 -12.000000
v 12.000000 0.000000 -22.000000
v 12.000025 -0.001116 -17.998798
v 10.000000 0.000000 -20.000000
v 14.008557 -0.030679 -19.970001
v 4.000000 0.000000 -22.000000
v 4.000000 0.000000 -18.000000
v 2.000000 0.000000 -20.000000
v 6.000000 0.000000 -20.000000
v 4.000000 0.000000 -30.000000
v 4.000000 0.000000 -26.000000
v 2.000000 0.000000 -28.000000
v 6.000000 0.000000 -28.000000
v 12.000000 0.000000 -6.000000
v 12.000000 0.000000 -2.000000
v 10.000000 0.000000 -4.000000
v 14.000000 0.000000 -4.000000
v 4.000000 0.000000 -6.000000
v 4.000000 0.000000 -2.000000
v 2.000000 0.000000 -4.000000
v 6.000000 0.000000 -4.000000
v 4.000000 0.000000 -14.000000
v 4.000000 0.000000 -10.000000
v 2.000000 0.000000 -12.000000
v 6.000000 0.000000 -12.000000
v 28.000000 0.000000 -6.000000
v 28.000000 0.000000 -2.000000
v 26.000000 0.000000 -4.000000
v 30.000000 0.000000 -4.000000
v 20.000000 0.000000 -6.000000
v 20.000000 0.000000 -2.000000
v 18.000000 0.000000 -4.000000
v 22.000000 0.000000 -4.000000
v 20.086790 0.078014 -14.118139
v 20.000000 0.000000 -10.000000
v 18.023319 0.028488 -12.039911
v 22.007782 0.004751 -12.008157
v 28.000000 0.000000 -14.000000
v 28.000000 0.000000 -10.000000
v 26.000000 0.000000 -12.000000
v 30.000000 0.000000 -12.000000
v 12.000000 0.000000 -14.000000
v 12.000000 0.000000 -10.000000
v 10.000000 0.000000 -12.000000
v 14.000000 0.000000 -12.000000
v 12.000000 0.000000 -30.000000
v 12.000000 0.000000 -26.000000
v 10.000000 0.000000 -28.000000
v 14.000000 0.000000 -28.000000
v -4.000000 0.000000 -14.000000
v -4.000000 0.000000 -10.000000
v -6.000000 0.000000 -12.000000
v -2.000000 0.000000 -12.000000
v -20.000654 0.010945 -14.011003
v -20.000000 0.000000 -10.000000
v -22.000000 0.000000 -12.000000
v -18.000067 0.001119 -12.001125
v -20.000000 0.000000 -30.000000
v -20.000000 0.000000 -26.000000
v -22.000000 0.000000 -28.000000
v -18.000000 0.000000 -28.000000
v -4.000000 0.000000 18.000000
v -4.000000 0.000000 22.000000
v -6.000000 0.000000 20.000000
v -2.000000 0.000000 20.000000
v -20.000265 0.006645 17.995075
v -20.011435 0.286194 21.787889
v -22.005419 0.135624 19.899485
v -18.001932 0.048380 19.964144
v -20.000000 0.000000 2.000000
v -20.000000 0.000000 6.000000
v -22.000000 0.000000 4.000000
v -17.999969 -0.000886 4.000696
v 28.000000 0.000000 18.000000
v 28.000000 0.000000 22.000000
v 26.000000 0.000000 20.000000
v 30.000000 0.000000 20.000000
v 12.001757 0.140524 17.906328
v 12.001081 0.086418 21.942394
v 10.001757 0.140524 19.906328
v 14.001081 0.086418 19.942394
v 12.000000 0.000000 2.000000
v 12.039101 -0.103207 6.059552
v 10.000000 0.000000 4.000000
v 14.013247 -0.034965 4.020175
v 28.000000 0.000000 2.000000
v 28.000000 0.000000 6.000000
v 26.000000 0.000000 4.000000
v 30.000000 0.000000 4.000000
v -4.000000 0.000000 2.000000
v -4.000000 0.000000 6.000000
v -6.000000 0.000000 4.000000
v -2.000000 0.000000 4.000000
v -4.000000 0.000000 -30.000000
v -4.000000 0.000000 -26.000000
v -6.000000 0.000000 -28.000000
v -2.000000 0.000000 -28.000000
v 28.000000 0.000000 -30.000000
v 28.000000 0.000000 -26.000000
v 26.000000 0.000000 -28.000000
v 30.000000 0.000000 -28.000000
v 30.000000 0.000000 -26.000000
v 26.000000 0.000000 -26.000000
v 26.000000 0.000000 -30.000000
v -2.000000 0.000000 -26.000000
v -6.000000 0.000000 -26.000000
v -6.000000 0.000000 -30.000000
v -2.000000 0.000000 6.000000
v -6.000000 0.000000 6.000000
v -6.000000 0.000000 2.000000
v 30.000000 0.000000 6.000000
v 26.000000 0.000000 6.000000
v 26.000000 0.000000 2.000000
v 14.065543 -0.173001 6.099823
v 10.007836 -0.020684 6.011935
v 10.000000 0.000000 2.000000
v 14.000611 0.048929 21.967384
v 10.001081 0.086418 21.942394
v 10.001757 0.140524 17.906328
v 30.000000 0.000000 22.000000
v 26.000000 0.000000 22.000000
v 26.000000 0.000000 18.000000
v -18.000000 0.000000 6.000000
v -22.000000 0.000000 6.000000
v -22.000000 0.000000 2.000000
v -18.005419 0.135624 21.899485
v -22.011435 0.286194 21.787889
v -22.000265 0.006645 17.995075
v -2.000000 0.000000 22.000000
v -6.000000 0.000000 22.000000
v -6.000000 0.000000 18.000000
v -18.000000 0.000000 -26.000000
v -22.000000 0.000000 -26.000000
v -22.000000 0.000000 -30.000000
v -18.000000 0.000000 -10.000000
v -22.000000 0.000000 -10.000000
v -22.000000 0.000000 -14.000000
v -2.000000 0.000000 -10.000000
v -6.000000 0.000000 -10.000000
v -6.000000 0.000000 -14.000000
v 14.000000 0.000000 -26.000000
v 10.000000 0.000000 -26.000000
v 10.000000 0.000000 -30.000000
v 14.000000 0.000000 -10.000000
v 10.000000 0.000000 -10.000000
v 10.000000 0.000000 -14.000000
v 30.000000 0.000000 -10.000000
v 26.000000 0.000000 -10.000000
v 26.000000 0.000000 -14.000000
v 22.000000 0.000000 -10.000000
v 18.000000 0.000000 -10.000000
v 18.086716 0.081414 -14.121800
v 22.000000 0.000000 -2.000000
v 18.000000 0.000000 -2.000000
v 18.000000 0.000000 -6.000000
v 30.000000 0.000000 -2.000000
v 26.000000 0.000000 -2.000000
v 26.000000 0.000000 -6.000000
v 6.000000 0.000000 -10.000000
v 2.000000 0.000000 -10.000000
v 2.000000 0.000000 -14.000000
v 6.000000 0.000000 -2.000000
v 2.000000 0.000000 -2.000000
v 2.000000 0.000000 -6.000000
v 14.000000 0.000000 -2.000000
v 10.000000 0.000000 -2.000000
v 10.000000 0.000000 -6.000000
v 6.000000 0.000000 -26.000000
v 2.000000 0.000000 -26.000000
v 2.000000 0.000000 -30.000000
v 6.000000 0.000000 -18.000000
v 2.000000 0.000000 -18.000000
v 2.000000 0.000000 -22.000000
v 14.024130 -0.008478 -18.000103
v 10.000000 0.000000 -18.000000
v 10.000000 0.000000 -22.000000
v -10.000000 0.000000 -10.000000
v -14.000000 0.000000 -10.000000
v -14.006545 0.109445 -14.110032
v -9.999710 -0.008664 -1.993193
v -13.998303 -0.050621 -1.960227
v -14.000000 0.000000 -6.000000
v -2.000000 0.000000 -2.000000
v -6.000000 0.000000 -2.000000
v -6.000000 0.000000 -6.000000
v -26.000000 0.000000 -10.000000
v -30.000000 0.000000 -10.000000
v -30.000000 0.000000 -14.000000
v -26.000000 0.000000 -2.000000
v -30.000000 0.000000 -2.000000
v -30.000000 0.000000 -6.000000
v -18.000000 0.000000 -2.000000
v -22.000000 0.000000 -2.000000
v -22.000000 0.000000 -6.000000
v -26.000000 0.000000 -26.000000
v -30.000000 0.000000 -26.000000
v -30.000000 0.000000 -30.000000
v -26.000000 0.000000 -18.000000
v -30.000000 0.000000 -18.000000
v -30.000000 0.000000 -22.000000
v -18.014870 0.248673 -18.250010
v -22.000000 0.000000 -18.000000
v -22.000000 0.000000 -22.000000
v -10.000000 0.000000 22.000000
v -14.000000 0.000000 22.000000
v -14.000000 0.000000 18.000000
v -10.000000 0.000000 30.000000
v -14.000000 0.000000 30.000000
v -14.000000 0.000000 26.000000
v -2.000000 0.000000 30.000000
v -6.000000 0.000000 30.000000
v -6.000000 0.000000 26.000000
v -26.000265 0.006645 21.995075
v -30.000000 0.000000 22.000000
v -30.000000 0.000000 18.000000
v -26.000000 0.000000 30.000000
v -30.000000 0.000000 30.000000
v -30.000000 0.000000 26.000000
v -18.000000 0.000000 30.000000
v -22.000000 0.000000 30.000000
v -22.005419 0.135624 25.899485
v -26.000000 0.000000 6.000000
v -30.000000 0.000000 6.000000
v -30.000000 0.000000 2.000000
v -26.000000 0.000000 14.000000
v -30.000000 0.000000 14.000000
v -30.000000 0.000000 10.000000
v -18.000000 0.000000 14.000000
v -22.000000 0.000000 14.000000
v -22.000000 0.000000 10.000000
v 22.000000 0.000000 22.000000
v 18.000000 0.000000 22.000000
v 18.000000 0.000000 18.000000
v 22.000000 0.000000 30.000000
v 18.000000 0.000000 30.000000
v 18.000000 0.000000 26.000000
v 30.000000 0.000000 30.000000
v 26.000000 0.000000 30.000000
v 26.000000 0.000000 26.000000
v 6.000096 0.007700 21.994867
v 2.000000 0.000000 22.000000
v 2.000000 0.000000 18.000000
v 6.000000 0.000000 30.000000
v 2.000000 0.000000 30.000000
v 2.000000 0.000000 26.000000
v 14.000000 0.000000 30.000000
v 10.000000 0.000000 30.000000
v 10.000000 0.000000 26.000000
v 6.000000 0.000000 6.000000
v 2.000000 0.000000 6.000000
v 2.000000 0.000000 2.000000
v 6.000000 0.000000 14.000000
v 2.000000 0.000000 14.000000
v 2.000000 0.000000 10.000000
v 14.065798 -0.165719 14.094932
v 10.008277 0.002304 13.996576
v 10.039101 -0.103207 10.059551
v 22.000000 0.000000 6.000000
v 18.039101 -0.103207 6.059552
v 18.000000 0.000000 2.000000
v 22.000000 0.000000 14.000000
v 18.039101 -0.103207 14.059551
v 18.101202 -0.267122 10.154132
v 30.000000 0.000000 14.000000
v 26.000000 0.000000 14.000000
v 26.000000 0.000000 10.000000
v -9.999710 -0.008664 6.006807
v -13.998303 -0.050621 6.039773
v -13.990644 -0.279186 2.219354
v -10.000000 0.000000 14.000000
v -14.000000 0.000000 14.000000
v -14.000000 0.000000 10.000000
v -2.000000 0.000000 14.000000
v -6.000000 0.000000 14.000000
v -6.000000 0.000000 10.000000
v -10.000000 0.000000 -26.000000
v -14.000000 0.000000 -26.000000
v -14.000000 0.000000 -30.000000
v -10.000000 0.000000 -18.000000
v -14.014871 0.248673 -18.250010
v -14.000067 0.001119 -22.001125
v -2.000000 0.000000 -18.000000
v -6.000000 0.000000 -18.000000
v -6.000000 0.000000 -22.000000
v 22.000000 0.000000 -26.000000
v 18.000000 0.000000 -26.000000
v 18.000000 0.000000 -30.000000
v 22.087587 0.041610 -18.078936
v 18.141262 0.120945 -18.185736
v 18.025124 -0.053835 -21.951258
v 30.000000 0.000000 -18.000000
v 26.000132 -0.006016 -17.993521
v 26.000000 0.000000 -22.000000
v 30.000000 0.000000 -22.000000
v 22.009214 -0.060707 -21.937664
v 22.000000 0.000000 -30.000000
v -2.000000 0.000000 -22.000000
v -10.000000 0.000000 -22.000000
v -10.000000 0.000000 -30.000000
v -2.000000 0.000000 10.000000
v -10.000000 0.000000 10.000000
v -9.995491 -0.134545 2.105711
v 30.000000 0.000000 10.000000
v 22.001337 -0.003530 10.002037
v 22.000000 0.000000 2.000000
v 14.150194 -0.396438 10.228748
v 6.000000 0.000000 10.000000
v 6.000000 0.000000 2.000000
v 14.000000 0.000000 26.000000
v 6.000000 0.000000 26.000000
v 6.000292 0.023381 17.984415
v 30.000000 0.000000 26.000000
v 22.000000 0.000000 26.000000
v 22.000000 0.000000 18.000000
v -18.000000 0.000000 10.000000
v -26.000000 0.000000 10.000000
v -26.000000 0.000000 2.000000
v -18.001932 0.048380 25.964144
v -26.000000 0.000000 26.000000
v -26.000000 0.000000 18.000000
v -2.000000 0.000000 26.000000
v -10.000000 0.000000 26.000000
v -10.000000 0.000000 18.000000
v -18.000067 0.001119 -22.001125
v -26.000000 0.000000 -22.000000
v -26.000000 0.000000 -30.000000
v -18.000000 0.000000 -6.000000
v -26.000000 0.000000 -6.000000
v -26.000000 0.000000 -14.000000
v -2.000000 0.000000 -6.000000
v -10.000000 0.000000 -6.000000
v -10.000000 0.000000 -14.000000
v 14.000208 -0.009496 -21.989773
v 6.000000 0.000000 -22.000000
v 6.000000 0.000000 -30.000000
v 14.000000 0.000000 -6.000000
v 6.000000 0.000000 -6.000000
v 6.000000 0.000000 -14.000000
v 30.000000 0.000000 -6.000000
v 22.000000 0.000000 -6.000000
v 22.049337 0.035172 -14.057198
v 30.000000 0.000000 -14.000000
v 14.007805 0.003680 -14.007004
v 14.000000 0.000000 -30.000000
v -2.000000 0.000000 -14.000000
v -18.006544 0.109445 -14.110032
v -18.000000 0.000000 -30.000000
v -2.000000 0.000000 18.000000
v -18.000000 0.000000 18.000000
v -17.999710 -0.008664 2.006807
v 30.000000 0.000000 18.000000
v 14.001081 0.086418 17.942394
v 14.000000 0.000000 2.000000
v 30.000000 0.000000 2.000000
v -2.000000 0.000000 2.000000
v -2.000000 0.000000 -30.000000
v 30.000000 0.000000 -30.000000
v -32.000000 0.000000 31.000000
v 31.000000 0.000000 32.000000
v 32.000000 0.000000 -31.000000
v -31.000000 0.000000 -32.000000
v -32.000000 0.000000 -1.000000
v -1.000000 0.000000 32.000000
v 32.000000 0.000000 1.000000
v 1.000000 0.000000 -32.000000
v 0.000000 0.000000 -31.000000
v 0.000000 0.000000 1.000000
v -31.000000 0.000000 0.000000
v 1.000000 0.000000 0.000000
v -32.000000 0.000000 15.000000
v 15.000000 0.000000 32.000000
v 32.000000 0.000000 -15.000000
v -15.000000 0.000000 -32.000000
v -32.000000 0.000000 -17.000000
v -17.000000 0.000000 32.000000
v 32.000000 0.000000 17.000000
v 17.000000 0.000000 -32.000000
v 0.000000 0.000000 -15.000000
v 0.000000 0.000000 17.000000
v -14.995019 -0.148638 0.116783
v 17.000000 0.000000 0.000000
v 16.000000 0.000000 1.000000
v 16.001177 0.013862 16.990530
v 1.000000 0.000000 16.000000
v 17.009048 -0.023881 16.013779
v -15.995934 -0.121342 1.095337
v -16.000000 0.000000 17.000000
v -31.000000 0.000000 16.000000
v -15.000000 0.000000 16.000000
v -16.000000 0.000000 -31.000000
v -16.016254 0.271826 -15.273286
v -31.000000 0.000000 -16.000000
v -15.019342 0.323467 -16.325203
v 16.000000 0.000000 -31.000000
v 16.071138 0.060806 -15.093427
v 1.000000 0.000000 -16.000000
v 17.118288 0.101927 -16.156237
v -32.000000 0.000000 23.000000
v 23.000000 0.000000 32.000000
v 32.000000 0.000000 -23.000000
v -23.000000 0.000000 -32.000000
v -32.000000 0.000000 -9.000000
v -9.000000 0.000000 32.000000
v 32.000000 0.000000 9.000000
v 9.000000 0.000000 -32.000000
v 0.000000 0.000000 -23.000000
v 0.000000 0.000000 9.000000
v -23.000000 0.000000 0.000000
v 9.000000 0.000000 0.000000
v -32.000000 0.000000 7.000000
v 7.000000 0.000000 32.000000
v 32.000000 0.000000 -7.000000
v -7.000000 0.000000 -32.000000
v -32.000000 0.000000 -25.000000
v -25.000000 0.000000 32.000000
v 32.000000 0.000000 25.000000
v 25.000000 0.000000 -32.000000
v 0.000000 0.000000 -7.000000
v 0.000000 0.000000 25.000000
v -7.000000 0.000000 0.000000
v 25.000000 0.000000 0.000000
v 16.142962 -0.377346 9.217732
v 16.000000 0.000000 25.000000
v 9.000885 0.070765 15.952828
v 25.000000 0.000000 16.000000
v -16.000000 0.000000 9.000000
v -16.000040 0.000990 24.999266
v -23.000000 0.000000 16.000000
v -7.000000 0.000000 16.000000
v -16.000000 0.000000 -23.000000
v -16.000000 0.000000 -7.000000
v -23.000000 0.000000 -16.000000
v -7.000000 0.000000 -16.000000
v 16.000658 -0.029825 -22.967884
v 16.000000 0.000000 -7.000000
v 9.000000 0.000000 -16.000000
v 25.004618 -0.019556 -15.980556
v 24.016983 -0.007498 -14.998410
v 24.000000 0.000000 -7.000000
v 17.000000 0.000000 -8.000000
v 25.000000 0.000000 -8.000000
v 8.000000 0.000000 -15.000000
v 8.000000 0.000000 -7.000000
v 1.000000 0.000000 -8.000000
v 9.000000 0.000000 -8.000000
v 8.000000 0.000000 -31.000000
v 8.000000 0.000000 -23.000000
v 1.000000 0.000000 -24.000000
v 9.000000 0.000000 -24.000000
v -8.000000 0.000000 -15.000000
v -8.000000 0.000000 -7.000000
v -15.000000 0.000000 -8.000000
v -7.000000 0.000000 -8.000000
v -24.000000 0.000000 -15.000000
v -24.000000 0.000000 -7.000000
v -31.000000 0.000000 -8.000000
v -23.000000 0.000000 -8.000000
v -24.000000 0.000000 -31.000000
v -24.000000 0.000000 -23.000000
v -31.000000 0.000000 -24.000000
v -23.000000 0.000000 -24.000000
v -8.000000 0.000000 17.000000
v -8.000000 0.000000 25.000000
v -15.000000 0.000000 24.000000
v -7.000000 0.000000 24.000000
v -24.000000 0.000000 17.000000
v -24.003868 0.096833 24.928232
v -31.000000 0.000000 24.000000
v -23.008791 0.220019 23.836935
v -24.000000 0.000000 1.000000
v -24.000000 0.000000 9.000000
v -31.000000 0.000000 8.000000
v -23.000000 0.000000 8.000000
v 24.000000 0.000000 17.000000
v 24.000000 0.000000 25.000000
v 17.000000 0.000000 24.000000
v 25.000000 0.000000 24.000000
v 8.000885 0.070765 16.952829
v 8.000000 0.000004 24.999998
v 1.000000 0.000000 24.000000
v 9.000205 0.016423 23.989052
v 8.000000 0.000000 1.000000
v 8.000911 -0.002403 9.001387
v 1.000000 0.000000 8.000000
v 9.009049 -0.023885 8.013782
v 24.000000 0.000000 1.000000
v 24.000000 0.000000 9.000000
v 17.106449 -0.280975 8.162126
v 25.000000 0.000000 8.000000
v -7.999801 -0.005945 1.004671
v -8.000000 0.000000 9.000000
v -15.000000 0.000000 8.000000
v -7.000000 0.000000 8.000000
v -8.000000 0.000000 -31.000000
v -8.000000 0.000000 -23.000000
v -15.000000 0.000000 -24.000000
v -7.000000 0.000000 -24.000000
v 24.000000 0.000000 -31.000000
v 24.000017 -0.000752 -22.999191
v 17.000238 -0.010856 -23.988310
v 25.000000 0.000000 -24.000000
v -32.000000 0.000000 27.000000
v 27.000000 0.000000 32.000000
v 32.000000 0.000000 -27.000000
v -27.000000 0.000000 -32.000000
v -32.000000 0.000000 -5.000000
v -5.000000 0.000000 32.000000
v 32.000000 0.000000 5.000000
v 5.000000 0.000000 -32.000000
v 0.000000 0.000000 -27.000000
v 0.000000 0.000000 5.000000
v -27.000000 0.000000 0.000000
v 5.000000 0.000000 0.000000
v -32.000000 0.000000 11.000000
v 11.000000 0.000000 32.000000
v 32.000000 0.000000 -11.000000
v -11.000000 0.000000 -32.000000
v -32.000000 0.000000 -21.000000
v -21.000000 0.000000 32.000000
v 32.000000 0.000000 21.000000
v 21.000000 0.000000 -32.000000
v 0.000000 0.000000 -11.000000
v 0.000000 0.000000 21.000000
v -10.995019 -0.148638 0.116783
v 21.000000 0.000000 0.000000
v 16.036350 -0.095947 5.055363
v 16.000206 0.016423 20.989052
v 5.000000 0.000004 15.999997
v 21.000000 0.000000 16.000000
v -15.998549 -0.043286 5.034009
v -16.000040 0.000990 20.999266
v -27.000000 0.000000 16.000000
v -11.000000 0.000000 16.000000
v -16.000000 0.000000 -27.000000
v -16.000000 0.000000 -11.000000
v -27.000000 0.000000 -16.000000
v -11.000449 0.007510 -16.007551
v 16.000000 0.000000 -27.000000
v 16.000004 0.000014 -11.000017
v 5.000000 0.000000 -16.000000
v 21.118397 0.096951 -16.150879
v -32.000000 0.000000 19.000000
v 19.000000 0.000000 32.000000
v 32.000000 0.000000 -19.000000
v -19.000000 0.000000 -32.000000
v -32.000000 0.000000 -13.000000
v -13.000000 0.000000 32.000000
v 32.000000 0.000000 13.000000
v 13.000000 0.000000 -32.000000
v 0.000000 0.000000 -19.000000
v 0.000000 0.000000 13.000000
v -19.000000 0.000000 0.000000
v 13.000000 0.000000 0.000000
v -32.000000 0.000000 3.000000
v 3.000000 0.000000 32.000000
v 32.000000 0.000000 -3.000000
v -3.000000 0.000000 -32.000000
v -32.000000 0.000000 -29.000000
v -29.000000 0.000000 32.000000
v 32.000000 0.000000 29.000000
v 29.000000 0.000000 -32.000000
v 0.000000 0.000000 -3.000000
v 0.000000 0.000000 29.000000
v -3.000000 0.000000 0.000000
v 29.000000 0.000000 0.000000
v 16.096149 -0.253784 13.146436
v 16.000000 0.000000 29.000000
v 13.010656 0.044974 15.967710
v 29.000000 0.000000 16.000000
v -16.000000 0.000000 13.000000
v -16.000000 0.000000 29.000000
v -19.000000 0.000000 16.000000
v -3.000000 0.000000 16.000000
v -16.016254 0.271826 -19.273285
v -16.000000 0.000000 -3.000000
v -19.009167 0.153287 -16.154110
v -3.000000 0.000000 -16.000000
v 16.071915 0.025350 -19.055243
v 16.000000 0.000000 -3.000000
v 13.004339 -0.006816 -15.994275
v 29.000000 0.000000 -16.000000
v 24.000000 0.000000 -11.000000
v 24.000000 0.000000 -3.000000
v 21.000000 0.000000 -8.000000
v 29.000000 0.000000 -8.000000
v 8.000000 0.000000 -11.000000
v 8.000000 0.000000 -3.000000
v 5.000000 0.000000 -8.000000
v 13.000000 0.000000 -8.000000
v 8.000000 0.000000 -27.000000
v 8.000000 0.000000 -19.000000
v 5.000000 0.000000 -24.000000
v 13.000000 0.000000 -24.000000
v -8.000000 0.000000 -11.000000
v -8.000000 0.000000 -3.000000
v -11.000000 0.000000 -8.000000
v -3.000000 0.000000 -8.000000
v -24.000000 0.000000 -11.000000
v -24.000000 0.000000 -3.000000
v -27.000000 0.000000 -8.000000
v -19.000000 0.000000 -8.000000
v -24.000000 0.000000 -27.000000
v -24.000000 0.000000 -19.000000
v -27.000000 0.000000 -24.000000
v -19.000000 0.000000 -24.000000
v -8.000000 0.000000 21.000000
v -8.000000 0.000000 29.000000
v -11.000000 0.000000 24.000000
v -3.000000 0.000000 24.000000
v -24.003868 0.096833 20.928232
v -24.000000 0.000000 29.000000
v -27.000000 0.000000 24.000000
v -19.008791 0.220019 23.836935
v -24.000000 0.000000 5.000000
v -24.000000 0.000000 13.000000
v -27.000000 0.000000 8.000000
v -19.000000 0.000000 8.000000
v 24.000000 0.000000 21.000000
v 24.000000 0.000000 29.000000
v 21.000000 0.000000 24.000000
v 29.000000 0.000000 24.000000
v 8.000885 0.070765 20.952829
v 8.000000 0.000000 29.000000
v 5.000000 0.000000 24.000000
v 13.000205 0.016423 23.989052
v 8.000000 0.000000 5.000000
v 8.000000 0.000004 12.999997
v 5.000000 0.000000 8.000000
v 13.106450 -0.280975 8.162126
v 24.000000 0.000000 5.000000
v 24.000000 0.000000 13.000000
v 21.009048 -0.023885 8.013782
v 29.000000 0.000000 8.000000
v -8.000000 0.000000 5.000000
v -8.000000 0.000000 13.000000
v -11.000000 0.000000 8.000000
v -3.000000 0.000000 8.000000
v -8.000000 0.000000 -27.000000
v -8.000000 0.000000 -19.000000
v -11.000000 0.000000 -24.000000
v -3.000000 0.000000 -24.000000
v 24.000000 0.000000 -27.000000
v 24.017693 -0.039822 -18.963600
v 21.000299 -0.013698 -23.985249
v 29.000000 0.000000 -24.000000
v 28.000000 0.000000 -23.000000
v 28.000000 0.000000 -19.000000
v 25.000547 -0.024767 -19.973330
v 29.000000 0.000000 -20.000000
v 20.005503 -0.059966 -22.937038
v 20.118753 0.080730 -19.133410
v 17.072170 0.013738 -20.042738
v 21.072357 0.005137 -20.033474
v 20.000000 0.000000 -31.000000
v 20.000000 0.000000 -27.000000
v 17.000000 0.000000 -28.000000
v 21.000000 0.000000 -28.000000
v -4.000000 0.000000 -23.000000
v -4.000000 0.000000 -19.000000
v -7.000000 0.000000 -20.000000
v -3.000000 0.000000 -20.000000
v -12.000000 0.000000 -23.000000
v -12.002302 0.038507 -19.038713
v -15.009167 0.153287 -20.154110
v -11.000000 0.000000 -20.000000
v -12.000000 0.000000 -31.000000
v -12.000000 0.000000 -27.000000
v -15.000000 0.000000 -28.000000
v -11.000000 0.000000 -28.000000
v -4.000000 0.000000 9.000000
v -4.000000 0.000000 13.000000
v -7.000000 0.000000 12.000000
v -3.000000 0.000000 12.000000
v -12.000000 0.000000 9.000000
v -12.000000 0.000000 13.000000
v -15.000000 0.000000 12.000000
v -11.000000 0.000000 12.000000
v -11.991419 -0.256056 1.201181
v -11.995934 -0.121342 5.095337
v -14.995019 -0.148638 4.116784
v -10.995019 -0.148638 4.116784
v 28.000000 0.000000 9.000000
v 28.000000 0.000000 13.000000
v 25.000000 0.000000 12.000000
v 29.000000 0.000000 12.000000
v 20.036350 -0.095947 9.055363
v 20.018311 -0.048331 13.027887
v 17.106449 -0.280975 12.162126
v 21.009048 -0.023885 12.013782
v 20.000000 0.000000 1.000000
v 20.000910 -0.002403 5.001387
v 17.009048 -0.023885 4.013782
v 21.000000 0.000000 4.000000
v 12.096148 -0.253784 9.146436
v 12.061892 -0.159136 13.091457
v 9.009049 -0.023885 12.013782
v 13.106450 -0.280975 12.162126
v 4.000000 0.000000 9.000000
v 4.000000 0.000000 13.000000
v 1.000000 0.000000 12.000000
v 5.000000 0.000000 12.000000
v 4.000000 0.000000 1.000000
v 4.000000 0.000000 5.000000
v 1.000000 0.000000 4.000000
v 5.000000 0.000000 4.000000
v 12.000051 0.004091 24.997272
v 12.000000 0.000000 29.000000
v 9.000000 0.000000 28.000000
v 13.000000 0.000000 28.000000
v 4.000000 0.000000 25.000000
v 4.000000 0.000000 29.000000
v 1.000000 0.000000 28.000000
v 5.000000 0.000000 28.000000
v 4.000000 0.000000 17.000000
v 4.000000 0.000000 21.000000
v 1.000000 0.000000 20.000000
v 5.000051 0.004091 19.997272
v 28.000000 0.000000 25.000000
v 28.000000 0.000000 29.000000
v 25.000000 0.000000 28.000000
v 29.000000 0.000000 28.000000
v 20.000000 0.000000 25.000000
v 20.000000 0.000000 29.000000
v 17.000000 0.000000 28.000000
v 21.000000 0.000000 28.000000
v 20.000000 0.000000 17.000000
v 20.000000 0.000000 21.000000
v 17.000051 0.004091 19.997272
v 21.000000 0.000000 20.000000
v -20.000000 0.000000 9.000000
v -20.000000 0.000000 13.000000
v -23.000000 0.000000 12.000000
v -19.000000 0.000000 12.000000
v -28.000000 0.000000 9.000000
v -28.000000 0.000000 13.000000
v -31.000000 0.000000 12.000000
v -27.000000 0.000000 12.000000
v -28.000000 0.000000 1.000000
v -28.000000 0.000000 5.000000
v -31.000000 0.000000 4.000000
v -27.000000 0.000000 4.000000
v -20.008791 0.220019 24.836935
v -20.000000 0.000000 29.000000
v -23.000040 0.000990 27.999266
v -19.000040 0.000990 27.999266
v -28.000000 0.000000 25.000000
v -28.000000 0.000000 29.000000
v -31.000000 0.000000 28.000000
v -27.000000 0.000000 28.000000
v -28.000000 0.000000 17.000000
v -28.000000 0.000000 21.000000
v -31.000000 0.000000 20.000000
v -27.000000 0.000000 20.000000
v -4.000000 0.000000 25.000000
v -4.000000 0.000000 29.000000
v -7.000000 0.000000 28.000000
v -3.000000 0.000000 28.000000
v -12.000000 0.000000 25.000000
v -12.000000 0.000000 29.000000
v -15.000000 0.000000 28.000000
v -11.000000 0.000000 28.000000
v -12.000000 0.000000 17.000000
v -12.000000 0.000000 21.000000
v -15.000000 0.000000 20.000000
v -11.000000 0.000000 20.000000
v -20.000000 0.000000 -23.000000
v -20.002302 0.038507 -19.038713
v -23.000000 0.000000 -20.000000
v -19.003269 0.054681 -20.054976
v -28.000000 0.000000 -23.000000
v -28.000000 0.000000 -19.000000
v -31.000000 0.000000 -20.000000
v -27.000000 0.000000 -20.000000
v -28.000000 0.000000 -31.000000
v -28.000000 0.000000 -27.000000
v -31.000000 0.000000 -28.000000
v -27.000000 0.000000 -28.000000
v -20.000000 0.000000 -7.000000
v -20.000000 0.000000 -3.000000
v -23.000000 0.000000 -4.000000
v -19.000000 0.000000 -4.000000
v -28.000000 0.000000 -7.000000
v -28.000000 0.000000 -3.000000
v -31.000000 0.000000 -4.000000
v -27.000000 0.000000 -4.000000
v -28.000000 0.000000 -15.000000
v -28.000000 0.000000 -11.000000
v -31.000000 0.000000 -12.000000
v -27.000000 0.000000 -12.000000
v -4.000000 0.000000 -7.000000
v -4.000000 0.000000 -3.000000
v -7.000000 0.000000 -4.000000
v -3.000000 0.000000 -4.000000
v -12.000000 0.000000 -7.000000
v -11.999801 -0.005945 -2.995329
v -15.000000 0.000000 -4.000000
v -11.000000 0.000000 -4.000000
v -12.002302 0.038507 -15.038713
v -12.000000 0.000000 -11.000000
v -15.000449 0.007510 -12.007551
v -11.000000 0.000000 -12.000000
v 12.000000 0.000000 -23.000000
v 12.000006 -0.000268 -18.999712
v 9.000000 0.000000 -20.000000
v 13.000312 -0.014033 -19.984890
v 4.000000 0.000000 -23.000000
v 4.000000 0.000000 -19.000000
v 1.000000 0.000000 -20.000000
v 5.000000 0.000000 -20.000000
v 4.000000 0.000000 -31.000000
v 4.000000 0.000000 -27.000000
v 1.000000 0.000000 -28.000000
v 5.000000 0.000000 -28.000000
v 12.000000 0.000000 -7.000000
v 12.000000 0.000000 -3.000000
v 9.000000 0.000000 -4.000000
v 13.000000 0.000000 -4.000000
v 4.000000 0.000000 -7.000000
v 4.000000 0.000000 -3.000000
v 1.000000 0.000000 -4.000000
v 5.000000 0.000000 -4.000000
v 4.000000 0.000000 -15.000000
v 4.000000 0.000000 -11.000000
v 1.000000 0.000000 -12.000000
v 5.000000 0.000000 -12.000000
v 28.000000 0.000000 -7.000000
v 28.000000 0.000000 -3.000000
v 25.000000 0.000000 -4.000000
v 29.000000 0.000000 -4.000000
v 20.000000 0.000000 -7.000000
v 20.000000 0.000000 -3.000000
v 17.000000 0.000000 -4.000000
v 21.000000 0.000000 -4.000000
v 20.118246 0.103850 -15.158309
v 20.004072 0.005335 -11.007361
v 17.016363 0.020865 -12.028955
v 21.016468 0.016032 -12.023750
v 28.000000 0.000000 -15.000000
v 28.000000 0.000000 -11.000000
v 25.000000 0.000000 -12.000000
v 29.000000 0.000000 -12.000000
v 12.000000 0.000000 -15.000000
v 12.000000 0.000000 -11.000000
v 9.000000 0.000000 -12.000000
v 13.000000 0.000000 -12.000000
v 12.000000 0.000000 -31.000000
v 12.000000 0.000000 -27.000000
v 9.000000 0.000000 -28.000000
v 13.000000 0.000000 -28.000000
v -4.000000 0.000000 -15.000000
v -4.000000 0.000000 -11.000000
v -7.000000 0.000000 -12.000000
v -3.000000 0.000000 -12.000000
v -20.002302 0.038507 -15.038713
v -20.000000 0.000000 -11.000000
v -23.000000 0.000000 -12.000000
v -19.000000 0.000000 -12.000000
v -20.000000 0.000000 -31.000000
v -20.000000 0.000000 -27.000000
v -23.000000 0.000000 -28.000000
v -19.000000 0.000000 -28.000000
v -4.000000 0.000000 17.000000
v -4.000000 0.000000 21.000000
v -7.000000 0.000000 20.000000
v -3.000000 0.000000 20.000000
v -20.000000 0.000000 17.000000
v -20.008791 0.220019 20.836935
v -23.003868 0.096833 19.928232
v -19.003868 0.096833 19.928232
v -20.000000 0.000000 1.000000
v -20.000000 0.000000 5.000000
v -23.000000 0.000000 4.000000
v -19.000000 0.000000 4.000000
v 28.000000 0.000000 17.000000
v 28.000000 0.000000 21.000000
v 25.000000 0.000000 20.000000
v 29.000000 0.000000 20.000000
v 12.001472 0.117686 16.921553
v 12.001472 0.117686 20.921553
v 9.001472 0.117686 19.921553
v 13.001472 0.117686 19.921553
v 12.000000 0.000000 1.000000
v 12.018311 -0.048331 5.027887
v 9.000000 0.000000 4.000000
v 13.009049 -0.023885 4.013782
v 28.000000 0.000000 1.000000
v 28.000000 0.000000 5.000000
v 25.000000 0.000000 4.000000
v 29.000000 0.000000 4.000000
v -4.000000 0.000000 1.000000
v -4.000000 0.000000 5.000000
v -7.000000 0.000000 4.000000
v -3.000000 0.000000 4.000000
v -4.000000 0.000000 -31.000000
v -4.000000 0.000000 -27.000000
v -7.000000 0.000000 -28.000000
v -3.000000 0.000000 -28.000000
v 28.000000 0.000000 -31.000000
v 28.000000 0.000000 -27.000000
v 25.000000 0.000000 -28.000000
v 29.000000 0.000000 -28.000000
v -32.000000 0.000000 29.000000
v 29.000000 0.000000 32.000000
v 32.000000 0.000000 -29.000000
v -29.000000 0.000000 -32.000000
v -32.000000 0.000000 -3.000000
v -3.000000 0.000000 32.000000
v 32.000000 0.000000 3.000000
v 3.000000 0.000000 -32.000000
v 0.000000 0.000000 -29.000000
v 0.000000 0.000000 3.000000
v -29.000000 0.000000 0.000000
v 3.000000 0.000000 0.000000
v -32.000000 0.000000 13.000000
v 13.000000 0.000000 32.000000
v 32.000000 0.000000 -13.000000
v -13.000000 0.000000 -32.000000
v -32.000000 0.000000 -19.000000
v -19.000000 0.000000 32.000000
v 32.000000 0.000000 19.000000
v 19.000000 0.000000 -32.000000
v 0.000000 0.000000 -13.000000
v 0.000000 0.000000 19.000000
v -12.992789 -0.215177 0.169063
v 19.000000 0.000000 0.000000
v 16.000910 -0.002403 3.001387
v 16.000324 0.026003 18.982668
v 3.000000 0.000000 16.000000
v 19.000305 -0.000804 16.000463
v -15.995934 -0.121342 3.095337
v -16.000000 0.000000 19.000000
v -29.000000 0.000000 16.000000
v -13.000000 0.000000 16.000000
v -16.000000 0.000000 -29.000000
v -16.004427 0.074032 -13.074430
v -29.000000 0.000000 -16.000000
v -13.009167 0.153287 -16.154110
v 16.000000 0.000000 -29.000000
v 16.026016 0.028052 -13.040478
v 3.000000 0.000000 -16.000000
v 19.149736 0.136437 -16.205820
v -32.000000 0.000000 21.000000
v 21.000000 0.000000 32.000000
v 32.000000 0.000000 -21.000000
v -21.000000 0.000000 -32.000000
v -32.000000 0.000000 -11.000000
v -11.000000 0.000000 32.000000
v 32.000000 0.000000 11.000000
v 11.000000 0.000000 -32.000000
v 0.000000 0.000000 -21.000000
v 0.000000 0.000000 11.000000
v -21.000000 0.000000 0.000000
v 11.000000 0.000000 0.000000
v -32.000000 0.000000 5.000000
v 5.000000 0.000000 32.000000
v 32.000000 0.000000 -5.000000
v -5.000000 0.000000 -32.000000
v -32.000000 0.000000 -27.000000
v -27.000000 0.000000 32.000000
v 32.000000 0.000000 27.000000
v 27.000000 0.000000 -32.000000
v 0.000000 0.000000 -5.000000
v 0.000000 0.000000 27.000000
v -5.000000 0.000000 0.000000
v 27.000000 0.000000 0.000000
v 16.142962 -0.377346 11.217732
v 16.000000 0.000000 27.000000
v 11.001640 0.090824 15.939342
v 27.000000 0.000000 16.000000
v -16.000000 0.000000 11.000000
v -16.000000 0.000000 27.000000
v -21.000000 0.000000 16.000000
v -5.000000 0.000000 16.000000
v -16.004427 0.074032 -21.074429
v -16.000000 0.000000 -5.000000
v -21.000448 0.007510 -16.007551
v -5.000000 0.000000 -16.000000
v 16.027460 -0.037901 -20.969452
v 16.000000 0.000000 -5.000000
v 11.000000 0.000000 -16.000000
v 27.000000 0.000000 -16.000000
v 24.001207 -0.005069 -12.994964
v 24.000000 0.000000 -5.000000
v 19.000000 0.000000 -8.000000
v 27.000000 0.000000 -8.000000
v 8.000000 0.000000 -13.000000
v 8.000000 0.000000 -5.000000
v 3.000000 0.000000 -8.000000
v 11.000000 0.000000 -8.000000
v 8.000000 0.000000 -29.000000
v 8.000000 0.000000 -21.000000
v 3.000000 0.000000 -24.000000
v 11.000000 0.000000 -24.000000
v -8.000000 0.000000 -13.000000
v -8.000000 0.000000 -5.000000
v -13.000000 0.000000 -8.000000
v -5.000000 0.000000 -8.000000
v -24.000000 0.000000 -13.000000
v -24.000000 0.000000 -5.000000
v -29.000000 0.000000 -8.000000
v -21.000000 0.000000 -8.000000
v -24.000000 0.000000 -29.000000
v -24.000000 0.000000 -21.000000
v -29.000000 0.000000 -24.000000
v -21.000000 0.000000 -24.000000
v -8.000000 0.000000 19.000000
v -8.000000 0.000000 27.000000
v -13.000000 0.000000 24.000000
v -5.000000 0.000000 24.000000
v -24.000387 0.009684 18.992823
v -24.000387 0.009684 26.992823
v -29.000000 0.000000 24.000000
v -21.012466 0.312046 23.768730
v -24.000000 0.000000 3.000000
v -24.000000 0.000000 11.000000
v -29.000000 0.000000 8.000000
v -21.000000 0.000000 8.000000
v 24.000000 0.000000 19.000000
v 24.000000 0.000000 27.000000
v 19.000000 0.000000 24.000000
v 27.000000 0.000000 24.000000
v 8.001151 0.092115 18.938597
v 8.000000 0.000000 27.000000
v 3.000000 0.000000 24.000000
v 11.000325 0.026003 23.982668
v 8.000000 0.000000 3.000000
v 8.000911 -0.002403 11.001387
v 3.000000 0.000000 8.000000
v 11.054660 -0.144275 8.083248
v 24.000000 0.000000 3.000000
v 24.000000 0.000000 11.000000
v 19.054659 -0.144275 8.083248
v 27.000000 0.000000 8.000000
v -7.999801 -0.005945 3.004671
v -8.000000 0.000000 11.000000
v -13.000000 0.000000 8.000000
v -5.000000 0.000000 8.000000
v -8.000000 0.000000 -29.000000
v -8.000000 0.000000 -21.000000
v -13.000000 0.000000 -24.000000
v -5.000000 0.000000 -24.000000
v 24.000000 0.000000 -29.000000
v 24.002003 -0.041394 -20.955847
v 19.000519 -0.023654 -23.974527
v 27.000000 0.000000 -24.000000
v -32.000000 0.000000 25.000000
v 25.000000 0.000000 32.000000
v 32.000000 0.000000 -25.000000
v -25.000000 0.000000 -32.000000
v -32.000000 0.000000 -7.000000
v -7.000000 0.000000 32.000000
v 32.000000 0.000000 7.000000
v 7.000000 0.000000 -32.000000
v 0.000000 0.000000 -25.000000
v 0.000000 0.000000 7.000000
v -25.000000 0.000000 0.000000
v 7.000000 0.000000 0.000000
v -32.000000 0.000000 9.000000
v 9.000000 0.000000 32.000000
v 32.000000 0.000000 -9.000000
v -9.000000 0.000000 -32.000000
v -32.000000 0.000000 -23.000000
v -23.000000 0.000000 32.000000
v 32.000000 0.000000 23.000000
v 23.000000 0.000000 -32.000000
v 0.000000 0.000000 -9.000000
v 0.000000 0.000000 23.000000
v -8.998979 -0.030482 0.023949
v 23.000000 0.000000 0.000000
v 16.096149 -0.253784 7.146436
v 16.000013 0.001071 22.999287
v 7.000325 0.026003 15.982667
v 23.000000 0.000000 16.000000
v -16.000000 0.000000 7.000000
v -16.000387 0.009684 22.992823
v -25.000000 0.000000 16.000000
v -9.000000 0.000000 16.000000
v -16.000000 0.000000 -25.000000
v -16.000000 0.000000 -9.000000
v -25.000000 0.000000 -16.000000
v -9.000000 0.000000 -16.000000
v 16.000000 0.000000 -25.000000
v 16.000000 0.000000 -9.000000
v 7.000000 0.000000 -16.000000
v 23.053753 0.019472 -16.041862
v -32.000000 0.000000 17.000000
v 17.000000 0.000000 32.000000
v 32.000000 0.000000 -17.000000
v -17.000000 0.000000 -32.000000
v -32.000000 0.000000 -15.000000
v -15.000000 0.000000 32.000000
v 32.000000 0.000000 15.000000
v 15.000000 0.000000 -32.000000
v 0.000000 0.000000 -17.000000
v 0.000000 0.000000 15.000000
v -16.998978 -0.030482 0.023949
v 15.000000 0.000000 0.000000
v -32.000000 0.000000 1.000000
v 1.000000 0.000000 32.000000
v 32.000000 0.000000 -1.000000
v -1.000000 0.000000 -32.000000
v -32.000000 0.000000 -31.000000
v -31.000000 0.000000 32.000000
v 32.000000 0.000000 31.000000
v 31.000000 0.000000 -32.000000
v 0.000000 0.000000 -1.000000
v 0.000000 0.000000 31.000000
v -1.000000 0.000000 0.000000
v 31.000000 0.000000 0.000000
v 16.036383 -0.094927 15.054678
v 16.000000 0.000000 31.000000
v 15.015503 -0.014060 16.005783
v 31.000000 0.000000 16.000000
v -16.000000 0.000000 15.000000
v -16.000000 0.000000 31.000000
v -17.000000 0.000000 16.000000
v -1.000000 0.000000 16.000000
v -16.023060 0.385622 -17.387693
v -15.998549 -0.043286 -0.965991
v -17.019342 0.323467 -16.325203
v -1.000000 0.000000 -16.000000
v 16.092854 0.067570 -17.109142
v 16.000000 0.000000 -1.000000
v 15.053406 0.035306 -16.058912
v 31.000000 0.000000 -16.000000
v 24.000000 0.000000 -9.000000
v 24.000000 0.000000 -1.000000
v 23.000000 0.000000 -8.000000
v 31.000000 0.000000 -8.000000
v 8.000000 0.000000 -9.000000
v 8.000000 0.000000 -1.000000
v 7.000000 0.000000 -8.000000
v 15.000000 0.000000 -8.000000
v 8.000000 0.000000 -25.000000
v 8.000000 0.000000 -17.000000
v 7.000000 0.000000 -24.000000
v 15.000000 0.000000 -24.000000
v -8.000000 0.000000 -9.000000
v -8.000000 0.000000 -1.000000
v -9.000000 0.000000 -8.000000
v -1.000000 0.000000 -8.000000
v -24.000000 0.000000 -9.000000
v -24.000000 0.000000 -1.000000
v -25.000000 0.000000 -8.000000
v -17.000000 0.000000 -8.000000
v -24.000000 0.000000 -25.000000
v -24.000000 0.000000 -17.000000
v -25.000000 0.000000 -24.000000
v -17.000000 0.000000 -24.000000
v -8.000000 0.000000 23.000000
v -8.000000 0.000000 31.000000
v -9.000000 0.000000 24.000000
v -1.000000 0.000000 24.000000
v -24.006008 0.150382 22.888546
v -24.000000 0.000000 31.000000
v -25.002260 0.056580 23.958067
v -17.002260 0.056580 23.958067
v -24.000000 0.000000 7.000000
v -24.000000 0.000000 15.000000
v -25.000000 0.000000 8.000000
v -17.000000 0.000000 8.000000
v 24.000000 0.000000 23.000000
v 24.000000 0.000000 31.000000
v 23.000000 0.000000 24.000000
v 31.000000 0.000000 24.000000
v 8.000325 0.026003 22.982668
v 8.000000 0.000000 31.000000
v 7.000013 0.001071 23.999287
v 15.000013 0.001071 23.999287
v 8.000000 0.000000 7.000000
v 8.000325 0.026003 14.982667
v 7.000000 0.000000 8.000000
v 15.129677 -0.342282 8.197500
v 24.000000 0.000000 7.000000
v 24.000000 0.000000 15.000000
v 23.000000 0.000000 8.000000
v 31.000000 0.000000 8.000000
v -8.000000 0.000000 7.000000
v -8.000000 0.000000 15.000000
v -9.000000 0.000000 8.000000
v -1.000000 0.000000 8.000000
v -8.000000 0.000000 -25.000000
v -8.000000 0.000000 -17.000000
v -9.000000 0.000000 -24.000000
v -1.000000 0.000000 -24.000000
v 24.000000 0.000000 -25.000000
v 24.026997 -0.016743 -16.992237
v 23.000000 0.000000 -24.000000
v 31.000000 0.000000 -24.000000
v 28.000000 0.000000 -21.000000
v 28.000000 0.000000 -17.000000
v 27.000000 0.000000 -20.000000
v 31.000000 0.000000 -20.000000
v 20.054705 -0.023982 -20.995066
v 20.149780 0.134424 -17.203651
v 19.093508 0.037731 -20.077007
v 23.027578 -0.043267 -19.963673
v 20.000000 0.000000 -29.000000
v 20.000000 -0.000003 -24.999996
v 19.000000 0.000000 -28.000000
v 23.000000 0.000000 -28.000000
v -4.000000 0.000000 -21.000000
v -4.000000 0.000000 -17.000000
v -5.000000 0.000000 -20.000000
v -1.000000 0.000000 -20.000000
v -12.000000 0.000000 -21.000000
v -12.004427 0.074032 -17.074429
v -13.003270 0.054681 -20.054976
v -9.000000 0.000000 -20.000000
v -12.000000 0.000000 -29.000000
v -12.000000 0.000000 -25.000000
v -13.000000 0.000000 -28.000000
v -9.000000 0.000000 -28.000000
v -4.000000 0.000000 11.000000
v -4.000000 0.000000 15.000000
v -5.000000 0.000000 12.000000
v -1.000000 0.000000 12.000000
v -12.000000 0.000000 11.000000
v -12.000000 0.000000 15.000000
v -13.000000 0.000000 12.000000
v -9.000000 0.000000 12.000000
v -11.991419 -0.256056 3.201181
v -11.999801 -0.005945 7.004671
v -12.992789 -0.215177 4.169063
v -8.998979 -0.030482 4.023949
v 28.000000 0.000000 11.000000
v 28.000000 0.000000 15.000000
v 27.000000 0.000000 12.000000
v 31.000000 0.000000 12.000000
v 20.036350 -0.095947 11.055363
v 20.000910 -0.002403 15.001387
v 19.054659 -0.144275 12.083248
v 23.000000 0.000000 12.000000
v 20.000000 0.000000 3.000000
v 20.018311 -0.048331 7.027887
v 19.000305 -0.000804 4.000464
v 23.000000 0.000000 4.000000
v 12.096148 -0.253784 11.146436
v 12.019626 0.002848 14.993617
v 11.054660 -0.144275 12.083248
v 15.129677 -0.342282 12.197500
v 4.000000 0.000000 11.000000
v 4.000000 0.000000 15.000000
v 3.000000 0.000000 12.000000
v 7.000000 0.000000 12.000000
v 4.000000 0.000000 3.000000
v 4.000000 0.000000 7.000000
v 3.000000 0.000000 4.000000
v 7.000000 0.000000 4.000000
v 12.000000 0.000000 27.000000
v 12.000000 0.000000 31.000000
v 11.000000 0.000000 28.000000
v 15.000000 0.000000 28.000000
v 4.000000 0.000000 27.000000
v 4.000000 0.000000 31.000000
v 3.000000 0.000000 28.000000
v 7.000000 0.000000 28.000000
v 4.000000 0.000000 19.000000
v 4.000000 0.000000 23.000000
v 3.000000 0.000000 20.000000
v 7.000661 0.052905 19.964735
v 28.000000 0.000000 27.000000
v 28.000000 0.000000 31.000000
v 27.000000 0.000000 28.000000
v 31.000000 0.000000 28.000000
v 20.000000 0.000000 27.000000
v 20.000000 0.000000 31.000000
v 19.000000 0.000000 28.000000
v 23.000000 0.000000 28.000000
v 20.000000 0.000000 19.000000
v 20.000000 0.000000 23.000000
v 19.000000 0.000000 20.000000
v 23.000000 0.000000 20.000000
v -20.000000 0.000000 11.000000
v -20.000000 0.000000 15.000000
v -21.000000 0.000000 12.000000
v -17.000000 0.000000 12.000000
v -28.000000 0.000000 11.000000
v -28.000000 0.000000 15.000000
v -29.000000 0.000000 12.000000
v -25.000000 0.000000 12.000000
v -28.000000 0.000000 3.000000
v -28.000000 0.000000 7.000000
v -29.000000 0.000000 4.000000
v -25.000000 0.000000 4.000000
v -20.002260 0.056580 26.958067
v -20.000000 0.000000 31.000000
v -21.000387 0.009684 27.992823
v -17.000000 0.000000 28.000000
v -28.000000 0.000000 27.000000
v -28.000000 0.000000 31.000000
v -29.000000 0.000000 28.000000
v -25.000000 0.000000 28.000000
v -28.000000 0.000000 19.000000
v -28.000000 0.000000 23.000000
v -29.000000 0.000000 20.000000
v -25.000387 0.009684 19.992823
v -4.000000 0.000000 27.000000
v -4.000000 0.000000 31.000000
v -5.000000 0.000000 28.000000
v -1.000000 0.000000 28.000000
v -12.000000 0.000000 27.000000
v -12.000000 0.000000 31.000000
v -13.000000 0.000000 28.000000
v -9.000000 0.000000 28.000000
v -12.000000 0.000000 19.000000
v -12.000000 0.000000 23.000000
v -13.000000 0.000000 20.000000
v -9.000000 0.000000 20.000000
v -20.000000 0.000000 -21.000000
v -20.004427 0.074032 -17.074429
v -21.000000 0.000000 -20.000000
v -17.009167 0.153287 -20.154110
v -28.000000 0.000000 -21.000000
v -28.000000 0.000000 -17.000000
v -29.000000 0.000000 -20.000000
v -25.000000 0.000000 -20.000000
v -28.000000 0.000000 -29.000000
v -28.000000 0.000000 -25.000000
v -29.000000 0.000000 -28.000000
v -25.000000 0.000000 -28.000000
v -20.000000 0.000000 -5.000000
v -20.000000 0.000000 -1.000000
v -21.000000 0.000000 -4.000000
v -17.000000 0.000000 -4.000000
v -28.000000 0.000000 -5.000000
v -28.000000 0.000000 -1.000000
v -29.000000 0.000000 -4.000000
v -25.000000 0.000000 -4.000000
v -28.000000 0.000000 -13.000000
v -28.000000 0.000000 -9.000000
v -29.000000 0.000000 -12.000000
v -25.000000 0.000000 -12.000000
v -4.000000 0.000000 -5.000000
v -4.000000 0.000000 -1.000000
v -5.000000 0.000000 -4.000000
v -1.000000 0.000000 -4.000000
v -12.000000 0.000000 -5.000000
v -11.995934 -0.121342 -0.904663
v -13.000000 0.000000 -4.000000
v -9.000000 0.000000 -4.000000
v -12.000000 0.000000 -13.000000
v -12.000000 0.000000 -9.000000
v -13.000000 0.000000 -12.000000
v -9.000000 0.000000 -12.000000
v 12.000000 0.000000 -21.000000
v 12.000019 -0.000875 -16.999058
v 11.000000 0.000000 -20.000000
v 15.027202 -0.026144 -19.982113
v 4.000000 0.000000 -21.000000
v 4.000000 0.000000 -17.000000
v 3.000000 0.000000 -20.000000
v 7.000000 0.000000 -20.000000
v 4.000000 0.000000 -29.000000
v 4.000000 0.000000 -25.000000
v 3.000000 0.000000 -28.000000
v 7.000000 0.000000 -28.000000
v 12.000000 0.000000 -5.000000
v 12.000000 0.000000 -1.000000
v 11.000000 0.000000 -4.000000
v 15.000000 0.000000 -4.000000
v 4.000000 0.000000 -5.000000
v 4.000000 0.000000 -1.000000
v 3.000000 0.000000 -4.000000
v 7.000000 0.000000 -4.000000
v 4.000000 0.000000 -13.000000
v 4.000000 0.000000 -9.000000
v 3.000000 0.000000 -12.000000
v 7.000000 0.000000 -12.000000
v 28.000000 0.000000 -5.000000
v 28.000000 0.000000 -1.000000
v 27.000000 0.000000 -4.000000
v 31.000000 0.000000 -4.000000
v 20.000000 0.000000 -5.000000
v 20.000000 0.000000 -1.000000
v 19.000000 0.000000 -4.000000
v 23.000000 0.000000 -4.000000
v 20.053051 0.051438 -13.076285
v 20.000000 0.000000 -9.000000
v 19.025967 0.030313 -12.042912
v 23.001141 -0.002049 -11.998216
v 28.000000 0.000000 -13.000000
v 28.000000 0.000000 -9.000000
v 27.000000 0.000000 -12.000000
v 31.000000 0.000000 -12.000000
v 12.000000 0.000000 -13.000000
v 12.000000 0.000000 -9.000000
v 11.000000 0.000000 -12.000000
v 15.001070 0.001193 -12.001707
v 12.000000 0.000000 -29.000000
v 12.000000 0.000000 -25.000000
v 11.000000 0.000000 -28.000000
v 15.000000 0.000000 -28.000000
v -4.000000 0.000000 -13.000000
v -4.000000 0.000000 -9.000000
v -5.000000 0.000000 -12.000000
v -1.000000 0.000000 -12.000000
v -20.000000 0.000000 -13.000000
v -20.000000 0.000000 -9.000000
v -21.000000 0.000000 -12.000000
v -17.000448 0.007510 -12.007551
v -20.000000 0.000000 -29.000000
v -20.000000 0.000000 -25.000000
v -21.000000 0.000000 -28.000000
v -17.000000 0.000000 -28.000000
v -4.000000 0.000000 19.000000
v -4.000000 0.000000 23.000000
v -5.000000 0.000000 20.000000
v -1.000000 0.000000 20.000000
v -20.002260 0.056580 18.958067
v -20.012466 0.312046 22.768730
v -21.006008 0.150382 19.888546
v -17.000387 0.009684 19.992823
v -20.000000 0.000000 3.000000
v -20.000000 0.000000 7.000000
v -21.000000 0.000000 4.000000
v -16.998978 -0.030482 4.023949
v 28.000000 0.000000 19.000000
v 28.000000 0.000000 23.000000
v 27.000000 0.000000 20.000000
v 31.000000 0.000000 20.000000
v 12.001864 0.149132 18.900591
v 12.000661 0.052905 22.964735
v 11.001864 0.149132 19.900591
v 15.000661 0.052905 19.964735
v 12.000000 0.000000 3.000000
v 12.061779 -0.163065 7.094090
v 11.000304 -0.000804 4.000464
v 15.014836 -0.039162 4.022597
v 28.000000 0.000000 3.000000
v 28.000000 0.000000 7.000000
v 27.000000 0.000000 4.000000
v 31.000000 0.000000 4.000000
v -4.000000 0.000000 3.000000
v -4.000000 0.000000 7.000000
v -5.000000 0.000000 4.000000
v -1.000000 0.000000 4.000000
v -4.000000 0.000000 -29.000000
v -4.000000 0.000000 -25.000000
v -5.000000 0.000000 -28.000000
v -1.000000 0.000000 -28.000000
v 28.000000 0.000000 -29.000000
v 28.000000 0.000000 -25.000000
v 27.000000 0.000000 -28.000000
v 31.000000 0.000000 -28.000000
v 30.000000 0.000000 -27.000000
v 30.000000 0.000000 -25.000000
v 29.000000 0.000000 -26.000000
v 31.000000 0.000000 -26.000000
v 26.000000 0.000000 -27.000000
v 26.000000 0.000000 -25.000000
v 25.000000 0.000000 -26.000000
v 27.000000 0.000000 -26.000000
v 26.000000 0.000000 -31.000000
v 26.000000 0.000000 -29.000000
v 25.000000 0.000000 -30.000000
v 27.000000 0.000000 -30.000000
v -2.000000 0.000000 -27.000000
v -2.000000 0.000000 -25.000000
v -3.000000 0.000000 -26.000000
v -1.000000 0.000000 -26.000000
v -6.000000 0.000000 -27.000000
v -6.000000 0.000000 -25.000000
v -7.000000 0.000000 -26.000000
v -5.000000 0.000000 -26.000000
v -6.000000 0.000000 -31.000000
v -6.000000 0.000000 -29.000000
v -7.000000 0.000000 -30.000000
v -5.000000 0.000000 -30.000000
v -2.000000 0.000000 5.000000
v -2.000000 0.000000 7.000000
v -3.000000 0.000000 6.000000
v -1.000000 0.000000 6.000000
v -6.000000 0.000000 5.000000
v -6.000000 0.000000 7.000000
v -7.000000 0.000000 6.000000
v -5.000000 0.000000 6.000000
v -6.000000 0.000000 1.000000
v -6.000000 0.000000 3.000000
v -7.000000 0.000000 2.000000
v -5.000000 0.000000 2.000000
v 30.000000 0.000000 5.000000
v 30.000000 0.000000 7.000000
v 29.000000 0.000000 6.000000
v 31.000000 0.000000 6.000000
v 26.000000 0.000000 5.000000
v 26.000000 0.000000 7.000000
v 25.000000 0.000000 6.000000
v 27.000000 0.000000 6.000000
v 26.000000 0.000000 1.000000
v 26.000000 0.000000 3.000000
v 25.000000 0.000000 2.000000
v 27.000000 0.000000 2.000000
v 14.036350 -0.095947 5.055363
v 14.096148 -0.253784 7.146436
v 13.054660 -0.144275 6.083248
v 15.069449 -0.183312 6.105773
v 10.000911 -0.002403 5.001387
v 10.018311 -0.048331 7.027887
v 9.000304 -0.000804 6.000464
v 11.022186 -0.058560 6.033790
v 10.000000 0.000000 1.000000
v 10.000000 0.000000 3.000000
v 9.000000 0.000000 2.000000
v 11.000000 0.000000 2.000000
v 14.000885 0.070765 20.952829
v 14.000325 0.026003 22.982668
v 13.000885 0.070765 21.952829
v 15.000325 0.026003 21.982668
v 10.001472 0.117686 20.921553
v 10.000661 0.052905 22.964735
v 9.000885 0.070765 21.952829
v 11.001151 0.092115 21.938597
v 10.001472 0.117686 16.921553
v 10.001864 0.149132 18.900591
v 9.001472 0.117686 17.921553
v 11.001864 0.149132 17.900591
v 30.000000 0.000000 21.000000
v 30.000000 0.000000 23.000000
v 29.000000 0.000000 22.000000
v 31.000000 0.000000 22.000000
v 26.000000 0.000000 21.000000
v 26.000000 0.000000 23.000000
v 25.000000 0.000000 22.000000
v 27.000000 0.000000 22.000000
v 26.000000 0.000000 17.000000
v 26.000000 0.000000 19.000000
v 25.000000 0.000000 18.000000
v 27.000000 0.000000 18.000000
v -18.000000 0.000000 5.000000
v -18.000000 0.000000 7.000000
v -19.000000 0.000000 6.000000
v -17.000000 0.000000 6.000000
v -22.000000 0.000000 5.000000
v -22.000000 0.000000 7.000000
v -23.000000 0.000000 6.000000
v -21.000000 0.000000 6.000000
v -22.000000 0.000000 1.000000
v -22.000000 0.000000 3.000000
v -23.000000 0.000000 2.000000
v -21.000000 0.000000 2.000000
v -18.003868 0.096833 20.928232
v -18.006008 0.150382 22.888546
v -19.008791 0.220019 21.836935
v -17.002260 0.056580 21.958067
v -22.008791 0.220019 20.836935
v -22.012466 0.312046 22.768730
v -23.008791 0.220019 21.836935
v -21.012466 0.312046 21.768730
v -22.000000 0.000000 17.000000
v -22.002260 0.056580 18.958067
v -23.000040 0.000990 17.999266
v -21.000387 0.009684 17.992823
v -2.000000 0.000000 21.000000
v -2.000000 0.000000 23.000000
v -3.000000 0.000000 22.000000
v -1.000000 0.000000 22.000000
v -6.000000 0.000000 21.000000
v -6.000000 0.000000 23.000000
v -7.000000 0.000000 22.000000
v -5.000000 0.000000 22.000000
v -6.000000 0.000000 17.000000
v -6.000000 0.000000 19.000000
v -7.000000 0.000000 18.000000
v -5.000000 0.000000 18.000000
v -18.000000 0.000000 -27.000000
v -18.000000 0.000000 -25.000000
v -19.000000 0.000000 -26.000000
v -17.000000 0.000000 -26.000000
v -22.000000 0.000000 -27.000000
v -22.000000 0.000000 -25.000000
v -23.000000 0.000000 -26.000000
v -21.000000 0.000000 -26.000000
v -22.000000 0.000000 -31.000000
v -22.000000 0.000000 -29.000000
v -23.000000 0.000000 -30.000000
v -21.000000 0.000000 -30.000000
v -18.000000 0.000000 -11.000000
v -18.000000 0.000000 -9.000000
v -19.000000 0.000000 -10.000000
v -17.000000 0.000000 -10.000000
v -22.000000 0.000000 -11.000000
v -22.000000 0.000000 -9.000000
v -23.000000 0.000000 -10.000000
v -21.000000 0.000000 -10.000000
v -22.000000 0.000000 -15.000000
v -22.000000 0.000000 -13.000000
v -23.000000 0.000000 -14.000000
v -21.000000 0.000000 -14.000000
v -2.000000 0.000000 -11.000000
v -2.000000 0.000000 -9.000000
v -3.000000 0.000000 -10.000000
v -1.000000 0.000000 -10.000000
v -6.000000 0.000000 -11.000000
v -6.000000 0.000000 -9.000000
v -7.000000 0.000000 -10.000000
v -5.000000 0.000000 -10.000000
v -6.000000 0.000000 -15.000000
v -6.000000 0.000000 -13.000000
v -7.000000 0.000000 -14.000000
v -5.000000 0.000000 -14.000000
v 14.000000 0.000000 -27.000000
v 14.000000 0.000000 -25.000000
v 13.000000 0.000000 -26.000000
v 15.000000 0.000000 -26.000000
v 10.000000 0.000000 -27.000000
v 10.000000 0.000000 -25.000000
v 9.000000 0.000000 -26.000000
v 11.000000 0.000000 -26.000000
v 10.000000 0.000000 -31.000000
v 10.000000 0.000000 -29.000000
v 9.000000 0.000000 -30.000000
v 11.000000 0.000000 -30.000000
v 14.000000 0.000000 -11.000000
v 14.000000 0.000000 -9.000000
v 13.000000 0.000000 -10.000000
v 15.000000 0.000000 -10.000000
v 10.000000 0.000000 -11.000000
v 10.000000 0.000000 -9.000000
v 9.000000 0.000000 -10.000000
v 11.000000 0.000000 -10.000000
v 10.000000 0.000000 -15.000000
v 10.000000 0.000000 -13.000000
v 9.000000 0.000000 -14.000000
v 11.000000 0.000000 -14.000000
v 30.000000 0.000000 -11.000000
v 30.000000 0.000000 -9.000000
v 29.000000 0.000000 -10.000000
v 31.000000 0.000000 -10.000000
v 26.000000 0.000000 -11.000000
v 26.000000 0.000000 -9.000000
v 25.000000 0.000000 -10.000000
v 27.000000 0.000000 -10.000000
v 26.000000 -0.000010 -14.999990
v 26.000000 0.000000 -13.000000
v 25.000109 -0.004812 -13.994820
v 27.000000 0.000000 -14.000000
v 22.000010 -0.000277 -10.999703
v 22.000000 0.000000 -9.000000
v 21.000000 0.000000 -10.000000
v 23.000000 0.000000 -10.000000
v 18.004047 0.006511 -11.008628
v 18.000000 0.000000 -9.000000
v 17.000000 0.000000 -10.000000
v 19.000000 0.000000 -10.000000
v 18.118193 0.106302 -15.160950
v 18.052973 0.055006 -13.080127
v 17.070997 0.067280 -14.100399
v 19.092461 0.085472 -14.128420
v 22.000000 0.000000 -3.000000
v 22.000000 0.000000 -1.000000
v 21.000000 0.000000 -2.000000
v 23.000000 0.000000 -2.000000
v 18.000000 0.000000 -3.000000
v 18.000000 0.000000 -1.000000
v 17.000000 0.000000 -2.000000
v 19.000000 0.000000 -2.000000
v 18.000000 0.000000 -7.000000
v 18.000000 0.000000 -5.000000
v 17.000000 0.000000 -6.000000
v 19.000000 0.000000 -6.000000
v 30.000000 0.000000 -3.000000
v 30.000000 0.000000 -1.000000
v 29.000000 0.000000 -2.000000
v 31.000000 0.000000 -2.000000
v 26.000000 0.000000 -3.000000
v 26.000000 0.000000 -1.000000
v 25.000000 0.000000 -2.000000
v 27.000000 0.000000 -2.000000
v 26.000000 0.000000 -7.000000
v 26.000000 0.000000 -5.000000
v 25.000000 0.000000 -6.000000
v 27.000000 0.000000 -6.000000
v 6.000000 0.000000 -11.000000
v 6.000000 0.000000 -9.000000
v 5.000000 0.000000 -10.000000
v 7.000000 0.000000 -10.000000
v 2.000000 0.000000 -11.000000
v 2.000000 0.000000 -9.000000
v 1.000000 0.000000 -10.000000
v 3.000000 0.000000 -10.000000
v 2.000000 0.000000 -15.000000
v 2.000000 0.000000 -13.000000
v 1.000000 0.000000 -14.000000
v 3.000000 0.000000 -14.000000
v 6.000000 0.000000 -3.000000
v 6.000000 0.000000 -1.000000
v 5.000000 0.000000 -2.000000
v 7.000000 0.000000 -2.000000
v 2.000000 0.000000 -3.000000
v 2.000000 0.000000 -1.000000
v 1.000000 0.000000 -2.000000
v 3.000000 0.000000 -2.000000
v 2.000000 0.000000 -7.000000
v 2.000000 0.000000 -5.000000
v 1.000000 0.000000 -6.000000
v 3.000000 0.000000 -6.000000
v 14.000000 0.000000 -3.000000
v 14.000000 0.000000 -1.000000
v 13.000000 0.000000 -2.000000
v 15.000000 0.000000 -2.000000
v 10.000000 0.000000 -3.000000
v 10.000000 0.000000 -1.000000
v 9.000000 0.000000 -2.000000
v 11.000000 0.000000 -2.000000
v 10.000000 0.000000 -7.000000
v 10.000000 0.000000 -5.000000
v 9.000000 0.000000 -6.000000
v 11.000000 0.000000 -6.000000
v 6.000000 0.000000 -27.000000
v 6.000000 0.000000 -25.000000
v 5.000000 0.000000 -26.000000
v 7.000000 0.000000 -26.000000
v 2.000000 0.000000 -27.000000
v 2.000000 0.000000 -25.000000
v 1.000000 0.000000 -26.000000
v 3.000000 0.000000 -26.000000
v 2.000000 0.000000 -31.000000
v 2.000000 0.000000 -29.000000
v 1.000000 0.000000 -30.000000
v 3.000000 0.000000 -30.000000
v 6.000000 0.000000 -19.000000
v 6.000000 0.000000 -17.000000
v 5.000000 0.000000 -18.000000
v 7.000000 0.000000 -18.000000
v 2.000000 0.000000 -19.000000
v 2.000000 0.000000 -17.000000
v 1.000000 0.000000 -18.000000
v 3.000000 0.000000 -18.000000
v 2.000000 0.000000 -23.000000
v 2.000000 0.000000 -21.000000
v 1.000000 0.000000 -22.000000
v 3.000000 0.000000 -22.000000
v 14.017284 -0.021216 -18.983637
v 14.026588 0.001874 -17.012285
v 13.004545 -0.016214 -17.984156
v 15.053803 0.017179 -18.039392
v 10.000000 0.000000 -19.000000
v 10.000000 0.000000 -17.000000
v 9.000000 0.000000 -18.000000
v 11.000000 0.000000 -18.000000
v 10.000000 0.000000 -23.000000
v 10.000000 0.000000 -21.000000
v 9.000000 0.000000 -22.000000
v 11.000000 0.000000 -22.000000
v -10.000000 0.000000 -11.000000
v -10.000000 0.000000 -9.000000
v -11.000000 0.000000 -10.000000
v -9.000000 0.000000 -10.000000
v -14.000000 0.000000 -11.000000
v -14.000000 0.000000 -9.000000
v -15.000000 0.000000 -10.000000
v -13.000000 0.000000 -10.000000
v -14.011229 0.187769 -15.188777
v -14.002302 0.038507 -13.038713
v -15.009167 0.153287 -14.154110
v -13.003270 0.054681 -14.054975
v -10.000000 0.000000 -3.000000
v -9.998549 -0.043286 -0.965991
v -10.998979 -0.030482 -1.976051
v -9.000000 0.000000 -2.000000
v -13.999801 -0.005945 -2.995329
v -13.995934 -0.121342 -0.904663
v -14.998979 -0.030482 -1.976051
v -12.998036 -0.058603 -1.953956
v -14.000000 0.000000 -7.000000
v -14.000000 0.000000 -5.000000
v -15.000000 0.000000 -6.000000
v -13.000000 0.000000 -6.000000
v -2.000000 0.000000 -3.000000
v -2.000000 0.000000 -1.000000
v -3.000000 0.000000 -2.000000
v -1.000000 0.000000 -2.000000
v -6.000000 0.000000 -3.000000
v -6.000000 0.000000 -1.000000
v -7.000000 0.000000 -2.000000
v -5.000000 0.000000 -2.000000
v -6.000000 0.000000 -7.000000
v -6.000000 0.000000 -5.000000
v -7.000000 0.000000 -6.000000
v -5.000000 0.000000 -6.000000
v -26.000000 0.000000 -11.000000
v -26.000000 0.000000 -9.000000
v -27.000000 0.000000 -10.000000
v -25.000000 0.000000 -10.000000
v -30.000000 0.000000 -11.000000
v -30.000000 0.000000 -9.000000
v -31.000000 0.000000 -10.000000
v -29.000000 0.000000 -10.000000
v -30.000000 0.000000 -15.000000
v -30.000000 0.000000 -13.000000
v -31.000000 0.000000 -14.000000
v -29.000000 0.000000 -14.000000
v -26.000000 0.000000 -3.000000
v -26.000000 0.000000 -1.000000
v -27.000000 0.000000 -2.000000
v -25.000000 0.000000 -2.000000
v -30.000000 0.000000 -3.000000
v -30.000000 0.000000 -1.000000
v -31.000000 0.000000 -2.000000
v -29.000000 0.000000 -2.000000
v -30.000000 0.000000 -7.000000
v -30.000000 0.000000 -5.000000
v -31.000000 0.000000 -6.000000
v -29.000000 0.000000 -6.000000
v -18.000000 0.000000 -3.000000
v -18.000000 0.000000 -1.000000
v -19.000000 0.000000 -2.000000
v -17.000000 0.000000 -2.000000
v -22.000000 0.000000 -3.000000
v -22.000000 0.000000 -1.000000
v -23.000000 0.000000 -2.000000
v -21.000000 0.000000 -2.000000
v -22.000000 0.000000 -7.000000
v -22.000000 0.000000 -5.000000
v -23.000000 0.000000 -6.000000
v -21.000000 0.000000 -6.000000
v -26.000000 0.000000 -27.000000
v -26.000000 0.000000 -25.000000
v -27.000000 0.000000 -26.000000
v -25.000000 0.000000 -26.000000
v -30.000000 0.000000 -27.000000
v -30.000000 0.000000 -25.000000
v -31.000000 0.000000 -26.000000
v -29.000000 0.000000 -26.000000
v -30.000000 0.000000 -31.000000
v -30.000000 0.000000 -29.000000
v -31.000000 0.000000 -30.000000
v -29.000000 0.000000 -30.000000
v -26.000000 0.000000 -19.000000
v -26.000000 0.000000 -17.000000
v -27.000000 0.000000 -18.000000
v -25.000000 0.000000 -18.000000
v -30.000000 0.000000 -19.000000
v -30.000000 0.000000 -17.000000
v -31.000000 0.000000 -18.000000
v -29.000000 0.000000 -18.000000
v -30.000000 0.000000 -23.000000
v -30.000000 0.000000 -21.000000
v -31.000000 0.000000 -22.000000
v -29.000000 0.000000 -22.000000
v -18.011229 0.187769 -19.188778
v -18.016254 0.271826 -17.273285
v -19.009167 0.153287 -18.154110
v -17.019342 0.323467 -18.325203
v -22.000000 0.000000 -19.000000
v -22.000000 0.000000 -17.000000
v -23.000000 0.000000 -18.000000
v -21.000448 0.007510 -18.007551
v -22.000000 0.000000 -23.000000
v -22.000000 0.000000 -21.000000
v -23.000000 0.000000 -22.000000
v -21.000000 0.000000 -22.000000
v -10.000000 0.000000 21.000000
v -10.000000 0.000000 23.000000
v -11.000000 0.000000 22.000000
v -9.000000 0.000000 22.000000
v -14.000000 0.000000 21.000000
v -14.000000 0.000000 23.000000
v -15.000000 0.000000 22.000000
v -13.000000 0.000000 22.000000
v -14.000000 0.000000 17.000000
v -14.000000 0.000000 19.000000
v -15.000000 0.000000 18.000000
v -13.000000 0.000000 18.000000
v -10.000000 0.000000 29.000000
v -10.000000 0.000000 31.000000
v -11.000000 0.000000 30.000000
v -9.000000 0.000000 30.000000
v -14.000000 0.000000 29.000000
v -14.000000 0.000000 31.000000
v -15.000000 0.000000 30.000000
v -13.000000 0.000000 30.000000
v -14.000000 0.000000 25.000000
v -14.000000 0.000000 27.000000
v -15.000000 0.000000 26.000000
v -13.000000 0.000000 26.000000
v -2.000000 0.000000 29.000000
v -2.000000 0.000000 31.000000
v -3.000000 0.000000 30.000000
v -1.000000 0.000000 30.000000
v -6.000000 0.000000 29.000000
v -6.000000 0.000000 31.000000
v -7.000000 0.000000 30.000000
v -5.000000 0.000000 30.000000
v -6.000000 0.000000 25.000000
v -6.000000 0.000000 27.000000
v -7.000000 0.000000 26.000000
v -5.000000 0.000000 26.000000
v -26.000040 0.000990 20.999266
v -26.000387 0.009684 22.992823
v -27.000000 0.000000 22.000000
v -25.002260 0.056580 21.958067
v -30.000000 0.000000 21.000000
v -30.000000 0.000000 23.000000
v -31.000000 0.000000 22.000000
v -29.000000 0.000000 22.000000
v -30.000000 0.000000 17.000000
v -30.000000 0.000000 19.000000
v -31.000000 0.000000 18.000000
v -29.000000 0.000000 18.000000
v -26.000000 0.000000 29.000000
v -26.000000 0.000000 31.000000
v -27.000000 0.000000 30.000000
v -25.000000 0.000000 30.000000
v -30.000000 0.000000 29.000000
v -30.000000 0.000000 31.000000
v -31.000000 0.000000 30.000000
v -29.000000 0.000000 30.000000
v -30.000000 0.000000 25.000000
v -30.000000 0.000000 27.000000
v -31.000000 0.000000 26.000000
v -29.000000 0.000000 26.000000
v -18.000000 0.000000 29.000000
v -18.000000 0.000000 31.000000
v -19.000000 0.000000 30.000000
v -17.000000 0.000000 30.000000
v -22.000000 0.000000 29.000000
v -22.000000 0.000000 31.000000
v -23.000000 0.000000 30.000000
v -21.000000 0.000000 30.000000
v -22.008791 0.220019 24.836935
v -22.002260 0.056580 26.958067
v -23.003868 0.096833 25.928232
v -21.006008 0.150382 25.888546
v -26.000000 0.000000 5.000000
v -26.000000 0.000000 7.000000
v -27.000000 0.000000 6.000000
v -25.000000 0.000000 6.000000
v -30.000000 0.000000 5.000000
v -30.000000 0.000000 7.000000
v -31.000000 0.000000 6.000000
v -29.000000 0.000000 6.000000
v -30.000000 0.000000 1.000000
v -30.000000 0.000000 3.000000
v -31.000000 0.000000 2.000000
v -29.000000 0.000000 2.000000
v -26.000000 0.000000 13.000000
v -26.000000 0.000000 15.000000
v -27.000000 0.000000 14.000000
v -25.000000 0.000000 14.000000
v -30.000000 0.000000 13.000000
v -30.000000 0.000000 15.000000
v -31.000000 0.000000 14.000000
v -29.000000 0.000000 14.000000
v -30.000000 0.000000 9.000000
v -30.000000 0.000000 11.000000
v -31.000000 0.000000 10.000000
v -29.000000 0.000000 10.000000
v -18.000000 0.000000 13.000000
v -18.000000 0.000000 15.000000
v -19.000000 0.000000 14.000000
v -17.000000 0.000000 14.000000
v -22.000000 0.000000 13.000000
v -22.000000 0.000000 15.000000
v -23.000000 0.000000 14.000000
v -21.000000 0.000000 14.000000
v -22.000000 0.000000 9.000000
v -22.000000 0.000000 11.000000
v -23.000000 0.000000 10.000000
v -21.000000 0.000000 10.000000
v 22.000000 0.000000 21.000000
v 22.000000 0.000000 23.000000
v 21.000000 0.000000 22.000000
v 23.000000 0.000000 22.000000
v 18.000000 0.000000 21.000000
v 18.000000 0.000000 23.000000
v 17.000000 0.000004 21.999998
v 19.000000 0.000000 22.000000
v 18.000000 0.000000 17.000000
v 18.000000 0.000000 19.000000
v 17.000051 0.004091 17.997272
v 19.000000 0.000000 18.000000
v 22.000000 0.000000 29.000000
v 22.000000 0.000000 31.000000
v 21.000000 0.000000 30.000000
v 23.000000 0.000000 30.000000
v 18.000000 0.000000 29.000000
v 18.000000 0.000000 31.000000
v 17.000000 0.000000 30.000000
v 19.000000 0.000000 30.000000
v 18.000000 0.000000 25.000000
v 18.000000 0.000000 27.000000
v 17.000000 0.000000 26.000000
v 19.000000 0.000000 26.000000
v 30.000000 0.000000 29.000000
v 30.000000 0.000000 31.000000
v 29.000000 0.000000 30.000000
v 31.000000 0.000000 30.000000
v 26.000000 0.000000 29.000000
v 26.000000 0.000000 31.000000
v 25.000000 0.000000 30.000000
v 27.000000 0.000000 30.000000
v 26.000000 0.000000 25.000000
v 26.000000 0.000000 27.000000
v 25.000000 0.000000 26.000000
v 27.000000 0.000000 26.000000
v 6.000206 0.016423 20.989052
v 6.000013 0.001071 22.999287
v 5.000000 0.000004 21.999998
v 7.000325 0.026003 21.982668
v 2.000000 0.000000 21.000000
v 2.000000 0.000000 23.000000
v 1.000000 0.000000 22.000000
v 3.000000 0.000000 22.000000
v 2.000000 0.000000 17.000000
v 2.000000 0.000000 19.000000
v 1.000000 0.000000 18.000000
v 3.000000 0.000000 18.000000
v 6.000000 0.000000 29.000000
v 6.000000 0.000000 31.000000
v 5.000000 0.000000 30.000000
v 7.000000 0.000000 30.000000
v 2.000000 0.000000 29.000000
v 2.000000 0.000000 31.000000
v 1.000000 0.000000 30.000000
v 3.000000 0.000000 30.000000
v 2.000000 0.000000 25.000000
v 2.000000 0.000000 27.000000
v 1.000000 0.000000 26.000000
v 3.000000 0.000000 26.000000
v 14.000000 0.000000 29.000000
v 14.000000 0.000000 31.000000
v 13.000000 0.000000 30.000000
v 15.000000 0.000000 30.000000
v 10.000000 0.000000 29.000000
v 10.000000 0.000000 31.000000
v 9.000000 0.000000 30.000000
v 11.000000 0.000000 30.000000
v 10.000051 0.004091 24.997272
v 10.000000 0.000000 27.000000
v 9.000000 0.000000 26.000000
v 11.000000 0.000000 26.000000
v 6.000000 0.000000 5.000000
v 6.000000 0.000000 7.000000
v 5.000000 0.000000 6.000000
v 7.000000 0.000000 6.000000
v 2.000000 0.000000 5.000000
v 2.000000 0.000000 7.000000
v 1.000000 0.000000 6.000000
v 3.000000 0.000000 6.000000
v 2.000000 0.000000 1.000000
v 2.000000 0.000000 3.000000
v 1.000000 0.000000 2.000000
v 3.000000 0.000000 2.000000
v 6.000000 0.000000 13.000000
v 6.000013 0.001071 14.999287
v 5.000000 0.000000 14.000000
v 7.000013 0.001071 13.999287
v 2.000000 0.000000 13.000000
v 2.000000 0.000000 15.000000
v 1.000000 0.000000 14.000000
v 3.000000 0.000000 14.000000
v 2.000000 0.000000 9.000000
v 2.000000 0.000000 11.000000
v 1.000000 0.000000 10.000000
v 3.000000 0.000000 10.000000
v 14.096148 -0.253780 13.146433
v 14.037144 -0.071179 15.038742
v 13.055167 -0.128649 14.072761
v 15.069486 -0.182302 14.105094
v 10.018394 -0.044322 13.025208
v 10.001714 0.050126 14.966337
v 9.000529 0.015566 13.989548
v 11.022799 -0.033315 14.016894
v 10.036350 -0.095947 9.055363
v 10.036350 -0.095947 11.055363
v 9.014836 -0.039162 10.022596
v 11.069449 -0.183312 10.105773
v 22.000000 0.000000 5.000000
v 22.000000 0.000000 7.000000
v 21.000305 -0.000804 6.000464
v 23.000000 0.000000 6.000000
v 18.018311 -0.048331 5.027887
v 18.061779 -0.163065 7.094090
v 17.054659 -0.144275 6.083248
v 19.022186 -0.058560 6.033790
v 18.000000 0.000000 1.000000
v 18.000000 0.000000 3.000000
v 17.000000 0.000000 2.000000
v 19.000000 0.000000 2.000000
v 22.000000 0.000000 13.000000
v 22.000000 0.000000 15.000000
v 21.000305 -0.000804 14.000463
v 23.000000 0.000000 14.000000
v 18.061779 -0.163065 13.094090
v 18.018311 -0.048331 15.027887
v 17.054659 -0.144275 14.083248
v 19.022186 -0.058560 14.033790
v 18.096149 -0.253784 9.146436
v 18.096149 -0.253784 11.146436
v 17.129677 -0.342282 10.197500
v 19.069450 -0.183312 10.105773
v 30.000000 0.000000 13.000000
v 30.000000 0.000000 15.000000
v 29.000000 0.000000 14.000000
v 31.000000 0.000000 14.000000
v 26.000000 0.000000 13.000000
v 26.000000 0.000000 15.000000
v 25.000000 0.000000 14.000000
v 27.000000 0.000000 14.000000
v 26.000000 0.000000 9.000000
v 26.000000 0.000000 11.000000
v 25.000000 0.000000 10.000000
v 27.000000 0.000000 10.000000
v -9.998549 -0.043286 5.034009
v -10.000000 0.000000 7.000000
v -10.998979 -0.030482 6.023949
v -9.000000 0.000000 6.000000
v -13.995934 -0.121342 5.095337
v -13.999801 -0.005945 7.004671
v -14.998979 -0.030482 6.023949
v -12.998036 -0.058603 6.046044
v -13.991419 -0.256056 1.201181
v -13.991419 -0.256056 3.201181
v -14.992789 -0.215177 2.169063
v -12.989770 -0.305258 2.239839
v -10.000000 0.000000 13.000000
v -10.000000 0.000000 15.000000
v -11.000000 0.000000 14.000000
v -9.000000 0.000000 14.000000
v -14.000000 0.000000 13.000000
v -14.000000 0.000000 15.000000
v -15.000000 0.000000 14.000000
v -13.000000 0.000000 14.000000
v -14.000000 0.000000 9.000000
v -14.000000 0.000000 11.000000
v -15.000000 0.000000 10.000000
v -13.000000 0.000000 10.000000
v -2.000000 0.000000 13.000000
v -2.000000 0.000000 15.000000
v -3.000000 0.000000 14.000000
v -1.000000 0.000000 14.000000
v -6.000000 0.000000 13.000000
v -6.000000 0.000000 15.000000
v -7.000000 0.000000 14.000000
v -5.000000 0.000000 14.000000
v -6.000000 0.000000 9.000000
v -6.000000 0.000000 11.000000
v -7.000000 0.000000 10.000000
v -5.000000 0.000000 10.000000
v -10.000000 0.000000 -27.000000
v -10.000000 0.000000 -25.000000
v -11.000000 0.000000 -26.000000
v -9.000000 0.000000 -26.000000
v -14.000000 0.000000 -27.000000
v -14.000000 0.000000 -25.000000
v -15.000000 0.000000 -26.000000
v -13.000000 0.000000 -26.000000
v -14.000000 0.000000 -31.000000
v -14.000000 0.000000 -29.000000
v -15.000000 0.000000 -30.000000
v -13.000000 0.000000 -30.000000
v -10.000000 0.000000 -19.000000
v -10.000000 0.000000 -17.000000
v -11.000449 0.007510 -18.007551
v -9.000000 0.000000 -18.000000
v -14.011229 0.187769 -19.188778
v -14.016254 0.271826 -17.273285
v -15.019342 0.323467 -18.325203
v -13.009167 0.153287 -18.154110
v -14.000000 0.000000 -23.000000
v -14.002302 0.038507 -21.038713
v -15.000449 0.007510 -22.007551
v -13.000000 0.000000 -22.000000
v -2.000000 0.000000 -19.000000
v -2.000000 0.000000 -17.000000
v -3.000000 0.000000 -18.000000
v -1.000000 0.000000 -18.000000
v -6.000000 0.000000 -19.000000
v -6.000000 0.000000 -17.000000
v -7.000000 0.000000 -18.000000
v -5.000000 0.000000 -18.000000
v -6.000000 0.000000 -23.000000
v -6.000000 0.000000 -21.000000
v -7.000000 0.000000 -22.000000
v -5.000000 0.000000 -22.000000
v 22.000000 0.000000 -27.000000
v 22.000000 0.000000 -25.000000
v 21.000000 0.000000 -26.000000
v 23.000000 0.000000 -26.000000
v 18.000000 0.000000 -27.000000
v 18.000000 0.000000 -25.000000
v 17.000000 0.000000 -26.000000
v 19.000000 0.000000 -26.000000
v 18.000000 0.000000 -31.000000
v 18.000000 0.000000 -29.000000
v 17.000000 0.000000 -30.000000
v 19.000000 0.000000 -30.000000
v 22.072189 0.012802 -19.041731
v 22.093082 0.057110 -17.097878
v 21.118652 0.085355 -18.138391
v 23.054173 0.000239 -18.021149
v 18.118696 0.083335 -19.136215
v 18.149765 0.135150 -17.204433
v 17.118540 0.090485 -18.143915
v 19.149809 0.133126 -18.202253
v 18.005424 -0.056371 -22.940908
v 18.054602 -0.019302 -21.000105
v 17.017992 -0.053498 -21.948872
v 19.027834 -0.054950 -21.951092
v 30.000000 0.000000 -19.000000
v 30.000000 0.000000 -17.000000
v 29.000000 0.000000 -18.000000
v 31.000000 0.000000 -18.000000
v 26.000080 -0.003635 -18.996086
v 26.000118 -0.005429 -16.994154
v 25.004877 -0.031360 -17.967844
v 27.000000 0.000000 -18.000000
v 26.000000 0.000000 -23.000000
v 26.000000 0.000000 -21.000000
v 25.000006 -0.000266 -21.999714
v 27.000000 0.000000 -22.000000
v 30.000000 0.000000 -23.000000
v 30.000000 0.000000 -21.000000
v 29.000000 0.000000 -22.000000
v 31.000000 0.000000 -22.000000
v 22.000816 -0.037045 -22.960108
v 22.027754 -0.051329 -20.954990
v 21.018181 -0.062182 -21.939520
v 23.002115 -0.046562 -21.950281
v 22.000000 0.000000 -31.000000
v 22.000000 0.000000 -29.000000
v 21.000000 0.000000 -30.000000
v 23.000000 0.000000 -30.000000
v -2.000000 0.000000 -23.000000
v -2.000000 0.000000 -21.000000
v -3.000000 0.000000 -22.000000
v -1.000000 0.000000 -22.000000
v -10.000000 0.000000 -23.000000
v -10.000000 0.000000 -21.000000
v -11.000000 0.000000 -22.000000
v -9.000000 0.000000 -22.000000
v -10.000000 0.000000 -31.000000
v -10.000000 0.000000 -29.000000
v -11.000000 0.000000 -30.000000
v -9.000000 0.000000 -30.000000
v -2.000000 0.000000 9.000000
v -2.000000 0.000000 11.000000
v -3.000000 0.000000 10.000000
v -1.000000 0.000000 10.000000
v -10.000000 0.000000 9.000000
v -10.000000 0.000000 11.000000
v -11.000000 0.000000 10.000000
v -9.000000 0.000000 10.000000
v -9.995934 -0.121342 1.095337
v -9.995934 -0.121342 3.095337
v -10.992789 -0.215177 2.169063
v -8.998036 -0.058603 2.046044
v 30.000000 0.000000 9.000000
v 30.000000 0.000000 11.000000
v 29.000000 0.000000 10.000000
v 31.000000 0.000000 10.000000
v 22.000910 -0.002403 9.001387
v 22.000910 -0.002403 11.001387
v 21.014837 -0.039162 10.022596
v 23.000000 0.000000 10.000000
v 22.000000 0.000000 1.000000
v 22.000000 0.000000 3.000000
v 21.000000 0.000000 2.000000
v 23.000000 0.000000 2.000000
v 14.142962 -0.377346 9.217732
v 14.142962 -0.377346 11.217732
v 13.129677 -0.342282 10.197500
v 15.158073 -0.417235 10.240748
v 6.000000 0.000000 9.000000
v 6.000000 0.000000 11.000000
v 5.000000 0.000000 10.000000
v 7.000000 0.000000 10.000000
v 6.000000 0.000000 1.000000
v 6.000000 0.000000 3.000000
v 5.000000 0.000000 2.000000
v 7.000000 0.000000 2.000000
v 14.000000 0.000004 24.999998
v 14.000000 0.000000 27.000000
v 13.000000 0.000000 26.000000
v 15.000000 0.000000 26.000000
v 6.000000 0.000000 25.000000
v 6.000000 0.000000 27.000000
v 5.000000 0.000000 26.000000
v 7.000000 0.000000 26.000000
v 6.000206 0.016423 16.989052
v 6.000325 0.026003 18.982668
v 5.000051 0.004091 17.997272
v 7.000661 0.052905 17.964735
v 30.000000 0.000000 25.000000
v 30.000000 0.000000 27.000000
v 29.000000 0.000000 26.000000
v 31.000000 0.000000 26.000000
v 22.000000 0.000000 25.000000
v 22.000000 0.000000 27.000000
v 21.000000 0.000000 26.000000
v 23.000000 0.000000 26.000000
v 22.000000 0.000000 17.000000
v 22.000000 0.000000 19.000000
v 21.000000 0.000000 18.000000
v 23.000000 0.000000 18.000000
v -18.000000 0.000000 9.000000
v -18.000000 0.000000 11.000000
v -19.000000 0.000000 10.000000
v -17.000000 0.000000 10.000000
v -26.000000 0.000000 9.000000
v -26.000000 0.000000 11.000000
v -27.000000 0.000000 10.000000
v -25.000000 0.000000 10.000000
v -26.000000 0.000000 1.000000
v -26.000000 0.000000 3.000000
v -27.000000 0.000000 2.000000
v -25.000000 0.000000 2.000000
v -18.003868 0.096833 24.928232
v -18.000387 0.009684 26.992823
v -19.003868 0.096833 25.928232
v -17.000387 0.009684 25.992823
v -26.000040 0.000990 24.999266
v -26.000000 0.000000 27.000000
v -27.000000 0.000000 26.000000
v -25.000387 0.009684 25.992823
v -26.000000 0.000000 17.000000
v -26.000000 0.000000 19.000000
v -27.000000 0.000000 18.000000
v -25.000000 0.000000 18.000000
v -2.000000 0.000000 25.000000
v -2.000000 0.000000 27.000000
v -3.000000 0.000000 26.000000
v -1.000000 0.000000 26.000000
v -10.000000 0.000000 25.000000
v -10.000000 0.000000 27.000000
v -11.000000 0.000000 26.000000
v -9.000000 0.000000 26.000000
v -10.000000 0.000000 17.000000
v -10.000000 0.000000 19.000000
v -11.000000 0.000000 18.000000
v -9.000000 0.000000 18.000000
v -18.000000 0.000000 -23.000000
v -18.002302 0.038507 -21.038713
v -19.000000 0.000000 -22.000000
v -17.000448 0.007510 -22.007551
v -26.000000 0.000000 -23.000000
v -26.000000 0.000000 -21.000000
v -27.000000 0.000000 -22.000000
v -25.000000 0.000000 -22.000000
v -26.000000 0.000000 -31.000000
v -26.000000 0.000000 -29.000000
v -27.000000 0.000000 -30.000000
v -25.000000 0.000000 -30.000000
v -18.000000 0.000000 -7.000000
v -18.000000 0.000000 -5.000000
v -19.000000 0.000000 -6.000000
v -17.000000 0.000000 -6.000000
v -26.000000 0.000000 -7.000000
v -26.000000 0.000000 -5.000000
v -27.000000 0.000000 -6.000000
v -25.000000 0.000000 -6.000000
v -26.000000 0.000000 -15.000000
v -26.000000 0.000000 -13.000000
v -27.000000 0.000000 -14.000000
v -25.000000 0.000000 -14.000000
v -2.000000 0.000000 -7.000000
v -2.000000 0.000000 -5.000000
v -3.000000 0.000000 -6.000000
v -1.000000 0.000000 -6.000000
v -10.000000 0.000000 -7.000000
v -10.000000 0.000000 -5.000000
v -11.000000 0.000000 -6.000000
v -9.000000 0.000000 -6.000000
v -10.000000 0.000000 -15.000000
v -10.000000 0.000000 -13.000000
v -11.000000 0.000000 -14.000000
v -9.000000 0.000000 -14.000000
v 14.000000 0.000000 -23.000000
v 14.001719 -0.028475 -20.969759
v 13.000000 0.000000 -22.000000
v 15.001871 -0.035370 -21.962334
v 6.000000 0.000000 -23.000000
v 6.000000 0.000000 -21.000000
v 5.000000 0.000000 -22.000000
v 7.000000 0.000000 -22.000000
v 6.000000 0.000000 -31.000000
v 6.000000 0.000000 -29.000000
v 5.000000 0.000000 -30.000000
v 7.000000 0.000000 -30.000000
v 14.000000 0.000000 -7.000000
v 14.000000 0.000000 -5.000000
v 13.000000 0.000000 -6.000000
v 15.000000 0.000000 -6.000000
v 6.000000 0.000000 -7.000000
v 6.000000 0.000000 -5.000000
v 5.000000 0.000000 -6.000000
v 7.000000 0.000000 -6.000000
v 6.000000 0.000000 -15.000000
v 6.000000 0.000000 -13.000000
v 5.000000 0.000000 -14.000000
v 7.000000 0.000000 -14.000000
v 30.000000 0.000000 -7.000000
v 30.000000 0.000000 -5.000000
v 29.000000 0.000000 -6.000000
v 31.000000 0.000000 -6.000000
v 22.000000 0.000000 -7.000000
v 22.000000 0.000000 -5.000000
v 21.000000 0.000000 -6.000000
v 23.000000 0.000000 -6.000000
v 22.071384 0.049573 -15.081330
v 22.026215 0.018948 -13.030673
v 21.071156 0.059997 -14.092555
v 23.026413 0.009922 -14.020953
v 30.000000 0.000000 -15.000000
v 30.000000 0.000000 -13.000000
v 29.000000 0.000000 -14.000000
v 31.000000 0.000000 -14.000000
v 14.016660 0.007272 -15.014317
v 14.001098 -0.000091 -13.000324
v 13.000026 -0.000990 -13.998937
v 15.026132 0.022729 -14.034745
v 14.000000 0.000000 -31.000000
v 14.000000 0.000000 -29.000000
v 13.000000 0.000000 -30.000000
v 15.000000 0.000000 -30.000000
v -2.000000 0.000000 -15.000000
v -2.000000 0.000000 -13.000000
v -3.000000 0.000000 -14.000000
v -1.000000 0.000000 -14.000000
v -18.011229 0.187769 -15.188777
v -18.002302 0.038507 -13.038713
v -19.003269 0.054681 -14.054975
v -17.009167 0.153287 -14.154110
v -18.000000 0.000000 -31.000000
v -18.000000 0.000000 -29.000000
v -19.000000 0.000000 -30.000000
v -17.000000 0.000000 -30.000000
v -2.000000 0.000000 17.000000
v -2.000000 0.000000 19.000000
v -3.000000 0.000000 18.000000
v -1.000000 0.000000 18.000000
v -18.000000 0.000000 17.000000
v -18.000387 0.009684 18.992823
v -19.000040 0.000990 17.999266
v -17.000000 0.000000 18.000000
v -17.999802 -0.005945 1.004671
v -17.999802 -0.005945 3.004671
v -19.000000 0.000000 2.000000
v -16.998035 -0.058603 2.046044
v 30.000000 0.000000 17.000000
v 30.000000 0.000000 19.000000
v 29.000000 0.000000 18.000000
v 31.000000 0.000000 18.000000
v 14.002066 0.067649 16.954628
v 14.001151 0.092115 18.938597
v 13.001472 0.117686 17.921553
v 15.000661 0.052905 17.964735
v 14.000000 0.000000 1.000000
v 14.000911 -0.002403 3.001387
v 13.000000 0.000000 2.000000
v 15.000000 0.000000 2.000000
v 30.000000 0.000000 1.000000
v 30.000000 0.000000 3.000000
v 29.000000 0.000000 2.000000
v 31.000000 0.000000 2.000000
v -2.000000 0.000000 1.000000
v -2.000000 0.000000 3.000000
v -3.000000 0.000000 2.000000
v -1.000000 0.000000 2.000000
v -2.000000 0.000000 -31.000000
v -2.000000 0.000000 -29.000000
v -3.000000 0.000000 -30.000000
v -1.000000 0.000000 -30.000000
v 30.000000 0.000000 -31.000000
v 30.000000 0.000000 -29.000000
v 29.000000 0.000000 -30.000000
v 31.000000 0.000000 -30.000000
v 31.000000 0.000000 -29.000000
v 29.000000 0.000000 -29.000000
v 29.000000 0.000000 -31.000000
v -1.000000 0.000000 -29.000000
v -3.000000 0.000000 -29.000000
v -3.000000 0.000000 -31.000000
v -1.000000 0.000000 3.000000
v -3.000000 0.000000 3.000000
v -3.000000 0.000000 1.000000
v 31.000000 0.000000 3.000000
v 29.000000 0.000000 3.000000
v 29.000000 0.000000 1.000000
v 15.001337 -0.003530 3.002037
v 13.000124 -0.000326 3.000188
v 13.000000 0.000000 1.000000
v 15.000713 0.057070 18.961958
v 13.001561 0.124885 18.916754
v 13.001510 0.097322 16.935059
v 31.000000 0.000000 19.000000
v 29.000000 0.000000 19.000000
v 29.000000 0.000000 17.000000
v -16.998304 -0.050621 3.039773
v -19.000000 0.000000 3.000000
v -19.000000 0.000000 1.000000
v -17.000000 0.000000 19.000000
v -19.001362 0.034069 18.974751
v -19.000000 0.000000 17.000000
v -1.000000 0.000000 19.000000
v -3.000000 0.000000 19.000000
v -3.000000 0.000000 17.000000
v -17.000000 0.000000 -29.000000
v -19.000000 0.000000 -29.000000
v -19.000000 0.000000 -31.000000
v -17.003824 0.063948 -13.064292
v -19.000654 0.010945 -13.011003
v -19.006544 0.109445 -15.110032
v -1.000000 0.000000 -13.000000
v -3.000000 0.000000 -13.000000
v -3.000000 0.000000 -15.000000
v 15.000000 0.000000 -29.000000
v 13.000000 0.000000 -29.000000
v 13.000000 0.000000 -31.000000
v 15.010796 0.010794 -13.015878
v 13.000000 0.000000 -13.000000
v 13.001765 -0.003964 -14.996378
v 31.000000 0.000000 -13.000000
v 29.000000 0.000000 -13.000000
v 29.000000 0.000000 -15.000000
v 23.010988 0.001926 -13.006328
v 21.041706 0.037422 -13.056698
v 21.098660 0.081087 -15.126050
v 23.000000 0.000000 -5.000000
v 21.000000 0.000000 -5.000000
v 21.000000 0.000000 -7.000000
v 31.000000 0.000000 -5.000000
v 29.000000 0.000000 -5.000000
v 29.000000 0.000000 -7.000000
v 7.000000 0.000000 -13.000000
v 5.000000 0.000000 -13.000000
v 5.000000 0.000000 -15.000000
v 7.000000 0.000000 -5.000000
v 5.000000 0.000000 -5.000000
v 5.000000 0.000000 -7.000000
v 15.000000 0.000000 -5.000000
v 13.000000 0.000000 -5.000000
v 13.000000 0.000000 -7.000000
v 7.000000 0.000000 -29.000000
v 5.000000 0.000000 -29.000000
v 5.000000 0.000000 -31.000000
v 7.000000 0.000000 -21.000000
v 5.000000 0.000000 -21.000000
v 5.000000 0.000000 -23.000000
v 15.011920 -0.040554 -20.960581
v 13.000075 -0.003432 -20.996305
v 13.000000 0.000000 -23.000000
v -9.000000 0.000000 -13.000000
v -11.000000 0.000000 -13.000000
v -11.000067 0.001119 -15.001125
v -9.000000 0.000000 -5.000000
v -11.000000 0.000000 -5.000000
v -11.000000 0.000000 -7.000000
v -1.000000 0.000000 -5.000000
v -3.000000 0.000000 -5.000000
v -3.000000 0.000000 -7.000000
v -25.000000 0.000000 -13.000000
v -27.000000 0.000000 -13.000000
v -27.000000 0.000000 -15.000000
v -25.000000 0.000000 -5.000000
v -27.000000 0.000000 -5.000000
v -27.000000 0.000000 -7.000000
v -17.000000 0.000000 -5.000000
v -19.000000 0.000000 -5.000000
v -19.000000 0.000000 -7.000000
v -25.000000 0.000000 -29.000000
v -27.000000 0.000000 -29.000000
v -27.000000 0.000000 -31.000000
v -25.000000 0.000000 -21.000000
v -27.000000 0.000000 -21.000000
v -27.000000 0.000000 -23.000000
v -17.003824 0.063948 -21.064291
v -19.000654 0.010945 -21.011003
v -19.000000 0.000000 -23.000000
v -9.000000 0.000000 19.000000
v -11.000000 0.000000 19.000000
v -11.000000 0.000000 17.000000
v -9.000000 0.000000 27.000000
v -11.000000 0.000000 27.000000
v -11.000000 0.000000 25.000000
v -1.000000 0.000000 27.000000
v -3.000000 0.000000 27.000000
v -3.000000 0.000000 25.000000
v -25.000000 0.000000 19.000000
v -27.000000 0.000000 19.000000
v -27.000000 0.000000 17.000000
v -25.000000 0.000000 27.000000
v -27.000000 0.000000 27.000000
v -27.000000 0.000000 25.000000
v -17.000000 0.000000 27.000000
v -19.001362 0.034069 26.974751
v -19.006638 0.166133 24.876873
v -25.000000 0.000000 3.000000
v -27.000000 0.000000 3.000000
v -27.000000 0.000000 1.000000
v -25.000000 0.000000 11.000000
v -27.000000 0.000000 11.000000
v -27.000000 0.000000 9.000000
v -17.000000 0.000000 11.000000
v -19.000000 0.000000 11.000000
v -19.000000 0.000000 9.000000
v 23.000000 0.000000 19.000000
v 21.000000 0.000000 19.000000
v 21.000000 0.000000 17.000000
v 23.000000 0.000000 27.000000
v 21.000000 0.000000 27.000000
v 21.000000 0.000000 25.000000
v 31.000000 0.000000 27.000000
v 29.000000 0.000000 27.000000
v 29.000000 0.000000 25.000000
v 7.000713 0.057070 18.961958
v 5.000064 0.005163 18.996559
v 5.000021 0.001639 16.998907
v 7.000000 0.000000 27.000000
v 5.000000 0.000000 27.000000
v 5.000000 0.000000 25.000000
v 15.000000 0.000000 27.000000
v 13.000000 0.000000 27.000000
v 13.000020 0.001639 24.998907
v 7.000000 0.000000 3.000000
v 5.000000 0.000000 3.000000
v 5.000000 0.000000 1.000000
v 7.000000 0.000000 11.000000
v 5.000000 0.000000 11.000000
v 5.000000 0.000000 9.000000
v 15.150194 -0.396438 11.228748
v 13.123498 -0.325974 11.188090
v 13.123498 -0.325974 9.188090
v 23.000000 0.000000 3.000000
v 21.000000 0.000000 3.000000
v 21.000000 0.000000 1.000000
v 23.000000 0.000000 11.000000
v 21.013247 -0.034965 11.020175
v 21.013247 -0.034965 9.020175
v 31.000000 0.000000 11.000000
v 29.000000 0.000000 11.000000
v 29.000000 0.000000 9.000000
v -8.998303 -0.050621 3.039773
v -10.993403 -0.196850 3.154663
v -10.993403 -0.196850 1.154663
v -9.000000 0.000000 11.000000
v -11.000000 0.000000 11.000000
v -11.000000 0.000000 9.000000
v -1.000000 0.000000 11.000000
v -3.000000 0.000000 11.000000
v -3.000000 0.000000 9.000000
v -9.000000 0.000000 -29.000000
v -11.000000 0.000000 -29.000000
v -11.000000 0.000000 -31.000000
v -9.000000 0.000000 -21.000000
v -11.000000 0.000000 -21.000000
v -11.000000 0.000000 -23.000000
v -1.000000 0.000000 -21.000000
v -3.000000 0.000000 -21.000000
v -3.000000 0.000000 -23.000000
v 23.000000 0.000000 -29.000000
v 21.000000 0.000000 -29.000000
v 21.000000 0.000000 -31.000000
v 23.012253 -0.055752 -20.944214
v 21.043350 -0.037679 -20.975821
v 21.002853 -0.053630 -22.942892
v 31.000000 0.000000 -21.000000
v 29.000000 0.000000 -21.000000
v 29.000000 0.000000 -23.000000
v 27.000000 0.000000 -21.000000
v 25.000204 -0.009350 -20.989931
v 25.000000 0.000000 -23.000000
v 27.000000 0.000000 -17.000000
v 25.005856 -0.025889 -16.974159
v 25.002399 -0.032845 -18.965277
v 31.000000 0.000000 -17.000000
v 29.000000 0.000000 -17.000000
v 29.000000 0.000000 -19.000000
v 19.058819 -0.017038 -21.004187
v 17.043144 -0.028284 -20.985939
v 17.002716 -0.047301 -22.949709
v 19.159189 0.147781 -17.221775
v 17.125595 0.105056 -17.162451
v 17.099174 0.057581 -19.100737
v 23.058128 0.014429 -17.038074
v 21.125690 0.100700 -17.157761
v 21.099325 0.050706 -19.093332
v 19.000000 0.000000 -29.000000
v 17.000000 0.000000 -29.000000
v 17.000000 0.000000 -31.000000
v 19.000002 -0.000082 -24.999912
v 17.000000 0.000000 -25.000000
v 17.000000 0.000000 -27.000000
v 23.000000 0.000000 -25.000000
v 21.000000 0.000000 -25.000000
v 21.000000 0.000000 -27.000000
v -5.000000 0.000000 -21.000000
v -7.000000 0.000000 -21.000000
v -7.000000 0.000000 -23.000000
v -5.000000 0.000000 -17.000000
v -7.000000 0.000000 -17.000000
v -7.000000 0.000000 -19.000000
v -1.000000 0.000000 -17.000000
v -3.000000 0.000000 -17.000000
v -3.000000 0.000000 -19.000000
v -13.000654 0.010945 -21.011003
v -15.003824 0.063948 -21.064291
v -15.000000 0.000000 -23.000000
v -13.010163 0.169967 -17.170879
v -15.021091 0.352686 -17.354580
v -15.014871 0.248673 -19.250010
v -9.000000 0.000000 -17.000000
v -11.000654 0.010945 -17.011003
v -11.000067 0.001119 -19.001125
v -13.000000 0.000000 -29.000000
v -15.000000 0.000000 -29.000000
v -15.000000 0.000000 -31.000000
v -13.000000 0.000000 -25.000000
v -15.000000 0.000000 -25.000000
v -15.000000 0.000000 -27.000000
v -9.000000 0.000000 -25.000000
v -11.000000 0.000000 -25.000000
v -11.000000 0.000000 -27.000000
v -5.000000 0.000000 11.000000
v -7.000000 0.000000 11.000000
v -7.000000 0.000000 9.000000
v -5.000000 0.000000 15.000000
v -7.000000 0.000000 15.000000
v -7.000000 0.000000 13.000000
v -1.000000 0.000000 15.000000
v -3.000000 0.000000 15.000000
v -3.000000 0.000000 13.000000
v -13.000000 0.000000 11.000000
v -15.000000 0.000000 11.000000
v -15.000000 0.000000 9.000000
v -13.000000 0.000000 15.000000
v -15.000000 0.000000 15.000000
v -15.000000 0.000000 13.000000
v -9.000000 0.000000 15.000000
v -11.000000 0.000000 15.000000
v -11.000000 0.000000 13.000000
v -12.990644 -0.279186 3.219354
v -14.993403 -0.196850 3.154663
v -14.993403 -0.196850 1.154663
v -12.999710 -0.008664 7.006807
v -14.999970 -0.000886 7.000696
v -14.997097 -0.086636 5.068069
v -9.000000 0.000000 7.000000
v -10.999970 -0.000886 7.000696
v -10.997097 -0.086636 5.068069
v 27.000000 0.000000 11.000000
v 25.000000 0.000000 11.000000
v 25.000000 0.000000 9.000000
v 27.000000 0.000000 15.000000
v 25.000000 0.000000 15.000000
v 25.000000 0.000000 13.000000
v 31.000000 0.000000 15.000000
v 29.000000 0.000000 15.000000
v 29.000000 0.000000 13.000000
v 19.065542 -0.173001 11.099823
v 17.123499 -0.325974 11.188090
v 17.123499 -0.325974 9.188090
v 19.007835 -0.020684 15.011935
v 17.028780 -0.075962 15.043831
v 17.082066 -0.216614 13.124989
v 23.000000 0.000000 15.000000
v 21.000000 0.000000 15.000000
v 21.003889 -0.010264 13.005922
v 19.000000 0.000000 3.000000
v 17.000124 -0.000326 3.000188
v 17.000000 0.000000 1.000000
v 19.039101 -0.103207 7.059552
v 17.082066 -0.216614 7.124989
v 17.028780 -0.075962 5.043831
v 23.000000 0.000000 7.000000
v 21.003889 -0.010264 7.005922
v 21.000000 0.000000 5.000000
v 11.065543 -0.173001 11.099823
v 9.013247 -0.034965 11.020175
v 9.013247 -0.034965 9.020175
v 11.009002 0.035194 14.974581
v 9.000519 0.041524 14.972321
v 9.003914 -0.008640 13.004839
v 15.039437 -0.092967 15.052678
v 13.029954 -0.036169 15.017150
v 13.082116 -0.215053 13.123941
v 3.000000 0.000000 11.000000
v 1.000000 0.000000 11.000000
v 1.000000 0.000000 9.000000
v 3.000000 0.000000 15.000000
v 1.000000 0.000000 15.000000
v 1.000000 0.000000 13.000000
v 7.000134 0.010772 14.992820
v 5.000000 0.000000 15.000000
v 5.000000 0.000000 13.000000
v 3.000000 0.000000 3.000000
v 1.000000 0.000000 3.000000
v 1.000000 0.000000 1.000000
v 3.000000 0.000000 7.000000
v 1.000000 0.000000 7.000000
v 1.000000 0.000000 5.000000
v 7.000000 0.000000 7.000000
v 5.000000 0.000000 7.000000
v 5.000000 0.000000 5.000000
v 11.000000 0.000000 27.000000
v 9.000000 0.000000 27.000000
v 9.000020 0.001639 24.998907
v 11.000000 0.000000 31.000000
v 9.000000 0.000000 31.000000
v 9.000000 0.000000 29.000000
v 15.000000 0.000000 31.000000
v 13.000000 0.000000 31.000000
v 13.000000 0.000000 29.000000
v 3.000000 0.000000 27.000000
v 1.000000 0.000000 27.000000
v 1.000000 0.000000 25.000000
v 3.000000 0.000000 31.000000
v 1.000000 0.000000 31.000000
v 1.000000 0.000000 29.000000
v 7.000000 0.000000 31.000000
v 5.000000 0.000000 31.000000
v 5.000000 0.000000 29.000000
v 3.000000 0.000000 19.000000
v 1.000000 0.000000 19.000000
v 1.000000 0.000000 17.000000
v 3.000000 0.000000 23.000000
v 1.000000 0.000000 23.000000
v 1.000000 0.000000 21.000000
v 7.000134 0.010772 22.992819
v 5.000000 0.000000 23.000000
v 5.000021 0.001639 20.998907
v 27.000000 0.000000 27.000000
v 25.000000 0.000000 27.000000
v 25.000000 0.000000 25.000000
v 27.000000 0.000000 31.000000
v 25.000000 0.000000 31.000000
v 25.000000 0.000000 29.000000
v 31.000000 0.000000 31.000000
v 29.000000 0.000000 31.000000
v 29.000000 0.000000 29.000000
v 19.000000 0.000000 27.000000
v 17.000000 0.000000 27.000000
v 17.000000 0.000000 25.000000
v 19.000000 0.000000 31.000000
v 17.000000 0.000000 31.000000
v 17.000000 0.000000 29.000000
v 23.000000 0.000000 31.000000
v 21.000000 0.000000 31.000000
v 21.000000 0.000000 29.000000
v 19.000000 0.000000 19.000000
v 17.000065 0.005163 18.996559
v 17.000147 0.001307 16.999098
v 19.000000 0.000000 23.000000
v 17.000000 0.000000 23.000000
v 17.000021 0.001639 20.998907
v 23.000000 0.000000 23.000000
v 21.000000 0.000000 23.000000
v 21.000000 0.000000 21.000000
v -21.000000 0.000000 11.000000
v -23.000000 0.000000 11.000000
v -23.000000 0.000000 9.000000
v -21.000000 0.000000 15.000000
v -23.000000 0.000000 15.000000
v -23.000000 0.000000 13.000000
v -17.000000 0.000000 15.000000
v -19.000000 0.000000 15.000000
v -19.000000 0.000000 13.000000
v -29.000000 0.000000 11.000000
v -31.000000 0.000000 11.000000
v -31.000000 0.000000 9.000000
v -29.000000 0.000000 15.000000
v -31.000000 0.000000 15.000000
v -31.000000 0.000000 13.000000
v -25.000000 0.000000 15.000000
v -27.000000 0.000000 15.000000
v -27.000000 0.000000 13.000000
v -29.000000 0.000000 3.000000
v -31.000000 0.000000 3.000000
v -31.000000 0.000000 1.000000
v -29.000000 0.000000 7.000000
v -31.000000 0.000000 7.000000
v -31.000000 0.000000 5.000000
v -25.000000 0.000000 7.000000
v -27.000000 0.000000 7.000000
v -27.000000 0.000000 5.000000
v -21.002617 0.065501 26.951454
v -23.001362 0.034069 26.974751
v -23.006638 0.166133 24.876873
v -21.000000 0.000000 31.000000
v -23.000000 0.000000 31.000000
v -23.000000 0.000000 29.000000
v -17.000000 0.000000 31.000000
v -19.000000 0.000000 31.000000
v -19.000000 0.000000 29.000000
v -29.000000 0.000000 27.000000
v -31.000000 0.000000 27.000000
v -31.000000 0.000000 25.000000
v -29.000000 0.000000 31.000000
v -31.000000 0.000000 31.000000
v -31.000000 0.000000 29.000000
v -25.000000 0.000000 31.000000
v -27.000000 0.000000 31.000000
v -27.000000 0.000000 29.000000
v -29.000000 0.000000 19.000000
v -31.000000 0.000000 19.000000
v -31.000000 0.000000 17.000000
v -29.000000 0.000000 23.000000
v -31.000000 0.000000 23.000000
v -31.000000 0.000000 21.000000
v -25.002617 0.065501 22.951454
v -27.000000 0.000000 23.000000
v -27.000000 0.000000 21.000000
v -5.000000 0.000000 27.000000
v -7.000000 0.000000 27.000000
v -7.000000 0.000000 25.000000
v -5.000000 0.000000 31.000000
v -7.000000 0.000000 31.000000
v -7.000000 0.000000 29.000000
v -1.000000 0.000000 31.000000
v -3.000000 0.000000 31.000000
v -3.000000 0.000000 29.000000
v -13.000000 0.000000 27.000000
v -15.000000 0.000000 27.000000
v -15.000000 0.000000 25.000000
v -13.000000 0.000000 31.000000
v -15.000000 0.000000 31.000000
v -15.000000 0.000000 29.000000
v -9.000000 0.000000 31.000000
v -11.000000 0.000000 31.000000
v -11.000000 0.000000 29.000000
v -13.000000 0.000000 19.000000
v -15.000000 0.000000 19.000000
v -15.000000 0.000000 17.000000
v -13.000000 0.000000 23.000000
v -15.000000 0.000000 23.000000
v -15.000000 0.000000 21.000000
v -9.000000 0.000000 23.000000
v -11.000000 0.000000 23.000000
v -11.000000 0.000000 21.000000
v -21.000000 0.000000 -21.000000
v -23.000000 0.000000 -21.000000
v -23.000000 0.000000 -23.000000
v -21.000654 0.010945 -17.011003
v -23.000000 0.000000 -17.000000
v -23.000000 0.000000 -19.000000
v -17.021090 0.352686 -17.354580
v -19.010164 0.169967 -17.170879
v -19.006544 0.109445 -19.110033
v -29.000000 0.000000 -21.000000
v -31.000000 0.000000 -21.000000
v -31.000000 0.000000 -23.000000
v -29.000000 0.000000 -17.000000
v -31.000000 0.000000 -17.000000
v -31.000000 0.000000 -19.000000
v -25.000000 0.000000 -17.000000
v -27.000000 0.000000 -17.000000
v -27.000000 0.000000 -19.000000
v -29.000000 0.000000 -29.000000
v -31.000000 0.000000 -29.000000
v -31.000000 0.000000 -31.000000
v -29.000000 0.000000 -25.000000
v -31.000000 0.000000 -25.000000
v -31.000000 0.000000 -27.000000
v -25.000000 0.000000 -25.000000
v -27.000000 0.000000 -25.000000
v -27.000000 0.000000 -27.000000
v -21.000000 0.000000 -5.000000
v -23.000000 0.000000 -5.000000
v -23.000000 0.000000 -7.000000
v -21.000000 0.000000 -1.000000
v -23.000000 0.000000 -1.000000
v -23.000000 0.000000 -3.000000
v -16.999710 -0.008664 -0.993193
v -19.000000 0.000000 -1.000000
v -19.000000 0.000000 -3.000000
v -29.000000 0.000000 -5.000000
v -31.000000 0.000000 -5.000000
v -31.000000 0.000000 -7.000000
v -29.000000 0.000000 -1.000000
v -31.000000 0.000000 -1.000000
v -31.000000 0.000000 -3.000000
v -25.000000 0.000000 -1.000000
v -27.000000 0.000000 -1.000000
v -27.000000 0.000000 -3.000000
v -29.000000 0.000000 -13.000000
v -31.000000 0.000000 -13.000000
v -31.000000 0.000000 -15.000000
v -29.000000 0.000000 -9.000000
v -31.000000 0.000000 -9.000000
v -31.000000 0.000000 -11.000000
v -25.000000 0.000000 -9.000000
v -27.000000 0.000000 -9.000000
v -27.000000 0.000000 -11.000000
v -5.000000 0.000000 -5.000000
v -7.000000 0.000000 -5.000000
v -7.000000 0.000000 -7.000000
v -5.000000 0.000000 -1.000000
v -7.000000 0.000000 -1.000000
v -7.000000 0.000000 -3.000000
v -1.000000 0.000000 -1.000000
v -3.000000 0.000000 -1.000000
v -3.000000 0.000000 -3.000000
v -13.000000 0.000000 -5.000000
v -15.000000 0.000000 -5.000000
v -15.000000 0.000000 -7.000000
v -12.995491 -0.134545 -0.894289
v -14.997097 -0.086636 -0.931931
v -14.999970 -0.000886 -2.999304
v -8.999710 -0.008664 -0.993193
v -10.997097 -0.086636 -0.931931
v -10.999970 -0.000886 -2.999304
v -13.000654 0.010945 -13.011003
v -15.003824 0.063948 -13.064292
v -15.014871 0.248673 -15.250009
v -13.000000 0.000000 -9.000000
v -15.000000 0.000000 -9.000000
v -15.000000 0.000000 -11.000000
v -9.000000 0.000000 -9.000000
v -11.000000 0.000000 -9.000000
v -11.000000 0.000000 -11.000000
v 11.000000 0.000000 -21.000000
v 9.000000 0.000000 -21.000000
v 9.000000 0.000000 -23.000000
v 11.000000 0.000000 -17.000000
v 9.000000 0.000000 -17.000000
v 9.000000 0.000000 -19.000000
v 15.057772 0.030772 -17.055676
v 13.005531 -0.011140 -16.990044
v 13.002094 -0.018985 -18.980204
v 3.000000 0.000000 -21.000000
v 1.000000 0.000000 -21.000000
v 1.000000 0.000000 -23.000000
v 3.000000 0.000000 -17.000000
v 1.000000 0.000000 -17.000000
v 1.000000 0.000000 -19.000000
v 7.000000 0.000000 -17.000000
v 5.000000 0.000000 -17.000000
v 5.000000 0.000000 -19.000000
v 3.000000 0.000000 -29.000000
v 1.000000 0.000000 -29.000000
v 1.000000 0.000000 -31.000000
v 3.000000 0.000000 -25.000000
v 1.000000 0.000000 -25.000000
v 1.000000 0.000000 -27.000000
v 7.000000 0.000000 -25.000000
v 5.000000 0.000000 -25.000000
v 5.000000 0.000000 -27.000000
v 11.000000 0.000000 -5.000000
v 9.000000 0.000000 -5.000000
v 9.000000 0.000000 -7.000000
v 11.000000 0.000000 -1.000000
v 9.000000 0.000000 -1.000000
v 9.000000 0.000000 -3.000000
v 15.000000 0.000000 -1.000000
v 13.000000 0.000000 -1.000000
v 13.000000 0.000000 -3.000000
v 3.000000 0.000000 -5.000000
v 1.000000 0.000000 -5.000000
v 1.000000 0.000000 -7.000000
v 3.000000 0.000000 -1.000000
v 1.000000 0.000000 -1.000000
v 1.000000 0.000000 -3.000000
v 7.000000 0.000000 -1.000000
v 5.000000 0.000000 -1.000000
v 5.000000 0.000000 -3.000000
v 3.000000 0.000000 -13.000000
v 1.000000 0.000000 -13.000000
v 1.000000 0.000000 -15.000000
v 3.000000 0.000000 -9.000000
v 1.000000 0.000000 -9.000000
v 1.000000 0.000000 -11.000000
v 7.000000 0.000000 -9.000000
v 5.000000 0.000000 -9.000000
v 5.000000 0.000000 -11.000000
v 27.000000 0.000000 -5.000000
v 25.000000 0.000000 -5.000000
v 25.000000 0.000000 -7.000000
v 27.000000 0.000000 -1.000000
v 25.000000 0.000000 -1.000000
v 25.000000 0.000000 -3.000000
v 31.000000 0.000000 -1.000000
v 29.000000 0.000000 -1.000000
v 29.000000 0.000000 -3.000000
v 19.000000 0.000000 -5.000000
v 17.000000 0.000000 -5.000000
v 17.000000 0.000000 -7.000000
v 19.000000 0.000000 -1.000000
v 17.000000 0.000000 -1.000000
v 17.000000 0.000000 -3.000000
v 23.000000 0.000000 -1.000000
v 21.000000 0.000000 -1.000000
v 21.000000 0.000000 -3.000000
v 19.057182 0.057655 -13.084624
v 17.041555 0.044302 -13.064107
v 17.098522 0.087430 -15.132881
v 19.000000 0.000000 -9.000000
v 17.000000 0.000000 -9.000000
v 17.001616 0.002947 -11.003820
v 23.000000 0.000000 -9.000000
v 21.000000 0.000000 -9.000000
v 21.001648 0.001419 -11.002175
v 27.000000 0.000000 -13.000000
v 25.000000 0.000000 -13.000000
v 25.001965 -0.013043 -14.986601
v 27.000000 0.000000 -9.000000
v 25.000000 0.000000 -9.000000
v 25.000000 0.000000 -11.000000
v 31.000000 0.000000 -9.000000
v 29.000000 0.000000 -9.000000
v 29.000000 0.000000 -11.000000
v 11.000000 0.000000 -13.000000
v 9.000000 0.000000 -13.000000
v 9.000000 0.000000 -15.000000
v 11.000000 0.000000 -9.000000
v 9.000000 0.000000 -9.000000
v 9.000000 0.000000 -11.000000
v 15.000000 0.000000 -9.000000
v 13.000000 0.000000 -9.000000
v 13.000000 0.000000 -11.000000
v 11.000000 0.000000 -29.000000
v 9.000000 0.000000 -29.000000
v 9.000000 0.000000 -31.000000
v 11.000000 0.000000 -25.000000
v 9.000000 0.000000 -25.000000
v 9.000000 0.000000 -27.000000
v 15.000000 0.000000 -25.000000
v 13.000000 0.000000 -25.000000
v 13.000000 0.000000 -27.000000
v -5.000000 0.000000 -13.000000
v -7.000000 0.000000 -13.000000
v -7.000000 0.000000 -15.000000
v -5.000000 0.000000 -9.000000
v -7.000000 0.000000 -9.000000
v -7.000000 0.000000 -11.000000
v -1.000000 0.000000 -9.000000
v -3.000000 0.000000 -9.000000
v -3.000000 0.000000 -11.000000
v -21.000000 0.000000 -13.000000
v -23.000000 0.000000 -13.000000
v -23.000000 0.000000 -15.000000
v -21.000000 0.000000 -9.000000
v -23.000000 0.000000 -9.000000
v -23.000000 0.000000 -11.000000
v -17.000000 0.000000 -9.000000
v -19.000000 0.000000 -9.000000
v -19.000000 0.000000 -11.000000
v -21.000000 0.000000 -29.000000
v -23.000000 0.000000 -29.000000
v -23.000000 0.000000 -31.000000
v -21.000000 0.000000 -25.000000
v -23.000000 0.000000 -25.000000
v -23.000000 0.000000 -27.000000
v -17.000000 0.000000 -25.000000
v -19.000000 0.000000 -25.000000
v -19.000000 0.000000 -27.000000
v -5.000000 0.000000 19.000000
v -7.000000 0.000000 19.000000
v -7.000000 0.000000 17.000000
v -5.000000 0.000000 23.000000
v -7.000000 0.000000 23.000000
v -7.000000 0.000000 21.000000
v -1.000000 0.000000 23.000000
v -3.000000 0.000000 23.000000
v -3.000000 0.000000 21.000000
v -21.002617 0.065501 18.951454
v -23.001362 0.034069 18.974751
v -23.000000 0.000000 17.000000
v -21.013630 0.341187 22.747133
v -23.009609 0.240504 22.821753
v -23.006638 0.166133 20.876873
v -17.002617 0.065501 22.951454
v -19.009609 0.240504 22.821753
v -19.006638 0.166133 20.876873
v -21.000000 0.000000 3.000000
v -23.000000 0.000000 3.000000
v -23.000000 0.000000 1.000000
v -21.000000 0.000000 7.000000
v -23.000000 0.000000 7.000000
v -23.000000 0.000000 5.000000
v -17.000000 0.000000 7.000000
v -19.000000 0.000000 7.000000
v -19.000000 0.000000 5.000000
v 27.000000 0.000000 19.000000
v 25.000000 0.000000 19.000000
v 25.000000 0.000000 17.000000
v 27.000000 0.000000 23.000000
v 25.000000 0.000000 23.000000
v 25.000000 0.000000 21.000000
v 31.000000 0.000000 23.000000
v 29.000000 0.000000 23.000000
v 29.000000 0.000000 21.000000
v 11.001983 0.158603 18.894278
v 9.001561 0.124885 18.916754
v 9.001225 0.098072 16.934626
v 11.000713 0.057070 22.961958
v 9.000519 0.041524 22.972321
v 9.001225 0.098072 20.934626
v 15.000134 0.010772 22.992819
v 13.000519 0.041524 22.972321
v 13.001225 0.098072 20.934626
v 11.000000 0.000000 3.000000
v 9.000000 0.000000 3.000000
v 9.000000 0.000000 1.000000
v 11.039101 -0.103207 7.059552
v 9.003889 -0.010264 7.005922
v 9.000000 0.000000 5.000000
v 15.101202 -0.267122 7.154132
v 13.082067 -0.216614 7.124989
v 13.028779 -0.075962 5.043831
v 27.000000 0.000000 3.000000
v 25.000000 0.000000 3.000000
v 25.000000 0.000000 1.000000
v 27.000000 0.000000 7.000000
v 25.000000 0.000000 7.000000
v 25.000000 0.000000 5.000000
v 31.000000 0.000000 7.000000
v 29.000000 0.000000 7.000000
v 29.000000 0.000000 5.000000
v -5.000000 0.000000 3.000000
v -7.000000 0.000000 3.000000
v -7.000000 0.000000 1.000000
v -5.000000 0.000000 7.000000
v -7.000000 0.000000 7.000000
v -7.000000 0.000000 5.000000
v -1.000000 0.000000 7.000000
v -3.000000 0.000000 7.000000
v -3.000000 0.000000 5.000000
v -5.000000 0.000000 -29.000000
v -7.000000 0.000000 -29.000000
v -7.000000 0.000000 -31.000000
v -5.000000 0.000000 -25.000000
v -7.000000 0.000000 -25.000000
v -7.000000 0.000000 -27.000000
v -1.000000 0.000000 -25.000000
v -3.000000 0.000000 -25.000000
v -3.000000 0.000000 -27.000000
v 27.000000 0.000000 -29.000000
v 25.000000 0.000000 -29.000000
v 25.000000 0.000000 -31.000000
v 27.000000 0.000000 -25.000000
v 25.000000 0.000000 -25.000000
v 25.000000 0.000000 -27.000000
v 31.000000 0.000000 -25.000000
v 29.000000 0.000000 -25.000000
v 29.000000 0.000000 -27.000000
v 31.000000 0.000000 -27.000000
v 27.000000 0.000000 -27.000000
v 27.000000 0.000000 -31.000000
v -1.000000 0.000000 -27.000000
v -5.000000 0.000000 -27.000000
v -5.000000 0.000000 -31.000000
v -1.000000 0.000000 5.000000
v -5.000000 0.000000 5.000000
v -5.000000 0.000000 1.000000
v 31.000000 0.000000 5.000000
v 27.000000 0.000000 5.000000
v 27.000000 0.000000 1.000000
v 15.039101 -0.103207 5.059552
v 11.007836 -0.020684 5.011935
v 11.000000 0.000000 1.000000
v 15.000519 0.041524 20.972321
v 11.001561 0.124885 20.916754
v 11.001561 0.124885 16.916754
v 31.000000 0.000000 21.000000
v 27.000000 0.000000 21.000000
v 27.000000 0.000000 17.000000
v -16.999710 -0.008664 5.006807
v -21.000000 0.000000 5.000000
v -21.000000 0.000000 1.000000
v -17.001362 0.034069 20.974751
v -21.009609 0.240504 20.821753
v -21.000000 0.000000 17.000000
v -1.000000 0.000000 21.000000
v -5.000000 0.000000 21.000000
v -5.000000 0.000000 17.000000
v -17.000000 0.000000 -27.000000
v -21.000000 0.000000 -27.000000
v -21.000000 0.000000 -31.000000
v -17.000000 0.000000 -11.000000
v -21.000000 0.000000 -11.000000
v -21.000067 0.001119 -15.001125
v -1.000000 0.000000 -11.000000
v -5.000000 0.000000 -11.000000
v -5.000000 0.000000 -15.000000
v 15.000000 0.000000 -27.000000
v 11.000000 0.000000 -27.000000
v 11.000000 0.000000 -31.000000
v 15.000000 0.000000 -11.000000
v 11.000000 0.000000 -11.000000
v 11.000000 0.000000 -15.000000
v 31.000000 0.000000 -11.000000
v 27.000000 0.000000 -11.000000
v 27.000000 0.000000 -15.000000
v 23.000000 0.000000 -11.000000
v 19.005123 0.007546 -11.010166
v 19.125427 0.112685 -15.170667
v 23.000000 0.000000 -3.000000
v 19.000000 0.000000 -3.000000
v 19.000000 0.000000 -7.000000
v 31.000000 0.000000 -3.000000
v 27.000000 0.000000 -3.000000
v 27.000000 0.000000 -7.000000
v 7.000000 0.000000 -11.000000
v 3.000000 0.000000 -11.000000
v 3.000000 0.000000 -15.000000
v 7.000000 0.000000 -3.000000
v 3.000000 0.000000 -3.000000
v 3.000000 0.000000 -7.000000
v 15.000000 0.000000 -3.000000
v 11.000000 0.000000 -3.000000
v 11.000000 0.000000 -7.000000
v 7.000000 0.000000 -27.000000
v 3.000000 0.000000 -27.000000
v 3.000000 0.000000 -31.000000
v 7.000000 0.000000 -19.000000
v 3.000000 0.000000 -19.000000
v 3.000000 0.000000 -23.000000
v 15.042606 -0.003728 -19.012383
v 11.000000 0.000000 -19.000000
v 11.000000 0.000000 -23.000000
v -9.000000 0.000000 -11.000000
v -13.000000 0.000000 -11.000000
v -13.006545 0.109445 -15.110032
v -9.000000 0.000000 -3.000000
v -12.999710 -0.008664 -2.993193
v -13.000000 0.000000 -7.000000
v -1.000000 0.000000 -3.000000
v -5.000000 0.000000 -3.000000
v -5.000000 0.000000 -7.000000
v -25.000000 0.000000 -11.000000
v -29.000000 0.000000 -11.000000
v -29.000000 0.000000 -15.000000
v -25.000000 0.000000 -3.000000
v -29.000000 0.000000 -3.000000
v -29.000000 0.000000 -7.000000
v -17.000000 0.000000 -3.000000
v -21.000000 0.000000 -3.000000
v -21.000000 0.000000 -7.000000
v -25.000000 0.000000 -27.000000
v -29.000000 0.000000 -27.000000
v -29.000000 0.000000 -31.000000
v -25.000000 0.000000 -19.000000
v -29.000000 0.000000 -19.000000
v -29.000000 0.000000 -23.000000
v -17.014870 0.248673 -19.250010
v -21.000067 0.001119 -19.001125
v -21.000000 0.000000 -23.000000
v -9.000000 0.000000 21.000000
v -13.000000 0.000000 21.000000
v -13.000000 0.000000 17.000000
v -9.000000 0.000000 29.000000
v -13.000000 0.000000 29.000000
v -13.000000 0.000000 25.000000
v -1.000000 0.000000 29.000000
v -5.000000 0.000000 29.000000
v -5.000000 0.000000 25.000000
v -25.001362 0.034069 20.974751
v -29.000000 0.000000 21.000000
v -29.000000 0.000000 17.000000
v -25.000000 0.000000 29.000000
v -29.000000 0.000000 29.000000
v -29.000000 0.000000 25.000000
v -17.000000 0.000000 29.000000
v -21.000000 0.000000 29.000000
v -21.009609 0.240504 24.821753
v -25.000000 0.000000 5.000000
v -29.000000 0.000000 5.000000
v -29.000000 0.000000 1.000000
v -25.000000 0.000000 13.000000
v -29.000000 0.000000 13.000000
v -29.000000 0.000000 9.000000
v -17.000000 0.000000 13.000000
v -21.000000 0.000000 13.000000
v -21.000000 0.000000 9.000000
v 23.000000 0.000000 21.000000
v 19.000000 0.000000 21.000000
v 19.000000 0.000000 17.000000
v 23.000000 0.000000 29.000000
v 19.000000 0.000000 29.000000
v 19.000000 0.000000 25.000000
v 31.000000 0.000000 29.000000
v 27.000000 0.000000 29.000000
v 27.000000 0.000000 25.000000
v 7.000519 0.041524 20.972321
v 3.000000 0.000000 21.000000
v 3.000000 0.000000 17.000000
v 7.000000 0.000000 29.000000
v 3.000000 0.000000 29.000000
v 3.000000 0.000000 25.000000
v 15.000000 0.000000 29.000000
v 11.000000 0.000000 29.000000
v 11.000065 0.005163 24.996559
v 7.000000 0.000000 5.000000
v 3.000000 0.000000 5.000000
v 3.000000 0.000000 1.000000
v 7.000000 0.000000 13.000000
v 3.000000 0.000000 13.000000
v 3.000000 0.000000 9.000000
v 15.101202 -0.267122 13.154132
v 11.039226 -0.098201 13.056200
v 11.065543 -0.173001 9.099823
v 23.000000 0.000000 5.000000
v 19.007835 -0.020684 5.011935
v 19.000000 0.000000 1.000000
v 23.000000 0.000000 13.000000
v 19.039101 -0.103207 13.059551
v 19.065542 -0.173001 9.099823
v 31.000000 0.000000 13.000000
v 27.000000 0.000000 13.000000
v 27.000000 0.000000 9.000000
v -8.999710 -0.008664 5.006807
v -12.995491 -0.134545 5.105711
v -12.990644 -0.279186 1.219354
v -9.000000 0.000000 13.000000
v -13.000000 0.000000 13.000000
v -13.000000 0.000000 9.000000
v -1.000000 0.000000 13.000000
v -5.000000 0.000000 13.000000
v -5.000000 0.000000 9.000000
v -9.000000 0.000000 -27.000000
v -13.000000 0.000000 -27.000000
v -13.000000 0.000000 -31.000000
v -9.000000 0.000000 -19.000000
v -13.006545 0.109445 -19.110033
v -13.000000 0.000000 -23.000000
v -1.000000 0.000000 -19.000000
v -5.000000 0.000000 -19.000000
v -5.000000 0.000000 -23.000000
v 23.000000 0.000000 -27.000000
v 19.000000 0.000000 -27.000000
v 19.000000 0.000000 -31.000000
v 23.042988 -0.021165 -18.993605
v 19.125862 0.092817 -19.149271
v 19.006609 -0.060278 -22.937124
v 31.000000 0.000000 -19.000000
v 27.000000 0.000000 -19.000000
v 27.000000 0.000000 -23.000000
v 31.000000 0.000000 -23.000000
v 23.000313 -0.014290 -22.984612
v 23.000000 0.000000 -31.000000
v -1.000000 0.000000 -23.000000
v -9.000000 0.000000 -23.000000
v -9.000000 0.000000 -31.000000
v -1.000000 0.000000 9.000000
v -9.000000 0.000000 9.000000
v -8.998303 -0.050621 1.039773
v 31.000000 0.000000 9.000000
v 23.000000 0.000000 9.000000
v 23.000000 0.000000 1.000000
v 15.150194 -0.396438 9.228748
v 7.000000 0.000000 9.000000
v 7.000000 0.000000 1.000000
v 15.000000 0.000000 25.000000
v 7.000000 0.000000 25.000000
v 7.000519 0.041524 16.972321
v 31.000000 0.000000 25.000000
v 23.000000 0.000000 25.000000
v 23.000000 0.000000 17.000000
v -17.000000 0.000000 9.000000
v -25.000000 0.000000 9.000000
v -25.000000 0.000000 1.000000
v -17.001362 0.034069 24.974751
v -25.001362 0.034069 24.974751
v -25.000000 0.000000 17.000000
v -1.000000 0.000000 25.000000
v -9.000000 0.000000 25.000000
v -9.000000 0.000000 17.000000
v -17.000000 0.000000 -23.000000
v -25.000000 0.000000 -23.000000
v -25.000000 0.000000 -31.000000
v -17.000000 0.000000 -7.000000
v -25.000000 0.000000 -7.000000
v -25.000000 0.000000 -15.000000
v -1.000000 0.000000 -7.000000
v -9.000000 0.000000 -7.000000
v -9.000000 0.000000 -15.000000
v 15.000193 -0.008814 -22.990507
v 7.000000 0.000000 -23.000000
v 7.000000 0.000000 -31.000000
v 15.000000 0.000000 -7.000000
v 7.000000 0.000000 -7.000000
v 7.000000 0.000000 -15.000000
v 31.000000 0.000000 -7.000000
v 23.000000 0.000000 -7.000000
v 23.042154 0.016949 -15.034650
v 31.000000 0.000000 -15.000000
v 15.041827 0.031880 -15.050729
v 15.000000 0.000000 -31.000000
v -1.000000 0.000000 -15.000000
v -17.014870 0.248673 -15.250009
v -17.000000 0.000000 -31.000000
v -1.000000 0.000000 17.000000
v -17.000000 0.000000 17.000000
v -16.998304 -0.050621 1.039773
v 31.000000 0.000000 17.000000
v 15.002043 0.037502 16.974642
v 15.000000 0.000000 1.000000
v 31.000000 0.000000 1.000000
v -1.000000 0.000000 1.000000
v -1.000000 0.000000 -31.000000
v 31.000000 0.000000 -31.000000
vn -0.0000 1.0000 -0.0000
vn 0.0192 0.9987 -0.0475
vn 0.0618 0.9977 0.0267
vn -0.0243 0.9971 0.0721
vn -0.0302 0.9995 0.0054
vn 0.0277 0.9996 0.0002
vn 0.0114 0.9998 0.0178
vn -0.0693 0.9971 0.0300
vn 0.0410 0.9991 0.0139
vn -0.0264 0.9995 -0.0189
vn -0.0033 1.0000 0.0044
vn 0.0005 1.0000 0.0005
vn 0.0014 1.0000 0.0010
vn -0.0173 0.9985 0.0515
vn -0.0368 0.9992 0.0125
vn -0.0067 0.9999 0.0075
vn -0.0013 0.9993 0.0362
vn 0.0119 0.9982 -0.0584
vn 0.0120 0.9998 -0.0153
vn 0.0594 0.9973 -0.0427
vn -0.0197 0.9981 0.0587
vn -0.0167 0.9964 -0.0829
vn -0.0193 0.9997 -0.0115
vn -0.0735 0.9970 0.0246
vn -0.0642 0.9973 -0.0358
vn -0.0095 0.9999 0.0111
vn 0.0728 0.9969 0.0313
vn 0.0667 0.9964 -0.0520
vn -0.0155 0.9969 -0.0772
vn 0.0002 1.0000 -0.0002
vn 0.0018 0.9998 0.0198
vn -0.0311 0.9994 0.0134
vn -0.0004 1.0000 -0.0004
vn 0.0220 0.9976 0.0653
vn 0.0015 1.0000 0.0081
vn -0.0521 0.9979 -0.0374
vn -0.0245 0.9996 -0.0146
vn -0.0220 0.9938 -0.1089
vn -0.0014 1.0000 0.0073
vn 0.0768 0.9965 0.0332
vn 0.0001 1.0000 0.0001
vn -0.0237 0.9993 -0.0288
vn 0.0096 0.9997 0.0222
vn 0.0033 0.9998 0.0210
vn -0.0010 1.0000 -0.0010
vn -0.0044 1.0000 0.0056
vn -0.0462 0.9988 0.0157
vn -0.0017 1.0000 0.0091
vn 0.0187 0.9955 -0.0928
vn 0.0216 0.9997 -0.0128
vn 0.0464 0.9984 -0.0333
vn 0.0120 0.9991 -0.0395
vn 0.0078 0.9997 0.0232
vn 0.0271 0.9996 0.0091
vn 0.0181 0.9994 0.0283
vn -0.0055 0.9982 0.0604
vn 0.0149 0.9984 0.0543
vn 0.0311 0.9969 0.0722
vn -0.0113 0.9968 0.0787
vn 0.0012 1.0000 0.0012
vn 0.0283 0.9994 0.0181
vn 0.0496 0.9975 0.0496
vn 0.0289 0.9994 0.0174
vn 0.0184 0.9995 0.0256
vn 0.0139 0.9998 0.0109
vn -0.0209 0.9996 0.0209
vn -0.0132 0.9994 0.0307
vn 0.0048 0.9994 0.0335
vn -0.0180 0.9994 -0.0298
vn -0.0237 0.9997 -0.0079
vn 0.0091 0.9999 -0.0091
vn 0.0004 1.0000 -0.0004
vn 0.0043 1.0000 -0.0043
vn 0.0612 0.9962 -0.0612
vn 0.0877 0.9960 -0.0177
vn 0.0529 0.9986 -0.0060
vn -0.0490 0.9955 -0.0813
vn -0.0701 0.9973 -0.0236
vn 0.0280 0.9992 -0.0280
vn -0.0145 0.9990 -0.0428
vn 0.0062 0.9985 -0.0549
vn -0.0006 1.0000 0.0006
vn -0.0054 1.0000 0.0054
vn -0.0152 0.9999 -0.0045
vn -0.0024 1.0000 -0.0024
vn 0.0064 0.9999 0.0097
vn -0.0054 0.9998 0.0193
vn -0.0209 0.9996 0.0166
vn -0.0118 0.9997 0.0234
vn 0.0066 0.9996 0.0263
vn 0.0093 1.0000 -0.0023
vn -0.0103 0.9999 -0.0078
vn -0.0357 0.9993 -0.0143
vn 0.0010 1.0000 -0.0001
vn 0.0032 1.0000 0.0043
vn 0.0630 0.9960 0.0630
vn 0.0319 0.9968 0.0738
vn 0.0265 0.9993 0.0265
vn -0.0004 1.0000 0.0004
vn -0.0314 0.9985 0.0438
vn -0.0043 1.0000 0.0043
vn 0.0025 1.0000 0.0034
vn 0.0260 0.9978 0.0602
vn -0.0100 0.9976 0.0692
vn 0.0213 0.9995 0.0213
vn -0.0713 0.9949 -0.0713
vn -0.1007 0.9947 -0.0203
vn -0.0321 0.9990 -0.0321
vn -0.0603 0.9982 -0.0068
vn -0.0005 1.0000 -0.0005
vn -0.0082 1.0000 -0.0015
vn -0.0827 0.9965 -0.0119
vn -0.0028 1.0000 0.0038
vn -0.0574 0.9967 0.0574
vn -0.0291 0.9973 0.0673
vn 0.0111 0.9970 0.0770
vn 0.0029 1.0000 0.0012
vn -0.0062 0.9998 -0.0179
vn 0.0046 1.0000 -0.0005
vn -0.0170 0.9998 0.0047
vn -0.0044 1.0000 0.0033
vn -0.0188 0.9996 0.0188
vn -0.0047 0.9998 0.0168
vn -0.0110 0.9998 -0.0141
vn 0.0428 0.9966 -0.0705
vn 0.0376 0.9945 -0.0974
vn -0.0038 0.9961 -0.0878
vn 0.0437 0.9988 -0.0234
vn 0.0023 0.9993 -0.0378
vn 0.0410 0.9961 -0.0787
vn 0.0548 0.9984 0.0151
vn 0.0611 0.9981 -0.0056
vn 0.0801 0.9967 -0.0115
vn -0.0055 1.0000 0.0047
vn -0.0202 0.9988 0.0442
vn -0.0462 0.9968 0.0646
vn -0.0461 0.9983 0.0360
vn -0.0002 1.0000 0.0002
vn -0.0171 0.9998 -0.0070
vn -0.0622 0.9961 -0.0622
vn -0.0360 0.9973 -0.0646
vn -0.0288 0.9992 -0.0288
vn -0.0682 0.9968 0.0410
vn -0.0762 0.9970 -0.0153
vn -0.0811 0.9967 -0.0091
vn -0.0549 0.9970 -0.0549
vn -0.0115 0.9997 -0.0194
vn 0.0436 0.9964 -0.0723
vn 0.0130 0.9992 -0.0382
vn -0.0056 0.9988 -0.0491
vn 0.0513 0.9974 0.0513
vn 0.0624 0.9978 -0.0210
vn -0.0251 0.9994 -0.0251
vn 0.0006 1.0000 -0.0006
vn 0.0092 1.0000 -0.0017
vn 0.0568 0.9939 -0.0943
vn 0.0793 0.9965 -0.0267
vn 0.0930 0.9956 -0.0134
vn 0.0167 0.9987 -0.0491
vn 0.0055 1.0000 -0.0055
vn 0.0354 0.9984 -0.0434
vn 0.0460 0.9988 -0.0160
vn 0.0310 0.9994 -0.0128
vn -0.0230 0.9985 -0.0501
vn -0.0302 0.9994 -0.0144
vn 0.0138 0.9998 -0.0151
vn 0.0085 0.9993 0.0352
vn -0.0045 0.9995 -0.0311
vn 0.0055 0.9993 -0.0383
vn -0.0266 0.9996 0.0056
vn -0.0231 0.9997 -0.0030
vn -0.0048 1.0000 0.0045
vn -0.0124 0.9993 0.0349
vn 0.0064 0.9998 -0.0175
vn -0.0218 0.9996 0.0167
vn -0.0665 0.9970 0.0401
vn -0.0790 0.9967 -0.0160
vn -0.0475 0.9989 -0.0054
vn -0.0282 0.9996 0.0066
vn -0.0346 0.9994 -0.0027
vn 0.0460 0.9979 0.0460
vn 0.0522 0.9985 -0.0175
vn -0.0203 0.9996 -0.0203
vn 0.0030 1.0000 -0.0006
vn 0.0051 0.9999 0.0112
vn -0.0113 0.9999 -0.0052
vn -0.0201 0.9998 -0.0018
vn -0.0344 0.9994 -0.0049
vn 0.0738 0.9963 0.0445
vn 0.0350 0.9982 0.0487
vn 0.0048 1.0000 0.0048
vn -0.0038 1.0000 0.0028
vn -0.0238 0.9994 0.0238
vn -0.0049 1.0000 -0.0049
vn -0.0147 0.9996 -0.0248
vn -0.0072 0.9980 -0.0635
vn 0.0043 1.0000 0.0032
vn 0.0170 0.9998 0.0111
vn 0.0056 1.0000 -0.0033
vn 0.0354 0.9993 0.0127
vn 0.0214 0.9996 0.0194
vn 0.0121 0.9999 0.0031
vn -0.0124 0.9999 -0.0015
vn -0.0023 1.0000 0.0014
vn -0.0196 0.9997 0.0143
vn -0.0825 0.9953 0.0498
vn -0.0389 0.9978 0.0542
vn -0.0122 0.9963 0.0845
vn 0.0129 0.9997 -0.0217
vn 0.0034 1.0000 0.0025
vn 0.0073 1.0000 -0.0014
vn 0.0736 0.9972 -0.0106
vn 0.0321 0.9980 -0.0552
vn 0.0322 0.9995 -0.0065
vn 0.0304 0.9995 -0.0034
vn 0.0010 1.0000 0.0014
vn -0.0006 1.0000 0.0030
vn 0.0006 1.0000 0.0030
vn 0.0026 0.9994 0.0334
vn -0.0026 0.9994 0.0335
vn 0.0002 1.0000 0.0002
vn 0.0069 0.9998 0.0167
vn 0.0065 0.9996 0.0275
vn 0.0344 0.9994 -0.0049
vn 0.0342 0.9994 0.0049
vn 0.0302 0.9995 0.0034
vn 0.0237 0.9997 -0.0079
vn 0.0234 0.9997 0.0079
vn 0.0319 0.9995 0.0064
vn 0.0257 0.9985 -0.0489
vn 0.0219 0.9995 -0.0219
vn 0.0308 0.9993 -0.0198
vn 0.0474 0.9989 -0.0054
vn 0.0374 0.9992 -0.0127
vn 0.0645 0.9975 -0.0279
vn 0.0034 1.0000 -0.0025
vn 0.0073 1.0000 0.0014
vn 0.0049 1.0000 -0.0049
vn 0.0246 0.9994 -0.0246
vn 0.0145 0.9990 -0.0428
vn 0.0322 0.9967 -0.0745
vn 0.0377 0.9979 -0.0525
vn 0.0028 1.0000 -0.0038
vn 0.0005 1.0000 -0.0005
vn -0.0320 0.9967 0.0741
vn -0.0152 0.9989 0.0448
vn -0.0064 0.9984 0.0563
vn -0.0266 0.9993 0.0266
vn -0.0140 0.9996 0.0236
vn -0.0775 0.9964 0.0335
vn -0.0551 0.9977 0.0396
vn -0.0624 0.9961 0.0624
vn -0.0146 0.9999 0.0076
vn -0.0060 1.0000 0.0047
vn -0.0127 0.9998 0.0133
vn 0.0054 1.0000 -0.0014
vn 0.0025 1.0000 -0.0015
vn -0.0079 1.0000 0.0003
vn 0.0212 0.9997 0.0123
vn 0.0119 0.9999 0.0091
vn 0.0025 1.0000 -0.0005
vn 0.0157 0.9996 0.0241
vn 0.0116 0.9997 0.0230
vn 0.0147 0.9997 0.0176
vn 0.0255 0.9995 0.0188
vn 0.0201 0.9995 0.0232
vn 0.0281 0.9994 0.0179
vn 0.0186 0.9998 0.0118
vn 0.0037 1.0000 -0.0062
vn -0.0103 0.9997 -0.0224
vn 0.0017 1.0000 0.0017
vn 0.0087 0.9999 0.0053
vn 0.0206 0.9998 0.0063
vn 0.0047 1.0000 0.0047
vn 0.0054 1.0000 0.0054
vn 0.0460 0.9988 0.0156
vn 0.0238 0.9996 0.0141
vn 0.0006 1.0000 0.0006
vn -0.0167 0.9986 -0.0492
vn -0.0376 0.9955 -0.0870
vn -0.0147 0.9947 -0.1017
vn -0.0055 1.0000 -0.0055
vn -0.0281 0.9992 -0.0281
vn -0.0437 0.9972 -0.0608
vn -0.0006 1.0000 -0.0006
vn -0.0246 0.9994 -0.0246
vn -0.0048 1.0000 0.0048
vn -0.0005 1.0000 0.0005
vn 0.0237 0.9994 0.0237
vn 0.0290 0.9973 0.0671
vn 0.0136 0.9991 0.0402
vn 0.0125 0.9997 0.0210
vn 0.0572 0.9967 0.0572
vn 0.0436 0.9964 0.0723
vn 0.0561 0.9968 0.0561
vn -0.0303 0.9995 -0.0034
vn -0.0302 0.9995 0.0034
vn -0.0341 0.9994 0.0049
vn -0.0046 1.0000 -0.0005
vn -0.0046 1.0000 0.0005
vn -0.0200 0.9998 0.0018
vn -0.0008 1.0000 -0.0008
vn -0.0029 1.0000 -0.0012
vn -0.0171 0.9998 -0.0047
vn 0.0047 0.9998 0.0168
vn 0.0012 1.0000 0.0029
vn 0.0008 1.0000 0.0008
vn 0.0014 1.0000 -0.0010
vn 0.0200 0.9996 -0.0200
vn 0.0181 0.9984 -0.0540
vn -0.0184 0.9983 -0.0547
vn 0.0721 0.9973 -0.0145
vn 0.0679 0.9969 -0.0409
vn 0.0485 0.9976 -0.0485
vn 0.0649 0.9971 0.0390
vn 0.0709 0.9974 0.0143
vn 0.0511 0.9985 0.0172
vn -0.0030 1.0000 -0.0006
vn -0.0014 1.0000 -0.0010
vn -0.0641 0.9979 -0.0059
vn -0.0582 0.9982 -0.0160
vn -0.0285 0.9996 -0.0067
vn -0.0571 0.9982 0.0157
vn -0.0637 0.9980 0.0058
vn -0.0345 0.9994 0.0027
vn -0.0739 0.9972 -0.0107
vn -0.0648 0.9975 -0.0280
vn -0.0375 0.9992 -0.0127
vn -0.0626 0.9978 -0.0211
vn -0.0560 0.9969 -0.0560
vn -0.0710 0.9966 -0.0428
vn -0.0515 0.9973 0.0515
vn -0.0606 0.9980 0.0204
vn -0.0771 0.9969 0.0156
vn -0.0049 1.0000 -0.0000
vn 0.0135 0.9997 -0.0217
vn -0.0052 1.0000 -0.0032
vn 0.0092 0.9995 -0.0310
vn 0.0197 0.9985 -0.0511
vn 0.0220 0.9990 -0.0384
vn -0.0067 0.9993 0.0377
vn -0.0013 1.0000 0.0035
vn -0.0090 0.9998 0.0160
vn -0.0239 0.9996 0.0166
vn -0.0272 0.9996 0.0107
vn -0.0167 0.9998 0.0079
vn -0.0086 0.9999 0.0081
vn -0.0001 1.0000 0.0001
vn -0.0057 1.0000 -0.0003
vn -0.0039 1.0000 -0.0015
vn 0.0067 0.9999 -0.0082
vn 0.0096 0.9999 -0.0065
vn -0.0190 0.9998 -0.0047
vn -0.0150 0.9999 0.0003
vn -0.0016 1.0000 -0.0069
vn -0.0273 0.9996 0.0005
vn -0.0006 0.9993 -0.0381
vn -0.0044 0.9984 -0.0567
vn 0.0091 0.9983 -0.0576
vn -0.0029 0.9998 -0.0188
vn -0.0165 0.9992 -0.0370
vn -0.0143 0.9987 -0.0491
vn 0.0126 0.9994 0.0309
vn 0.0106 0.9999 0.0126
vn 0.0047 1.0000 0.0018
vn -0.0125 0.9998 -0.0146
vn -0.0109 0.9999 0.0096
vn 0.0121 0.9999 0.0101
vn -0.0372 0.9992 -0.0147
vn -0.0340 0.9994 0.0005
vn -0.0267 0.9996 0.0055
vn -0.0281 0.9988 -0.0402
vn -0.0354 0.9989 -0.0307
vn -0.0289 0.9989 -0.0363
vn 0.0444 0.9989 -0.0153
vn 0.0424 0.9991 -0.0030
vn 0.0316 0.9995 -0.0058
vn 0.0355 0.9992 -0.0156
vn 0.0316 0.9995 0.0065
vn 0.0423 0.9991 0.0015
vn 0.0287 0.9982 -0.0534
vn 0.0345 0.9986 -0.0393
vn 0.0439 0.9985 -0.0338
vn 0.0021 0.9998 0.0210
vn -0.0012 0.9998 0.0219
vn 0.0042 1.0000 0.0065
vn 0.0043 0.9999 0.0149
vn -0.0022 1.0000 0.0022
vn -0.0038 0.9998 0.0172
vn -0.0046 0.9999 0.0090
vn 0.0147 0.9996 -0.0247
vn 0.0434 0.9972 -0.0605
vn 0.0072 0.9980 -0.0634
vn 0.0147 0.9947 -0.1015
vn 0.0374 0.9955 -0.0866
vn 0.0017 1.0000 -0.0093
vn 0.0032 1.0000 -0.0043
vn 0.0995 0.9948 -0.0201
vn 0.0957 0.9952 0.0193
vn 0.0905 0.9958 0.0131
vn 0.0320 0.9990 -0.0320
vn 0.0301 0.9991 0.0301
vn 0.0752 0.9968 0.0253
vn 0.0219 0.9938 -0.1087
vn 0.0282 0.9961 -0.0840
vn 0.0721 0.9948 -0.0721
vn 0.0598 0.9982 -0.0068
vn 0.0590 0.9982 0.0067
vn 0.0092 1.0000 0.0017
vn 0.0245 0.9996 -0.0145
vn 0.0475 0.9987 -0.0161
vn 0.0043 1.0000 -0.0032
vn 0.0250 0.9994 -0.0250
vn 0.0217 0.9977 -0.0645
vn -0.0217 0.9977 -0.0646
vn 0.0786 0.9968 -0.0159
vn 0.0707 0.9966 -0.0426
vn 0.0558 0.9969 -0.0558
vn 0.0662 0.9970 0.0399
vn 0.0767 0.9969 0.0155
vn 0.0604 0.9980 0.0203
vn 0.0055 0.9988 -0.0491
vn 0.0014 1.0000 -0.0073
vn -0.0014 1.0000 -0.0073
vn 0.0115 0.9997 -0.0194
vn 0.0025 1.0000 -0.0034
vn 0.0547 0.9970 -0.0547
vn 0.0337 0.9983 -0.0469
vn 0.0288 0.9974 -0.0665
vn -0.0043 1.0000 -0.0043
vn -0.0130 0.9992 -0.0382
vn -0.0025 1.0000 -0.0034
vn -0.0437 0.9964 -0.0725
vn -0.0288 0.9974 -0.0667
vn -0.0338 0.9983 -0.0470
vn -0.0852 0.9963 -0.0122
vn -0.0801 0.9962 -0.0345
vn -0.0756 0.9968 -0.0253
vn -0.0543 0.9984 -0.0182
vn -0.0504 0.9975 -0.0504
vn -0.0716 0.9965 -0.0431
vn -0.0476 0.9977 0.0476
vn -0.0532 0.9984 0.0178
vn -0.0749 0.9971 0.0151
vn -0.0376 0.9981 -0.0482
vn -0.0190 0.9994 -0.0297
vn -0.0096 0.9999 -0.0113
vn -0.0251 0.9967 -0.0769
vn -0.0117 0.9980 -0.0620
vn -0.0213 0.9987 -0.0466
vn -0.0433 0.9965 -0.0720
vn -0.0348 0.9961 -0.0808
vn -0.0499 0.9963 -0.0698
vn -0.0112 0.9999 -0.0096
vn -0.0012 1.0000 -0.0012
vn -0.0464 0.9987 -0.0212
vn -0.0296 0.9994 -0.0190
vn -0.0056 1.0000 -0.0048
vn -0.0047 1.0000 0.0055
vn -0.0010 1.0000 0.0014
vn -0.0065 0.9996 0.0277
vn -0.0069 0.9998 0.0168
vn -0.0516 0.9973 0.0516
vn -0.0657 0.9967 0.0470
vn -0.0617 0.9975 0.0344
vn -0.0318 0.9968 0.0740
vn -0.0400 0.9970 0.0665
vn -0.0581 0.9966 0.0581
vn -0.0151 0.9984 0.0550
vn -0.0235 0.9973 0.0702
vn -0.0335 0.9976 0.0601
vn -0.0290 0.9994 0.0185
vn -0.0453 0.9988 0.0207
vn -0.0169 0.9998 0.0070
vn -0.0012 1.0000 0.0012
vn -0.0111 0.9999 0.0095
vn 0.0765 0.9970 -0.0085
vn 0.0715 0.9972 -0.0240
vn 0.0755 0.9966 -0.0325
vn 0.0337 0.9994 -0.0026
vn 0.0279 0.9996 -0.0065
vn 0.0557 0.9983 -0.0153
vn 0.0276 0.9996 0.0065
vn 0.0336 0.9994 0.0026
vn 0.0608 0.9981 0.0056
vn 0.0258 0.9979 -0.0600
vn 0.0054 0.9989 -0.0473
vn 0.0250 0.9975 -0.0659
vn -0.0119 0.9997 -0.0225
vn -0.0190 0.9995 -0.0265
vn -0.0124 0.9994 -0.0335
vn 0.0161 0.9998 -0.0078
vn 0.0004 0.9999 -0.0161
vn 0.0247 0.9990 -0.0360
vn 0.0202 0.9952 -0.0961
vn 0.0253 0.9961 -0.0844
vn 0.0081 0.9971 -0.0760
vn 0.0450 0.9948 -0.0914
vn 0.0356 0.9962 -0.0793
vn 0.0353 0.9957 -0.0855
vn 0.0607 0.9962 -0.0623
vn 0.0533 0.9950 -0.0848
vn 0.0392 0.9951 -0.0903
vn -0.0054 1.0000 -0.0054
vn -0.0141 0.9998 -0.0110
vn -0.0193 0.9996 -0.0193
vn -0.0044 1.0000 -0.0033
vn -0.0051 0.9999 0.0112
vn -0.0008 1.0000 0.0008
vn -0.0012 1.0000 0.0029
vn -0.0139 0.9998 0.0108
vn -0.0108 0.9998 0.0139
vn -0.0029 1.0000 0.0012
vn -0.0112 0.9999 0.0052
vn 0.0201 0.9998 -0.0018
vn 0.0200 0.9998 0.0018
vn 0.0046 1.0000 0.0005
vn 0.0046 0.9994 -0.0339
vn 0.0160 0.9999 -0.0062
vn 0.0027 1.0000 -0.0014
vn 0.0044 1.0000 0.0033
vn 0.0170 0.9998 0.0047
vn 0.0112 0.9999 0.0052
vn -0.0111 0.9970 0.0771
vn -0.0057 0.9987 0.0508
vn 0.0057 0.9987 0.0508
vn -0.0351 0.9982 0.0489
vn -0.0125 0.9997 0.0211
vn -0.0137 0.9991 0.0403
vn -0.0742 0.9962 0.0448
vn -0.0564 0.9968 0.0564
vn -0.0438 0.9964 0.0726
vn 0.0028 1.0000 0.0038
vn -0.0531 0.9986 -0.0060
vn -0.0527 0.9986 0.0060
vn -0.0812 0.9966 0.0117
vn -0.0082 1.0000 0.0015
vn -0.0038 1.0000 -0.0028
vn 0.0038 1.0000 0.0028
vn 0.0082 1.0000 -0.0015
vn 0.0082 1.0000 0.0015
vn 0.0038 1.0000 -0.0028
vn -0.0092 1.0000 -0.0017
vn -0.0092 1.0000 0.0017
vn -0.0595 0.9982 0.0067
vn -0.0800 0.9964 -0.0269
vn -0.0759 0.9968 0.0255
vn -0.0302 0.9991 0.0302
vn -0.0940 0.9955 -0.0136
vn -0.0915 0.9957 0.0132
vn -0.0968 0.9951 0.0195
vn -0.0599 0.9973 -0.0430
vn -0.0831 0.9959 -0.0359
vn -0.0917 0.9943 -0.0553
vn 0.0043 1.0000 0.0043
vn 0.0189 0.9998 0.0112
vn 0.0441 0.9985 0.0317
vn 0.0004 1.0000 0.0004
vn 0.0100 0.9976 0.0691
vn 0.0148 0.9972 0.0733
vn -0.0148 0.9972 0.0734
vn 0.0314 0.9986 0.0437
vn 0.0504 0.9975 0.0504
vn 0.0392 0.9971 0.0650
vn 0.0112 0.9998 0.0188
vn 0.0122 0.9993 0.0360
vn -0.0213 0.9995 0.0213
vn -0.0443 0.9985 0.0318
vn -0.0190 0.9998 0.0113
vn -0.0261 0.9978 0.0603
vn -0.0393 0.9971 0.0651
vn -0.0505 0.9974 0.0505
vn -0.0025 1.0000 0.0034
vn -0.0122 0.9993 0.0361
vn -0.0112 0.9998 0.0188
vn 0.0387 0.9978 0.0540
vn 0.0140 0.9996 0.0236
vn 0.0122 0.9964 0.0844
vn 0.0064 0.9984 0.0563
vn 0.0152 0.9989 0.0447
vn 0.0242 0.9971 0.0719
vn 0.0180 0.9958 0.0893
vn 0.0478 0.9957 0.0793
vn 0.0017 1.0000 0.0091
vn 0.0005 1.0000 -0.0004
vn -0.0269 0.9996 -0.0121
vn -0.0279 0.9996 -0.0050
vn -0.0343 0.9994 -0.0032
vn 0.0126 0.9999 -0.0027
vn 0.0085 1.0000 -0.0026
vn -0.0133 0.9999 -0.0049
vn 0.0163 0.9999 0.0026
vn 0.0169 0.9999 -0.0010
vn -0.0028 1.0000 -0.0078
vn -0.0032 0.9997 0.0259
vn -0.0021 0.9997 0.0258
vn 0.0052 0.9997 0.0256
vn -0.0178 0.9997 0.0194
vn -0.0130 0.9997 0.0198
vn -0.0088 0.9997 0.0238
vn -0.0284 0.9995 0.0107
vn -0.0227 0.9996 0.0164
vn -0.0157 0.9997 0.0213
vn -0.0067 0.9999 0.0136
vn -0.0015 1.0000 0.0015
vn -0.0018 1.0000 0.0047
vn 0.0067 0.9998 0.0172
vn 0.0020 1.0000 0.0034
vn 0.0008 1.0000 0.0006
vn -0.0037 1.0000 -0.0034
vn -0.0025 1.0000 -0.0025
vn 0.0077 1.0000 -0.0045
vn 0.0017 1.0000 -0.0044
vn -0.0090 1.0000 -0.0041
vn -0.0062 0.9985 -0.0550
vn -0.0126 0.9961 -0.0870
vn 0.0126 0.9961 -0.0869
vn -0.0129 0.9997 -0.0217
vn -0.0378 0.9979 -0.0527
vn -0.0323 0.9967 -0.0747
vn -0.0028 1.0000 -0.0038
vn -0.0270 0.9993 0.0270
vn 0.0269 0.9993 0.0269
vn -0.0884 0.9959 -0.0178
vn -0.0861 0.9961 0.0174
vn -0.0677 0.9974 0.0228
vn -0.0615 0.9962 -0.0615
vn -0.0795 0.9957 -0.0479
vn -0.0627 0.9961 -0.0627
vn 0.0821 0.9966 -0.0119
vn 0.0807 0.9967 0.0117
vn 0.0525 0.9986 0.0059
vn 0.0697 0.9973 -0.0234
vn 0.0673 0.9975 0.0227
vn 0.0855 0.9962 0.0173
vn 0.0488 0.9955 -0.0810
vn 0.0624 0.9961 -0.0624
vn 0.0790 0.9957 -0.0476
vn -0.0091 0.9999 -0.0091
vn -0.0090 0.9999 0.0090
vn 0.0090 0.9999 0.0090
vn -0.0321 0.9995 -0.0065
vn -0.0319 0.9995 0.0064
vn -0.0234 0.9997 0.0079
vn -0.0250 0.9994 -0.0250
vn -0.0296 0.9994 -0.0178
vn -0.0215 0.9995 -0.0215
vn -0.0048 0.9994 0.0335
vn -0.0033 0.9996 0.0297
vn 0.0033 0.9996 0.0297
vn -0.0183 0.9995 0.0256
vn -0.0119 0.9997 0.0214
vn -0.0090 0.9996 0.0268
vn -0.0289 0.9994 0.0174
vn -0.0242 0.9994 0.0242
vn -0.0173 0.9994 0.0287
vn 0.0188 0.9996 0.0188
vn 0.0108 0.9998 0.0139
vn 0.0132 0.9994 0.0307
vn 0.0090 0.9996 0.0268
vn 0.0119 0.9997 0.0214
vn 0.0209 0.9996 0.0209
vn 0.0173 0.9994 0.0287
vn 0.0242 0.9994 0.0242
vn 0.0047 1.0000 0.0055
vn 0.0446 0.9984 0.0348
vn 0.0589 0.9977 0.0329
vn 0.0626 0.9970 0.0448
vn 0.0055 1.0000 0.0047
vn 0.0167 0.9998 0.0069
vn 0.0438 0.9988 0.0200
vn 0.0110 0.9999 0.0094
vn 0.0112 0.9969 0.0780
vn 0.0141 0.9974 0.0701
vn -0.0143 0.9974 0.0709
vn 0.0447 0.9971 0.0624
vn 0.0556 0.9969 0.0556
vn 0.0388 0.9972 0.0645
vn 0.0199 0.9989 0.0435
vn 0.0327 0.9977 0.0586
vn 0.0231 0.9974 0.0690
vn -0.0073 1.0000 -0.0014
vn -0.0034 1.0000 -0.0025
vn -0.0034 1.0000 0.0025
vn -0.0073 1.0000 0.0014
vn 0.0055 0.9982 0.0601
vn 0.0084 0.9972 0.0747
vn -0.0084 0.9971 0.0752
vn 0.0094 0.9999 0.0110
vn 0.0273 0.9993 0.0273
vn 0.0347 0.9984 0.0445
vn 0.0311 0.9994 0.0134
vn 0.0258 0.9995 0.0184
vn 0.0215 0.9997 0.0120
vn -0.0078 0.9997 0.0232
vn -0.0063 0.9995 0.0313
vn 0.0063 0.9995 0.0313
vn -0.0059 0.9994 -0.0334
vn -0.0080 0.9997 -0.0239
vn 0.0080 0.9997 -0.0239
vn 0.0193 0.9997 -0.0114
vn 0.0220 0.9995 -0.0220
vn 0.0519 0.9980 -0.0373
vn 0.0721 0.9969 -0.0312
vn 0.0418 0.9990 -0.0142
vn -0.0188 0.9955 -0.0929
vn -0.0244 0.9971 -0.0724
vn 0.0243 0.9971 -0.0723
vn -0.0015 1.0000 -0.0082
vn 0.0015 1.0000 -0.0082
vn -0.0032 1.0000 0.0043
vn -0.0043 1.0000 0.0032
vn -0.0238 0.9996 0.0142
vn 0.0033 1.0000 0.0015
vn -0.0001 1.0000 -0.0001
vn -0.0014 0.9998 0.0216
vn -0.0005 1.0000 0.0070
vn 0.0011 1.0000 0.0064
vn -0.0077 0.9997 0.0213
vn -0.0050 0.9997 0.0249
vn 0.0079 0.9996 0.0257
vn -0.0111 0.9998 -0.0162
vn -0.0216 0.9996 -0.0170
vn -0.0325 0.9992 -0.0245
vn 0.0007 1.0000 0.0004
vn 0.0817 0.9954 0.0493
vn 0.0619 0.9962 0.0619
vn 0.0548 0.9977 0.0393
vn 0.0014 1.0000 0.0073
vn 0.0052 0.9989 0.0456
vn -0.0052 0.9989 0.0456
vn -0.0572 0.9938 -0.0949
vn -0.0727 0.9947 -0.0727
vn -0.0283 0.9960 -0.0842
vn -0.0043 1.0000 -0.0032
vn -0.0478 0.9987 -0.0162
vn -0.0216 0.9997 -0.0128
vn -0.0420 0.9990 -0.0142
vn -0.0725 0.9969 -0.0314
vn -0.0015 1.0000 0.0081
vn -0.0220 0.9976 0.0654
vn -0.0165 0.9965 0.0817
vn 0.0165 0.9965 0.0816
vn -0.0048 1.0000 -0.0056
vn -0.0271 0.9996 0.0091
vn -0.0215 0.9997 0.0120
vn -0.0257 0.9995 0.0184
vn -0.0018 0.9998 0.0198
vn -0.0005 1.0000 0.0046
vn 0.0005 1.0000 0.0046
vn -0.0033 1.0000 -0.0044
vn 0.0153 0.9970 -0.0763
vn 0.0156 0.9958 -0.0901
vn -0.0119 0.9961 -0.0870
vn 0.0609 0.9974 -0.0389
vn 0.0453 0.9973 -0.0569
vn 0.0552 0.9958 -0.0734
vn 0.0696 0.9973 0.0233
vn 0.0757 0.9971 0.0085
vn 0.0790 0.9968 0.0114
vn -0.0184 0.9994 0.0287
vn -0.0356 0.9983 0.0457
vn -0.0279 0.9992 0.0279
vn -0.0002 1.0000 -0.0002
vn -0.0695 0.9963 -0.0497
vn -0.0548 0.9970 -0.0548
vn -0.0481 0.9981 -0.0375
vn -0.0771 0.9965 0.0332
vn -0.0840 0.9964 0.0121
vn -0.0803 0.9967 0.0090
vn -0.0466 0.9984 -0.0334
vn -0.0220 0.9995 -0.0220
vn 0.0167 0.9964 -0.0828
vn 0.0112 0.9969 -0.0775
vn -0.0112 0.9969 -0.0776
vn 0.0197 0.9981 0.0586
vn 0.0241 0.9994 0.0241
vn -0.0241 0.9994 0.0241
vn 0.0707 0.9950 -0.0707
vn 0.0907 0.9944 -0.0547
vn 0.0823 0.9960 -0.0356
vn 0.0295 0.9991 -0.0302
vn 0.0403 0.9988 -0.0265
vn 0.0245 0.9995 -0.0174
vn -0.0083 0.9983 -0.0570
vn -0.0113 0.9991 -0.0407
vn 0.0136 0.9990 -0.0421
vn 0.0039 0.9994 0.0354
vn 0.0025 1.0000 -0.0040
vn 0.0016 1.0000 -0.0035
vn -0.0021 1.0000 0.0016
vn -0.0048 1.0000 0.0012
vn -0.0133 0.9997 0.0228
vn -0.0180 0.9995 0.0273
vn -0.0211 0.9995 0.0236
vn -0.0621 0.9977 0.0268
vn -0.0727 0.9973 0.0105
vn -0.0471 0.9989 0.0053
vn -0.0014 1.0000 0.0010
vn -0.0030 1.0000 0.0006
vn 0.0170 0.9986 0.0508
vn 0.0196 0.9996 0.0196
vn -0.0199 0.9996 0.0199
vn 0.0030 1.0000 0.0006
vn 0.0033 1.0000 0.0044
vn -0.0219 0.9997 -0.0122
vn -0.0275 0.9996 -0.0092
vn -0.0316 0.9994 -0.0136
vn 0.0689 0.9972 0.0298
vn 0.0492 0.9982 0.0353
vn 0.0212 0.9997 0.0126
vn -0.0411 0.9991 0.0139
vn -0.0212 0.9997 0.0126
vn -0.0494 0.9981 0.0355
vn -0.0032 1.0000 -0.0043
vn -0.0017 1.0000 -0.0093
vn 0.0044 1.0000 0.0044
vn 0.0170 0.9997 0.0177
vn 0.0171 0.9996 0.0224
vn 0.0366 0.9993 0.0061
vn 0.0292 0.9995 0.0111
vn 0.0210 0.9998 0.0035
vn -0.0256 0.9997 0.0014
vn -0.0212 0.9998 0.0060
vn -0.0251 0.9996 0.0112
vn -0.0635 0.9960 0.0635
vn -0.0481 0.9957 0.0798
vn -0.0181 0.9958 0.0894
vn 0.0367 0.9992 0.0125
vn 0.0470 0.9989 0.0053
vn 0.0724 0.9973 0.0105
vn 0.0292 0.9981 -0.0547
vn 0.0322 0.9993 -0.0172
vn 0.0268 0.9996 -0.0125
vt 0.984375 0.984375
vt 1.000000 0.984375
vt 1.000000 1.000000
vt 0.984375 1.000000
vt 0.484375 0.984375
vt 0.500000 0.984375
vt 0.500000 1.000000
vt 0.484375 1.000000
vt 0.484375 0.484375
vt 0.500000 0.484375
vt 0.500000 0.500000
vt 0.484375 0.500000
vt 0.984375 0.484375
vt 1.000000 0.484375
vt 1.000000 0.500000
vt 0.984375 0.500000
vt 0.734375 0.484375
vt 0.750000 0.484375
vt 0.750000 0.500000
vt 0.734375 0.500000
vt 0.734375 0.234375
vt 0.750000 0.234375
vt 0.750000 0.250000
vt 0.734375 0.250000
vt 0.984375 0.234375
vt 1.000000 0.234375
vt 1.000000 0.250000
vt 0.984375 0.250000
vt 0.234375 0.484375
vt 0.250000 0.484375
vt 0.250000 0.500000
vt 0.234375 0.500000
vt 0.234375 0.234375
vt 0.250000 0.234375
vt 0.250000 0.250000
vt 0.234375 0.250000
vt 0.484375 0.234375
vt 0.500000 0.234375
vt 0.500000 0.250000
vt 0.484375 0.250000
vt 0.234375 0.984375
vt 0.250000 0.984375
vt 0.250000 1.000000
vt 0.234375 1.000000
vt 0.234375 0.734375
vt 0.250000 0.734375
vt 0.250000 0.750000
vt 0.234375 0.750000
vt 0.484375 0.734375
vt 0.500000 0.734375
vt 0.500000 0.750000
vt 0.484375 0.750000
vt 0.734375 0.984375
vt 0.750000 0.984375
vt 0.750000 1.000000
vt 0.734375 1.000000
vt 0.734375 0.734375
vt 0.750000 0.734375
vt 0.750000 0.750000
vt 0.734375 0.750000
vt 0.984375 0.734375
vt 1.000000 0.734375
vt 1.000000 0.750000
vt 0.984375 0.750000
vt 0.859375 0.734375
vt 0.875000 0.734375
vt 0.875000 0.750000
vt 0.859375 0.750000
vt 0.859375 0.609375
vt 0.875000 0.609375
vt 0.875000 0.625000
vt 0.859375 0.625000
vt 0.984375 0.609375
vt 1.000000 0.609375
vt 1.000000 0.625000
vt 0.984375 0.625000
vt 0.609375 0.734375
vt 0.625000 0.734375
vt 0.625000 0.750000
vt 0.609375 0.750000
vt 0.609375 0.609375
vt 0.625000 0.609375
vt 0.625000 0.625000
vt 0.609375 0.625000
vt 0.734375 0.609375
vt 0.750000 0.609375
vt 0.750000 0.625000
vt 0.734375 0.625000
vt 0.609375 0.984375
vt 0.625000 0.984375
vt 0.625000 1.000000
vt 0.609375 1.000000
vt 0.609375 0.859375
vt 0.625000 0.859375
vt 0.625000 0.875000
vt 0.609375 0.875000
vt 0.734375 0.859375
vt 0.750000 0.859375
vt 0.750000 0.875000
vt 0.734375 0.875000
vt 0.359375 0.734375
vt 0.375000 0.734375
vt 0.375000 0.750000
vt 0.359375 0.750000
vt 0.359375 0.609375
vt 0.375000 0.609375
vt 0.375000 0.625000
vt 0.359375 0.625000
vt 0.484375 0.609375
vt 0.500000 0.609375
vt 0.500000 0.625000
vt 0.484375 0.625000
vt 0.109375 0.734375
vt 0.125000 0.734375
vt 0.125000 0.750000
vt 0.109375 0.750000
vt 0.109375 0.609375
vt 0.125000 0.609375
vt 0.125000 0.625000
vt 0.109375 0.625000
vt 0.234375 0.609375
vt 0.250000 0.609375
vt 0.250000 0.625000
vt 0.234375 0.625000
vt 0.109375 0.984375
vt 0.125000 0.984375
vt 0.125000 1.000000
vt 0.109375 1.000000
vt 0.109375 0.859375
vt 0.125000 0.859375
vt 0.125000 0.875000
vt 0.109375 0.875000
vt 0.234375 0.859375
vt 0.250000 0.859375
vt 0.250000 0.875000
vt 0.234375 0.875000
vt 0.359375 0.234375
vt 0.375000 0.234375
vt 0.375000 0.250000
vt 0.359375 0.250000
vt 0.359375 0.109375
vt 0.375000 0.109375
vt 0.375000 0.125000
vt 0.359375 0.125000
vt 0.484375 0.109375
vt 0.500000 0.109375
vt 0.500000 0.125000
vt 0.484375 0.125000
vt 0.109375 0.234375
vt 0.125000 0.234375
vt 0.125000 0.250000
vt 0.109375 0.250000
vt 0.109375 0.109375
vt 0.125000 0.109375
vt 0.125000 0.125000
vt 0.109375 0.125000
vt 0.234375 0.109375
vt 0.250000 0.109375
vt 0.250000 0.125000
vt 0.234375 0.125000
vt 0.109375 0.484375
vt 0.125000 0.484375
vt 0.125000 0.500000
vt 0.109375 0.500000
vt 0.109375 0.359375
vt 0.125000 0.359375
vt 0.125000 0.375000
vt 0.109375 0.375000
vt 0.234375 0.359375
vt 0.250000 0.359375
vt 0.250000 0.375000
vt 0.234375 0.375000
vt 0.859375 0.234375
vt 0.875000 0.234375
vt 0.875000 0.250000
vt 0.859375 0.250000
vt 0.859375 0.109375
vt 0.875000 0.109375
vt 0.875000 0.125000
vt 0.859375 0.125000
vt 0.984375 0.109375
vt 1.000000 0.109375
vt 1.000000 0.125000
vt 0.984375 0.125000
vt 0.609375 0.234375
vt 0.625000 0.234375
vt 0.625000 0.250000
vt 0.609375 0.250000
vt 0.609375 0.109375
vt 0.625000 0.109375
vt 0.625000 0.125000
vt 0.609375 0.125000
vt 0.734375 0.109375
vt 0.750000 0.109375
vt 0.750000 0.125000
vt 0.734375 0.125000
vt 0.609375 0.484375
vt 0.625000 0.484375
vt 0.625000 0.500000
vt 0.609375 0.500000
vt 0.609375 0.359375
vt 0.625000 0.359375
vt 0.625000 0.375000
vt 0.609375 0.375000
vt 0.734375 0.359375
vt 0.750000 0.359375
vt 0.750000 0.375000
vt 0.734375 0.375000
vt 0.859375 0.484375
vt 0.875000 0.484375
vt 0.875000 0.500000
vt 0.859375 0.500000
vt 0.859375 0.359375
vt 0.875000 0.359375
vt 0.875000 0.375000
vt 0.859375 0.375000
vt 0.984375 0.359375
vt 1.000000 0.359375
vt 1.000000 0.375000
vt 0.984375 0.375000
vt 0.359375 0.484375
vt 0.375000 0.484375
vt 0.375000 0.500000
vt 0.359375 0.500000
vt 0.359375 0.359375
vt 0.375000 0.359375
vt 0.375000 0.375000
vt 0.359375 0.375000
vt 0.484375 0.359375
vt 0.500000 0.359375
vt 0.500000 0.375000
vt 0.484375 0.375000
vt 0.359375 0.984375
vt 0.375000 0.984375
vt 0.375000 1.000000
vt 0.359375 1.000000
vt 0.359375 0.859375
vt 0.375000 0.859375
vt 0.375000 0.875000
vt 0.359375 0.875000
vt 0.484375 0.859375
vt 0.500000 0.859375
vt 0.500000 0.875000
vt 0.484375 0.875000
vt 0.859375 0.984375
vt 0.875000 0.984375
vt 0.875000 1.000000
vt 0.859375 1.000000
vt 0.859375 0.859375
vt 0.875000 0.859375
vt 0.875000 0.875000
vt 0.859375 0.875000
vt 0.984375 0.859375
vt 1.000000 0.859375
vt 1.000000 0.875000
vt 0.984375 0.875000
vt 0.921875 0.859375
vt 0.937500 0.859375
vt 0.937500 0.875000
vt 0.921875 0.875000
vt 0.921875 0.796875
vt 0.937500 0.796875
vt 0.937500 0.812500
vt 0.921875 0.812500
vt 0.984375 0.796875
vt 1.000000 0.796875
vt 1.000000 0.812500
vt 0.984375 0.812500
vt 0.796875 0.859375
vt 0.812500 0.859375
vt 0.812500 0.875000
vt 0.796875 0.875000
vt 0.796875 0.796875
vt 0.812500 0.796875
vt 0.812500 0.812500
vt 0.796875 0.812500
vt 0.859375 0.796875
vt 0.875000 0.796875
vt 0.875000 0.812500
vt 0.859375 0.812500
vt 0.796875 0.984375
vt 0.812500 0.984375
vt 0.812500 1.000000
vt 0.796875 1.000000
vt 0.796875 0.921875
vt 0.812500 0.921875
vt 0.812500 0.937500
vt 0.796875 0.937500
vt 0.859375 0.921875
vt 0.875000 0.921875
vt 0.875000 0.937500
vt 0.859375 0.937500
vt 0.421875 0.859375
vt 0.437500 0.859375
vt 0.437500 0.875000
vt 0.421875 0.875000
vt 0.421875 0.796875
vt 0.437500 0.796875
vt 0.437500 0.812500
vt 0.421875 0.812500
vt 0.484375 0.796875
vt 0.500000 0.796875
vt 0.500000 0.812500
vt 0.484375 0.812500
vt 0.296875 0.859375
vt 0.312500 0.859375
vt 0.312500 0.875000
vt 0.296875 0.875000
vt 0.296875 0.796875
vt 0.312500 0.796875
vt 0.312500 0.812500
vt 0.296875 0.812500
vt 0.359375 0.796875
vt 0.375000 0.796875
vt 0.375000 0.812500
vt 0.359375 0.812500
vt 0.296875 0.984375
vt 0.312500 0.984375
vt 0.312500 1.000000
vt 0.296875 1.000000
vt 0.296875 0.921875
vt 0.312500 0.921875
vt 0.312500 0.937500
vt 0.296875 0.937500
vt 0.359375 0.921875
vt 0.375000 0.921875
vt 0.375000 0.937500
vt 0.359375 0.937500
vt 0.421875 0.359375
vt 0.437500 0.359375
vt 0.437500 0.375000
vt 0.421875 0.375000
vt 0.421875 0.296875
vt 0.437500 0.296875
vt 0.437500 0.312500
vt 0.421875 0.312500
vt 0.484375 0.296875
vt 0.500000 0.296875
vt 0.500000 0.312500
vt 0.484375 0.312500
vt 0.296875 0.359375
vt 0.312500 0.359375
vt 0.312500 0.375000
vt 0.296875 0.375000
vt 0.296875 0.296875
vt 0.312500 0.296875
vt 0.312500 0.312500
vt 0.296875 0.312500
vt 0.359375 0.296875
vt 0.375000 0.296875
vt 0.375000 0.312500
vt 0.359375 0.312500
vt 0.296875 0.484375
vt 0.312500 0.484375
vt 0.312500 0.500000
vt 0.296875 0.500000
vt 0.296875 0.421875
vt 0.312500 0.421875
vt 0.312500 0.437500
vt 0.296875 0.437500
vt 0.359375 0.421875
vt 0.375000 0.421875
vt 0.375000 0.437500
vt 0.359375 0.437500
vt 0.921875 0.359375
vt 0.937500 0.359375
vt 0.937500 0.375000
vt 0.921875 0.375000
vt 0.921875 0.296875
vt 0.937500 0.296875
vt 0.937500 0.312500
vt 0.921875 0.312500
vt 0.984375 0.296875
vt 1.000000 0.296875
vt 1.000000 0.312500
vt 0.984375 0.312500
vt 0.796875 0.359375
vt 0.812500 0.359375
vt 0.812500 0.375000
vt 0.796875 0.375000
vt 0.796875 0.296875
vt 0.812500 0.296875
vt 0.812500 0.312500
vt 0.796875 0.312500
vt 0.859375 0.296875
vt 0.875000 0.296875
vt 0.875000 0.312500
vt 0.859375 0.312500
vt 0.796875 0.484375
vt 0.812500 0.484375
vt 0.812500 0.500000
vt 0.796875 0.500000
vt 0.796875 0.421875
vt 0.812500 0.421875
vt 0.812500 0.437500
vt 0.796875 0.437500
vt 0.859375 0.421875
vt 0.875000 0.421875
vt 0.875000 0.437500
vt 0.859375 0.437500
vt 0.671875 0.359375
vt 0.687500 0.359375
vt 0.687500 0.375000
vt 0.671875 0.375000
vt 0.671875 0.296875
vt 0.687500 0.296875
vt 0.687500 0.312500
vt 0.671875 0.312500
vt 0.734375 0.296875
vt 0.750000 0.296875
vt 0.750000 0.312500
vt 0.734375 0.312500
vt 0.546875 0.359375
vt 0.562500 0.359375
vt 0.562500 0.375000
vt 0.546875 0.375000
vt 0.546875 0.296875
vt 0.562500 0.296875
vt 0.562500 0.312500
vt 0.546875 0.312500
vt 0.609375 0.296875
vt 0.625000 0.296875
vt 0.625000 0.312500
vt 0.609375 0.312500
vt 0.546875 0.484375
vt 0.562500 0.484375
vt 0.562500 0.500000
vt 0.546875 0.500000
vt 0.546875 0.421875
vt 0.562500 0.421875
vt 0.562500 0.437500
vt 0.546875 0.437500
vt 0.609375 0.421875
vt 0.625000 0.421875
vt 0.625000 0.437500
vt 0.609375 0.437500
vt 0.671875 0.109375
vt 0.687500 0.109375
vt 0.687500 0.125000
vt 0.671875 0.125000
vt 0.671875 0.046875
vt 0.687500 0.046875
vt 0.687500 0.062500
vt 0.671875 0.062500
vt 0.734375 0.046875
vt 0.750000 0.046875
vt 0.750000 0.062500
vt 0.734375 0.062500
vt 0.546875 0.109375
vt 0.562500 0.109375
vt 0.562500 0.125000
vt 0.546875 0.125000
vt 0.546875 0.046875
vt 0.562500 0.046875
vt 0.562500 0.062500
vt 0.546875 0.062500
vt 0.609375 0.046875
vt 0.625000 0.046875
vt 0.625000 0.062500
vt 0.609375 0.062500
vt 0.546875 0.234375
vt 0.562500 0.234375
vt 0.562500 0.250000
vt 0.546875 0.250000
vt 0.546875 0.171875
vt 0.562500 0.171875
vt 0.562500 0.187500
vt 0.546875 0.187500
vt 0.609375 0.171875
vt 0.625000 0.171875
vt 0.625000 0.187500
vt 0.609375 0.187500
vt 0.921875 0.109375
vt 0.937500 0.109375
vt 0.937500 0.125000
vt 0.921875 0.125000
vt 0.921875 0.046875
vt 0.937500 0.046875
vt 0.937500 0.062500
vt 0.921875 0.062500
vt 0.984375 0.046875
vt 1.000000 0.046875
vt 1.000000 0.062500
vt 0.984375 0.062500
vt 0.796875 0.109375
vt 0.812500 0.109375
vt 0.812500 0.125000
vt 0.796875 0.125000
vt 0.796875 0.046875
vt 0.812500 0.046875
vt 0.812500 0.062500
vt 0.796875 0.062500
vt 0.859375 0.046875
vt 0.875000 0.046875
vt 0.875000 0.062500
vt 0.859375 0.062500
vt 0.796875 0.234375
vt 0.812500 0.234375
vt 0.812500 0.250000
vt 0.796875 0.250000
vt 0.796875 0.171875
vt 0.812500 0.171875
vt 0.812500 0.187500
vt 0.796875 0.187500
vt 0.859375 0.171875
vt 0.875000 0.171875
vt 0.875000 0.187500
vt 0.859375 0.187500
vt 0.171875 0.359375
vt 0.187500 0.359375
vt 0.187500 0.375000
vt 0.171875 0.375000
vt 0.171875 0.296875
vt 0.187500 0.296875
vt 0.187500 0.312500
vt 0.171875 0.312500
vt 0.234375 0.296875
vt 0.250000 0.296875
vt 0.250000 0.312500
vt 0.234375 0.312500
vt 0.046875 0.359375
vt 0.062500 0.359375
vt 0.062500 0.375000
vt 0.046875 0.375000
vt 0.046875 0.296875
vt 0.062500 0.296875
vt 0.062500 0.312500
vt 0.046875 0.312500
vt 0.109375 0.296875
vt 0.125000 0.296875
vt 0.125000 0.312500
vt 0.109375 0.312500
vt 0.046875 0.484375
vt 0.062500 0.484375
vt 0.062500 0.500000
vt 0.046875 0.500000
vt 0.046875 0.421875
vt 0.062500 0.421875
vt 0.062500 0.437500
vt 0.046875 0.437500
vt 0.109375 0.421875
vt 0.125000 0.421875
vt 0.125000 0.437500
vt 0.109375 0.437500
vt 0.171875 0.109375
vt 0.187500 0.109375
vt 0.187500 0.125000
vt 0.171875 0.125000
vt 0.171875 0.046875
vt 0.187500 0.046875
vt 0.187500 0.062500
vt 0.171875 0.062500
vt 0.234375 0.046875
vt 0.250000 0.046875
vt 0.250000 0.062500
vt 0.234375 0.062500
vt 0.046875 0.109375
vt 0.062500 0.109375
vt 0.062500 0.125000
vt 0.046875 0.125000
vt 0.046875 0.046875
vt 0.062500 0.046875
vt 0.062500 0.062500
vt 0.046875 0.062500
vt 0.109375 0.046875
vt 0.125000 0.046875
vt 0.125000 0.062500
vt 0.109375 0.062500
vt 0.046875 0.234375
vt 0.062500 0.234375
vt 0.062500 0.250000
vt 0.046875 0.250000
vt 0.046875 0.171875
vt 0.062500 0.171875
vt 0.062500 0.187500
vt 0.046875 0.187500
vt 0.109375 0.171875
vt 0.125000 0.171875
vt 0.125000 0.187500
vt 0.109375 0.187500
vt 0.421875 0.109375
vt 0.437500 0.109375
vt 0.437500 0.125000
vt 0.421875 0.125000
vt 0.421875 0.046875
vt 0.437500 0.046875
vt 0.437500 0.062500
vt 0.421875 0.062500
vt 0.484375 0.046875
vt 0.500000 0.046875
vt 0.500000 0.062500
vt 0.484375 0.062500
vt 0.296875 0.109375
vt 0.312500 0.109375
vt 0.312500 0.125000
vt 0.296875 0.125000
vt 0.296875 0.046875
vt 0.312500 0.046875
vt 0.312500 0.062500
vt 0.296875 0.062500
vt 0.359375 0.046875
vt 0.375000 0.046875
vt 0.375000 0.062500
vt 0.359375 0.062500
vt 0.296875 0.234375
vt 0.312500 0.234375
vt 0.312500 0.250000
vt 0.296875 0.250000
vt 0.296875 0.171875
vt 0.312500 0.171875
vt 0.312500 0.187500
vt 0.296875 0.187500
vt 0.359375 0.171875
vt 0.375000 0.171875
vt 0.375000 0.187500
vt 0.359375 0.187500
vt 0.171875 0.859375
vt 0.187500 0.859375
vt 0.187500 0.875000
vt 0.171875 0.875000
vt 0.171875 0.796875
vt 0.187500 0.796875
vt 0.187500 0.812500
vt 0.171875 0.812500
vt 0.234375 0.796875
vt 0.250000 0.796875
vt 0.250000 0.812500
vt 0.234375 0.812500
vt 0.046875 0.859375
vt 0.062500 0.859375
vt 0.062500 0.875000
vt 0.046875 0.875000
vt 0.046875 0.796875
vt 0.062500 0.796875
vt 0.062500 0.812500
vt 0.046875 0.812500
vt 0.109375 0.796875
vt 0.125000 0.796875
vt 0.125000 0.812500
vt 0.109375 0.812500
vt 0.046875 0.984375
vt 0.062500 0.984375
vt 0.062500 1.000000
vt 0.046875 1.000000
vt 0.046875 0.921875
vt 0.062500 0.921875
vt 0.062500 0.937500
vt 0.046875 0.937500
vt 0.109375 0.921875
vt 0.125000 0.921875
vt 0.125000 0.937500
vt 0.109375 0.937500
vt 0.171875 0.609375
vt 0.187500 0.609375
vt 0.187500 0.625000
vt 0.171875 0.625000
vt 0.171875 0.546875
vt 0.187500 0.546875
vt 0.187500 0.562500
vt 0.171875 0.562500
vt 0.234375 0.546875
vt 0.250000 0.546875
vt 0.250000 0.562500
vt 0.234375 0.562500
vt 0.046875 0.609375
vt 0.062500 0.609375
vt 0.062500 0.625000
vt 0.046875 0.625000
vt 0.046875 0.546875
vt 0.062500 0.546875
vt 0.062500 0.562500
vt 0.046875 0.562500
vt 0.109375 0.546875
vt 0.125000 0.546875
vt 0.125000 0.562500
vt 0.109375 0.562500
vt 0.046875 0.734375
vt 0.062500 0.734375
vt 0.062500 0.750000
vt 0.046875 0.750000
vt 0.046875 0.671875
vt 0.062500 0.671875
vt 0.062500 0.687500
vt 0.046875 0.687500
vt 0.109375 0.671875
vt 0.125000 0.671875
vt 0.125000 0.687500
vt 0.109375 0.687500
vt 0.421875 0.609375
vt 0.437500 0.609375
vt 0.437500 0.625000
vt 0.421875 0.625000
vt 0.421875 0.546875
vt 0.437500 0.546875
vt 0.437500 0.562500
vt 0.421875 0.562500
vt 0.484375 0.546875
vt 0.500000 0.546875
vt 0.500000 0.562500
vt 0.484375 0.562500
vt 0.296875 0.609375
vt 0.312500 0.609375
vt 0.312500 0.625000
vt 0.296875 0.625000
vt 0.296875 0.546875
vt 0.312500 0.546875
vt 0.312500 0.562500
vt 0.296875 0.562500
vt 0.359375 0.546875
vt 0.375000 0.546875
vt 0.375000 0.562500
vt 0.359375 0.562500
vt 0.296875 0.734375
vt 0.312500 0.734375
vt 0.312500 0.750000
vt 0.296875 0.750000
vt 0.296875 0.671875
vt 0.312500 0.671875
vt 0.312500 0.687500
vt 0.296875 0.687500
vt 0.359375 0.671875
vt 0.375000 0.671875
vt 0.375000 0.687500
vt 0.359375 0.687500
vt 0.671875 0.859375
vt 0.687500 0.859375
vt 0.687500 0.875000
vt 0.671875 0.875000
vt 0.671875 0.796875
vt 0.687500 0.796875
vt 0.687500 0.812500
vt 0.671875 0.812500
vt 0.734375 0.796875
vt 0.750000 0.796875
vt 0.750000 0.812500
vt 0.734375 0.812500
vt 0.546875 0.859375
vt 0.562500 0.859375
vt 0.562500 0.875000
vt 0.546875 0.875000
vt 0.546875 0.796875
vt 0.562500 0.796875
vt 0.562500 0.812500
vt 0.546875 0.812500
vt 0.609375 0.796875
vt 0.625000 0.796875
vt 0.625000 0.812500
vt 0.609375 0.812500
vt 0.546875 0.984375
vt 0.562500 0.984375
vt 0.562500 1.000000
vt 0.546875 1.000000
vt 0.546875 0.921875
vt 0.562500 0.921875
vt 0.562500 0.937500
vt 0.546875 0.937500
vt 0.609375 0.921875
vt 0.625000 0.921875
vt 0.625000 0.937500
vt 0.609375 0.937500
vt 0.671875 0.609375
vt 0.687500 0.609375
vt 0.687500 0.625000
vt 0.671875 0.625000
vt 0.671875 0.546875
vt 0.687500 0.546875
vt 0.687500 0.562500
vt 0.671875 0.562500
vt 0.734375 0.546875
vt 0.750000 0.546875
vt 0.750000 0.562500
vt 0.734375 0.562500
vt 0.546875 0.609375
vt 0.562500 0.609375
vt 0.562500 0.625000
vt 0.546875 0.625000
vt 0.546875 0.546875
vt 0.562500 0.546875
vt 0.562500 0.562500
vt 0.546875 0.562500
vt 0.609375 0.546875
vt 0.625000 0.546875
vt 0.625000 0.562500
vt 0.609375 0.562500
vt 0.546875 0.734375
vt 0.562500 0.734375
vt 0.562500 0.750000
vt 0.546875 0.750000
vt 0.546875 0.671875
vt 0.562500 0.671875
vt 0.562500 0.687500
vt 0.546875 0.687500
vt 0.609375 0.671875
vt 0.625000 0.671875
vt 0.625000 0.687500
vt 0.609375 0.687500
vt 0.921875 0.609375
vt 0.937500 0.609375
vt 0.937500 0.625000
vt 0.921875 0.625000
vt 0.921875 0.546875
vt 0.937500 0.546875
vt 0.937500 0.562500
vt 0.921875 0.562500
vt 0.984375 0.546875
vt 1.000000 0.546875
vt 1.000000 0.562500
vt 0.984375 0.562500
vt 0.796875 0.609375
vt 0.812500 0.609375
vt 0.812500 0.625000
vt 0.796875 0.625000
vt 0.796875 0.546875
vt 0.812500 0.546875
vt 0.812500 0.562500
vt 0.796875 0.562500
vt 0.859375 0.546875
vt 0.875000 0.546875
vt 0.875000 0.562500
vt 0.859375 0.562500
vt 0.796875 0.734375
vt 0.812500 0.734375
vt 0.812500 0.750000
vt 0.796875 0.750000
vt 0.796875 0.671875
vt 0.812500 0.671875
vt 0.812500 0.687500
vt 0.796875 0.687500
vt 0.859375 0.671875
vt 0.875000 0.671875
vt 0.875000 0.687500
vt 0.859375 0.687500
vt 0.921875 0.734375
vt 0.937500 0.734375
vt 0.937500 0.750000
vt 0.921875 0.750000
vt 0.921875 0.671875
vt 0.937500 0.671875
vt 0.937500 0.687500
vt 0.921875 0.687500
vt 0.984375 0.671875
vt 1.000000 0.671875
vt 1.000000 0.687500
vt 0.984375 0.687500
vt 0.671875 0.734375
vt 0.687500 0.734375
vt 0.687500 0.750000
vt 0.671875 0.750000
vt 0.671875 0.671875
vt 0.687500 0.671875
vt 0.687500 0.687500
vt 0.671875 0.687500
vt 0.734375 0.671875
vt 0.750000 0.671875
vt 0.750000 0.687500
vt 0.734375 0.687500
vt 0.671875 0.984375
vt 0.687500 0.984375
vt 0.687500 1.000000
vt 0.671875 1.000000
vt 0.671875 0.921875
vt 0.687500 0.921875
vt 0.687500 0.937500
vt 0.671875 0.937500
vt 0.734375 0.921875
vt 0.750000 0.921875
vt 0.750000 0.937500
vt 0.734375 0.937500
vt 0.421875 0.734375
vt 0.437500 0.734375
vt 0.437500 0.750000
vt 0.421875 0.750000
vt 0.421875 0.671875
vt 0.437500 0.671875
vt 0.437500 0.687500
vt 0.421875 0.687500
vt 0.484375 0.671875
vt 0.500000 0.671875
vt 0.500000 0.687500
vt 0.484375 0.687500
vt 0.171875 0.734375
vt 0.187500 0.734375
vt 0.187500 0.750000
vt 0.171875 0.750000
vt 0.171875 0.671875
vt 0.187500 0.671875
vt 0.187500 0.687500
vt 0.171875 0.687500
vt 0.234375 0.671875
vt 0.250000 0.671875
vt 0.250000 0.687500
vt 0.234375 0.687500
vt 0.171875 0.984375
vt 0.187500 0.984375
vt 0.187500 1.000000
vt 0.171875 1.000000
vt 0.171875 0.921875
vt 0.187500 0.921875
vt 0.187500 0.937500
vt 0.171875 0.937500
vt 0.234375 0.921875
vt 0.250000 0.921875
vt 0.250000 0.937500
vt 0.234375 0.937500
vt 0.421875 0.234375
vt 0.437500 0.234375
vt 0.437500 0.250000
vt 0.421875 0.250000
vt 0.421875 0.171875
vt 0.437500 0.171875
vt 0.437500 0.187500
vt 0.421875 0.187500
vt 0.484375 0.171875
vt 0.500000 0.171875
vt 0.500000 0.187500
vt 0.484375 0.187500
vt 0.171875 0.234375
vt 0.187500 0.234375
vt 0.187500 0.250000
vt 0.171875 0.250000
vt 0.171875 0.171875
vt 0.187500 0.171875
vt 0.187500 0.187500
vt 0.171875 0.187500
vt 0.234375 0.171875
vt 0.250000 0.171875
vt 0.250000 0.187500
vt 0.234375 0.187500
vt 0.171875 0.484375
vt 0.187500 0.484375
vt 0.187500 0.500000
vt 0.171875 0.500000
vt 0.171875 0.421875
vt 0.187500 0.421875
vt 0.187500 0.437500
vt 0.171875 0.437500
vt 0.234375 0.421875
vt 0.250000 0.421875
vt 0.250000 0.437500
vt 0.234375 0.437500
vt 0.921875 0.234375
vt 0.937500 0.234375
vt 0.937500 0.250000
vt 0.921875 0.250000
vt 0.921875 0.171875
vt 0.937500 0.171875
vt 0.937500 0.187500
vt 0.921875 0.187500
vt 0.984375 0.171875
vt 1.000000 0.171875
vt 1.000000 0.187500
vt 0.984375 0.187500
vt 0.671875 0.234375
vt 0.687500 0.234375
vt 0.687500 0.250000
vt 0.671875 0.250000
vt 0.671875 0.171875
vt 0.687500 0.171875
vt 0.687500 0.187500
vt 0.671875 0.187500
vt 0.734375 0.171875
vt 0.750000 0.171875
vt 0.750000 0.187500
vt 0.734375 0.187500
vt 0.671875 0.484375
vt 0.687500 0.484375
vt 0.687500 0.500000
vt 0.671875 0.500000
vt 0.671875 0.421875
vt 0.687500 0.421875
vt 0.687500 0.437500
vt 0.671875 0.437500
vt 0.734375 0.421875
vt 0.750000 0.421875
vt 0.750000 0.437500
vt 0.734375 0.437500
vt 0.921875 0.484375
vt 0.937500 0.484375
vt 0.937500 0.500000
vt 0.921875 0.500000
vt 0.921875 0.421875
vt 0.937500 0.421875
vt 0.937500 0.437500
vt 0.921875 0.437500
vt 0.984375 0.421875
vt 1.000000 0.421875
vt 1.000000 0.437500
vt 0.984375 0.437500
vt 0.421875 0.484375
vt 0.437500 0.484375
vt 0.437500 0.500000
vt 0.421875 0.500000
vt 0.421875 0.421875
vt 0.437500 0.421875
vt 0.437500 0.437500
vt 0.421875 0.437500
vt 0.484375 0.421875
vt 0.500000 0.421875
vt 0.500000 0.437500
vt 0.484375 0.437500
vt 0.421875 0.984375
vt 0.437500 0.984375
vt 0.437500 1.000000
vt 0.421875 1.000000
vt 0.421875 0.921875
vt 0.437500 0.921875
vt 0.437500 0.937500
vt 0.421875 0.937500
vt 0.484375 0.921875
vt 0.500000 0.921875
vt 0.500000 0.937500
vt 0.484375 0.937500
vt 0.921875 0.984375
vt 0.937500 0.984375
vt 0.937500 1.000000
vt 0.921875 1.000000
vt 0.921875 0.921875
vt 0.937500 0.921875
vt 0.937500 0.937500
vt 0.921875 0.937500
vt 0.984375 0.921875
vt 1.000000 0.921875
vt 1.000000 0.937500
vt 0.984375 0.937500
vt 0.953125 0.921875
vt 0.968750 0.921875
vt 0.968750 0.937500
vt 0.953125 0.937500
vt 0.953125 0.890625
vt 0.968750 0.890625
vt 0.968750 0.906250
vt 0.953125 0.906250
vt 0.984375 0.890625
vt 1.000000 0.890625
vt 1.000000 0.906250
vt 0.984375 0.906250
vt 0.890625 0.921875
vt 0.906250 0.921875
vt 0.906250 0.937500
vt 0.890625 0.937500
vt 0.890625 0.890625
vt 0.906250 0.890625
vt 0.906250 0.906250
vt 0.890625 0.906250
vt 0.921875 0.890625
vt 0.937500 0.890625
vt 0.937500 0.906250
vt 0.921875 0.906250
vt 0.890625 0.984375
vt 0.906250 0.984375
vt 0.906250 1.000000
vt 0.890625 1.000000
vt 0.890625 0.953125
vt 0.906250 0.953125
vt 0.906250 0.968750
vt 0.890625 0.968750
vt 0.921875 0.953125
vt 0.937500 0.953125
vt 0.937500 0.968750
vt 0.921875 0.968750
vt 0.453125 0.921875
vt 0.468750 0.921875
vt 0.468750 0.937500
vt 0.453125 0.937500
vt 0.453125 0.890625
vt 0.468750 0.890625
vt 0.468750 0.906250
vt 0.453125 0.906250
vt 0.484375 0.890625
vt 0.500000 0.890625
vt 0.500000 0.906250
vt 0.484375 0.906250
vt 0.390625 0.921875
vt 0.406250 0.921875
vt 0.406250 0.937500
vt 0.390625 0.937500
vt 0.390625 0.890625
vt 0.406250 0.890625
vt 0.406250 0.906250
vt 0.390625 0.906250
vt 0.421875 0.890625
vt 0.437500 0.890625
vt 0.437500 0.906250
vt 0.421875 0.906250
vt 0.390625 0.984375
vt 0.406250 0.984375
vt 0.406250 1.000000
vt 0.390625 1.000000
vt 0.390625 0.953125
vt 0.406250 0.953125
vt 0.406250 0.968750
vt 0.390625 0.968750
vt 0.421875 0.953125
vt 0.437500 0.953125
vt 0.437500 0.968750
vt 0.421875 0.968750
vt 0.453125 0.421875
vt 0.468750 0.421875
vt 0.468750 0.437500
vt 0.453125 0.437500
vt 0.453125 0.390625
vt 0.468750 0.390625
vt 0.468750 0.406250
vt 0.453125 0.406250
vt 0.484375 0.390625
vt 0.500000 0.390625
vt 0.500000 0.406250
vt 0.484375 0.406250
vt 0.390625 0.421875
vt 0.406250 0.421875
vt 0.406250 0.437500
vt 0.390625 0.437500
vt 0.390625 0.390625
vt 0.406250 0.390625
vt 0.406250 0.406250
vt 0.390625 0.406250
vt 0.421875 0.390625
vt 0.437500 0.390625
vt 0.437500 0.406250
vt 0.421875 0.406250
vt 0.390625 0.484375
vt 0.406250 0.484375
vt 0.406250 0.500000
vt 0.390625 0.500000
vt 0.390625 0.453125
vt 0.406250 0.453125
vt 0.406250 0.468750
vt 0.390625 0.468750
vt 0.421875 0.453125
vt 0.437500 0.453125
vt 0.437500 0.468750
vt 0.421875 0.468750
vt 0.953125 0.421875
vt 0.968750 0.421875
vt 0.968750 0.437500
vt 0.953125 0.437500
vt 0.953125 0.390625
vt 0.968750 0.390625
vt 0.968750 0.406250
vt 0.953125 0.406250
vt 0.984375 0.390625
vt 1.000000 0.390625
vt 1.000000 0.406250
vt 0.984375 0.406250
vt 0.890625 0.421875
vt 0.906250 0.421875
vt 0.906250 0.437500
vt 0.890625 0.437500
vt 0.890625 0.390625
vt 0.906250 0.390625
vt 0.906250 0.406250
vt 0.890625 0.406250
vt 0.921875 0.390625
vt 0.937500 0.390625
vt 0.937500 0.406250
vt 0.921875 0.406250
vt 0.890625 0.484375
vt 0.906250 0.484375
vt 0.906250 0.500000
vt 0.890625 0.500000
vt 0.890625 0.453125
vt 0.906250 0.453125
vt 0.906250 0.468750
vt 0.890625 0.468750
vt 0.921875 0.453125
vt 0.937500 0.453125
vt 0.937500 0.468750
vt 0.921875 0.468750
vt 0.703125 0.421875
vt 0.718750 0.421875
vt 0.718750 0.437500
vt 0.703125 0.437500
vt 0.703125 0.390625
vt 0.718750 0.390625
vt 0.718750 0.406250
vt 0.703125 0.406250
vt 0.734375 0.390625
vt 0.750000 0.390625
vt 0.750000 0.406250
vt 0.734375 0.406250
vt 0.640625 0.421875
vt 0.656250 0.421875
vt 0.656250 0.437500
vt 0.640625 0.437500
vt 0.640625 0.390625
vt 0.656250 0.390625
vt 0.656250 0.406250
vt 0.640625 0.406250
vt 0.671875 0.390625
vt 0.687500 0.390625
vt 0.687500 0.406250
vt 0.671875 0.406250
vt 0.640625 0.484375
vt 0.656250 0.484375
vt 0.656250 0.500000
vt 0.640625 0.500000
vt 0.640625 0.453125
vt 0.656250 0.453125
vt 0.656250 0.468750
vt 0.640625 0.468750
vt 0.671875 0.453125
vt 0.687500 0.453125
vt 0.687500 0.468750
vt 0.671875 0.468750
vt 0.703125 0.171875
vt 0.718750 0.171875
vt 0.718750 0.187500
vt 0.703125 0.187500
vt 0.703125 0.140625
vt 0.718750 0.140625
vt 0.718750 0.156250
vt 0.703125 0.156250
vt 0.734375 0.140625
vt 0.750000 0.140625
vt 0.750000 0.156250
vt 0.734375 0.156250
vt 0.640625 0.171875
vt 0.656250 0.171875
vt 0.656250 0.187500
vt 0.640625 0.187500
vt 0.640625 0.140625
vt 0.656250 0.140625
vt 0.656250 0.156250
vt 0.640625 0.156250
vt 0.671875 0.140625
vt 0.687500 0.140625
vt 0.687500 0.156250
vt 0.671875 0.156250
vt 0.640625 0.234375
vt 0.656250 0.234375
vt 0.656250 0.250000
vt 0.640625 0.250000
vt 0.640625 0.203125
vt 0.656250 0.203125
vt 0.656250 0.218750
vt 0.640625 0.218750
vt 0.671875 0.203125
vt 0.687500 0.203125
vt 0.687500 0.218750
vt 0.671875 0.218750
vt 0.953125 0.171875
vt 0.968750 0.171875
vt 0.968750 0.187500
vt 0.953125 0.187500
vt 0.953125 0.140625
vt 0.968750 0.140625
vt 0.968750 0.156250
vt 0.953125 0.156250
vt 0.984375 0.140625
vt 1.000000 0.140625
vt 1.000000 0.156250
vt 0.984375 0.156250
vt 0.890625 0.171875
vt 0.906250 0.171875
vt 0.906250 0.187500
vt 0.890625 0.187500
vt 0.890625 0.140625
vt 0.906250 0.140625
vt 0.906250 0.156250
vt 0.890625 0.156250
vt 0.921875 0.140625
vt 0.937500 0.140625
vt 0.937500 0.156250
vt 0.921875 0.156250
vt 0.890625 0.234375
vt 0.906250 0.234375
vt 0.906250 0.250000
vt 0.890625 0.250000
vt 0.890625 0.203125
vt 0.906250 0.203125
vt 0.906250 0.218750
vt 0.890625 0.218750
vt 0.921875 0.203125
vt 0.937500 0.203125
vt 0.937500 0.218750
vt 0.921875 0.218750
vt 0.203125 0.421875
vt 0.218750 0.421875
vt 0.218750 0.437500
vt 0.203125 0.437500
vt 0.203125 0.390625
vt 0.218750 0.390625
vt 0.218750 0.406250
vt 0.203125 0.406250
vt 0.234375 0.390625
vt 0.250000 0.390625
vt 0.250000 0.406250
vt 0.234375 0.406250
vt 0.140625 0.421875
vt 0.156250 0.421875
vt 0.156250 0.437500
vt 0.140625 0.437500
vt 0.140625 0.390625
vt 0.156250 0.390625
vt 0.156250 0.406250
vt 0.140625 0.406250
vt 0.171875 0.390625
vt 0.187500 0.390625
vt 0.187500 0.406250
vt 0.171875 0.406250
vt 0.140625 0.484375
vt 0.156250 0.484375
vt 0.156250 0.500000
vt 0.140625 0.500000
vt 0.140625 0.453125
vt 0.156250 0.453125
vt 0.156250 0.468750
vt 0.140625 0.468750
vt 0.171875 0.453125
vt 0.187500 0.453125
vt 0.187500 0.468750
vt 0.171875 0.468750
vt 0.203125 0.171875
vt 0.218750 0.171875
vt 0.218750 0.187500
vt 0.203125 0.187500
vt 0.203125 0.140625
vt 0.218750 0.140625
vt 0.218750 0.156250
vt 0.203125 0.156250
vt 0.234375 0.140625
vt 0.250000 0.140625
vt 0.250000 0.156250
vt 0.234375 0.156250
vt 0.140625 0.171875
vt 0.156250 0.171875
vt 0.156250 0.187500
vt 0.140625 0.187500
vt 0.140625 0.140625
vt 0.156250 0.140625
vt 0.156250 0.156250
vt 0.140625 0.156250
vt 0.171875 0.140625
vt 0.187500 0.140625
vt 0.187500 0.156250
vt 0.171875 0.156250
vt 0.140625 0.234375
vt 0.156250 0.234375
vt 0.156250 0.250000
vt 0.140625 0.250000
vt 0.140625 0.203125
vt 0.156250 0.203125
vt 0.156250 0.218750
vt 0.140625 0.218750
vt 0.171875 0.203125
vt 0.187500 0.203125
vt 0.187500 0.218750
vt 0.171875 0.218750
vt 0.453125 0.171875
vt 0.468750 0.171875
vt 0.468750 0.187500
vt 0.453125 0.187500
vt 0.453125 0.140625
vt 0.468750 0.140625
vt 0.468750 0.156250
vt 0.453125 0.156250
vt 0.484375 0.140625
vt 0.500000 0.140625
vt 0.500000 0.156250
vt 0.484375 0.156250
vt 0.390625 0.171875
vt 0.406250 0.171875
vt 0.406250 0.187500
vt 0.390625 0.187500
vt 0.390625 0.140625
vt 0.406250 0.140625
vt 0.406250 0.156250
vt 0.390625 0.156250
vt 0.421875 0.140625
vt 0.437500 0.140625
vt 0.437500 0.156250
vt 0.421875 0.156250
vt 0.390625 0.234375
vt 0.406250 0.234375
vt 0.406250 0.250000
vt 0.390625 0.250000
vt 0.390625 0.203125
vt 0.406250 0.203125
vt 0.406250 0.218750
vt 0.390625 0.218750
vt 0.421875 0.203125
vt 0.437500 0.203125
vt 0.437500 0.218750
vt 0.421875 0.218750
vt 0.203125 0.921875
vt 0.218750 0.921875
vt 0.218750 0.937500
vt 0.203125 0.937500
vt 0.203125 0.890625
vt 0.218750 0.890625
vt 0.218750 0.906250
vt 0.203125 0.906250
vt 0.234375 0.890625
vt 0.250000 0.890625
vt 0.250000 0.906250
vt 0.234375 0.906250
vt 0.140625 0.921875
vt 0.156250 0.921875
vt 0.156250 0.937500
vt 0.140625 0.937500
vt 0.140625 0.890625
vt 0.156250 0.890625
vt 0.156250 0.906250
vt 0.140625 0.906250
vt 0.171875 0.890625
vt 0.187500 0.890625
vt 0.187500 0.906250
vt 0.171875 0.906250
vt 0.140625 0.984375
vt 0.156250 0.984375
vt 0.156250 1.000000
vt 0.140625 1.000000
vt 0.140625 0.953125
vt 0.156250 0.953125
vt 0.156250 0.968750
vt 0.140625 0.968750
vt 0.171875 0.953125
vt 0.187500 0.953125
vt 0.187500 0.968750
vt 0.171875 0.968750
vt 0.203125 0.671875
vt 0.218750 0.671875
vt 0.218750 0.687500
vt 0.203125 0.687500
vt 0.203125 0.640625
vt 0.218750 0.640625
vt 0.218750 0.656250
vt 0.203125 0.656250
vt 0.234375 0.640625
vt 0.250000 0.640625
vt 0.250000 0.656250
vt 0.234375 0.656250
vt 0.140625 0.671875
vt 0.156250 0.671875
vt 0.156250 0.687500
vt 0.140625 0.687500
vt 0.140625 0.640625
vt 0.156250 0.640625
vt 0.156250 0.656250
vt 0.140625 0.656250
vt 0.171875 0.640625
vt 0.187500 0.640625
vt 0.187500 0.656250
vt 0.171875 0.656250
vt 0.140625 0.734375
vt 0.156250 0.734375
vt 0.156250 0.750000
vt 0.140625 0.750000
vt 0.140625 0.703125
vt 0.156250 0.703125
vt 0.156250 0.718750
vt 0.140625 0.718750
vt 0.171875 0.703125
vt 0.187500 0.703125
vt 0.187500 0.718750
vt 0.171875 0.718750
vt 0.453125 0.671875
vt 0.468750 0.671875
vt 0.468750 0.687500
vt 0.453125 0.687500
vt 0.453125 0.640625
vt 0.468750 0.640625
vt 0.468750 0.656250
vt 0.453125 0.656250
vt 0.484375 0.640625
vt 0.500000 0.640625
vt 0.500000 0.656250
vt 0.484375 0.656250
vt 0.390625 0.671875
vt 0.406250 0.671875
vt 0.406250 0.687500
vt 0.390625 0.687500
vt 0.390625 0.640625
vt 0.406250 0.640625
vt 0.406250 0.656250
vt 0.390625 0.656250
vt 0.421875 0.640625
vt 0.437500 0.640625
vt 0.437500 0.656250
vt 0.421875 0.656250
vt 0.390625 0.734375
vt 0.406250 0.734375
vt 0.406250 0.750000
vt 0.390625 0.750000
vt 0.390625 0.703125
vt 0.406250 0.703125
vt 0.406250 0.718750
vt 0.390625 0.718750
vt 0.421875 0.703125
vt 0.437500 0.703125
vt 0.437500 0.718750
vt 0.421875 0.718750
vt 0.703125 0.921875
vt 0.718750 0.921875
vt 0.718750 0.937500
vt 0.703125 0.937500
vt 0.703125 0.890625
vt 0.718750 0.890625
vt 0.718750 0.906250
vt 0.703125 0.906250
vt 0.734375 0.890625
vt 0.750000 0.890625
vt 0.750000 0.906250
vt 0.734375 0.906250
vt 0.640625 0.921875
vt 0.656250 0.921875
vt 0.656250 0.937500
vt 0.640625 0.937500
vt 0.640625 0.890625
vt 0.656250 0.890625
vt 0.656250 0.906250
vt 0.640625 0.906250
vt 0.671875 0.890625
vt 0.687500 0.890625
vt 0.687500 0.906250
vt 0.671875 0.906250
vt 0.640625 0.984375
vt 0.656250 0.984375
vt 0.656250 1.000000
vt 0.640625 1.000000
vt 0.640625 0.953125
vt 0.656250 0.953125
vt 0.656250 0.968750
vt 0.640625 0.968750
vt 0.671875 0.953125
vt 0.687500 0.953125
vt 0.687500 0.968750
vt 0.671875 0.968750
vt 0.703125 0.671875
vt 0.718750 0.671875
vt 0.718750 0.687500
vt 0.703125 0.687500
vt 0.703125 0.640625
vt 0.718750 0.640625
vt 0.718750 0.656250
vt 0.703125 0.656250
vt 0.734375 0.640625
vt 0.750000 0.640625
vt 0.750000 0.656250
vt 0.734375 0.656250
vt 0.640625 0.671875
vt 0.656250 0.671875
vt 0.656250 0.687500
vt 0.640625 0.687500
vt 0.640625 0.640625
vt 0.656250 0.640625
vt 0.656250 0.656250
vt 0.640625 0.656250
vt 0.671875 0.640625
vt 0.687500 0.640625
vt 0.687500 0.656250
vt 0.671875 0.656250
vt 0.640625 0.734375
vt 0.656250 0.734375
vt 0.656250 0.750000
vt 0.640625 0.750000
vt 0.640625 0.703125
vt 0.656250 0.703125
vt 0.656250 0.718750
vt 0.640625 0.718750
vt 0.671875 0.703125
vt 0.687500 0.703125
vt 0.687500 0.718750
vt 0.671875 0.718750
vt 0.953125 0.671875
vt 0.968750 0.671875
vt 0.968750 0.687500
vt 0.953125 0.687500
vt 0.953125 0.640625
vt 0.968750 0.640625
vt 0.968750 0.656250
vt 0.953125 0.656250
vt 0.984375 0.640625
vt 1.000000 0.640625
vt 1.000000 0.656250
vt 0.984375 0.656250
vt 0.890625 0.671875
vt 0.906250 0.671875
vt 0.906250 0.687500
vt 0.890625 0.687500
vt 0.890625 0.640625
vt 0.906250 0.640625
vt 0.906250 0.656250
vt 0.890625 0.656250
vt 0.921875 0.640625
vt 0.937500 0.640625
vt 0.937500 0.656250
vt 0.921875 0.656250
vt 0.890625 0.734375
vt 0.906250 0.734375
vt 0.906250 0.750000
vt 0.890625 0.750000
vt 0.890625 0.703125
vt 0.906250 0.703125
vt 0.906250 0.718750
vt 0.890625 0.718750
vt 0.921875 0.703125
vt 0.937500 0.703125
vt 0.937500 0.718750
vt 0.921875 0.718750
vt 0.828125 0.671875
vt 0.843750 0.671875
vt 0.843750 0.687500
vt 0.828125 0.687500
vt 0.828125 0.640625
vt 0.843750 0.640625
vt 0.843750 0.656250
vt 0.828125 0.656250
vt 0.859375 0.640625
vt 0.875000 0.640625
vt 0.875000 0.656250
vt 0.859375 0.656250
vt 0.765625 0.671875
vt 0.781250 0.671875
vt 0.781250 0.687500
vt 0.765625 0.687500
vt 0.765625 0.640625
vt 0.781250 0.640625
vt 0.781250 0.656250
vt 0.765625 0.656250
vt 0.796875 0.640625
vt 0.812500 0.640625
vt 0.812500 0.656250
vt 0.796875 0.656250
vt 0.765625 0.734375
vt 0.781250 0.734375
vt 0.781250 0.750000
vt 0.765625 0.750000
vt 0.765625 0.703125
vt 0.781250 0.703125
vt 0.781250 0.718750
vt 0.765625 0.718750
vt 0.796875 0.703125
vt 0.812500 0.703125
vt 0.812500 0.718750
vt 0.796875 0.718750
vt 0.828125 0.546875
vt 0.843750 0.546875
vt 0.843750 0.562500
vt 0.828125 0.562500
vt 0.828125 0.515625
vt 0.843750 0.515625
vt 0.843750 0.531250
vt 0.828125 0.531250
vt 0.859375 0.515625
vt 0.875000 0.515625
vt 0.875000 0.531250
vt 0.859375 0.531250
vt 0.765625 0.546875
vt 0.781250 0.546875
vt 0.781250 0.562500
vt 0.765625 0.562500
vt 0.765625 0.515625
vt 0.781250 0.515625
vt 0.781250 0.531250
vt 0.765625 0.531250
vt 0.796875 0.515625
vt 0.812500 0.515625
vt 0.812500 0.531250
vt 0.796875 0.531250
vt 0.765625 0.609375
vt 0.781250 0.609375
vt 0.781250 0.625000
vt 0.765625 0.625000
vt 0.765625 0.578125
vt 0.781250 0.578125
vt 0.781250 0.593750
vt 0.765625 0.593750
vt 0.796875 0.578125
vt 0.812500 0.578125
vt 0.812500 0.593750
vt 0.796875 0.593750
vt 0.953125 0.546875
vt 0.968750 0.546875
vt 0.968750 0.562500
vt 0.953125 0.562500
vt 0.953125 0.515625
vt 0.968750 0.515625
vt 0.968750 0.531250
vt 0.953125 0.531250
vt 0.984375 0.515625
vt 1.000000 0.515625
vt 1.000000 0.531250
vt 0.984375 0.531250
vt 0.890625 0.546875
vt 0.906250 0.546875
vt 0.906250 0.562500
vt 0.890625 0.562500
vt 0.890625 0.515625
vt 0.906250 0.515625
vt 0.906250 0.531250
vt 0.890625 0.531250
vt 0.921875 0.515625
vt 0.937500 0.515625
vt 0.937500 0.531250
vt 0.921875 0.531250
vt 0.890625 0.609375
vt 0.906250 0.609375
vt 0.906250 0.625000
vt 0.890625 0.625000
vt 0.890625 0.578125
vt 0.906250 0.578125
vt 0.906250 0.593750
vt 0.890625 0.593750
vt 0.921875 0.578125
vt 0.937500 0.578125
vt 0.937500 0.593750
vt 0.921875 0.593750
vt 0.578125 0.671875
vt 0.593750 0.671875
vt 0.593750 0.687500
vt 0.578125 0.687500
vt 0.578125 0.640625
vt 0.593750 0.640625
vt 0.593750 0.656250
vt 0.578125 0.656250
vt 0.609375 0.640625
vt 0.625000 0.640625
vt 0.625000 0.656250
vt 0.609375 0.656250
vt 0.515625 0.671875
vt 0.531250 0.671875
vt 0.531250 0.687500
vt 0.515625 0.687500
vt 0.515625 0.640625
vt 0.531250 0.640625
vt 0.531250 0.656250
vt 0.515625 0.656250
vt 0.546875 0.640625
vt 0.562500 0.640625
vt 0.562500 0.656250
vt 0.546875 0.656250
vt 0.515625 0.734375
vt 0.531250 0.734375
vt 0.531250 0.750000
vt 0.515625 0.750000
vt 0.515625 0.703125
vt 0.531250 0.703125
vt 0.531250 0.718750
vt 0.515625 0.718750
vt 0.546875 0.703125
vt 0.562500 0.703125
vt 0.562500 0.718750
vt 0.546875 0.718750
vt 0.578125 0.546875
vt 0.593750 0.546875
vt 0.593750 0.562500
vt 0.578125 0.562500
vt 0.578125 0.515625
vt 0.593750 0.515625
vt 0.593750 0.531250
vt 0.578125 0.531250
vt 0.609375 0.515625
vt 0.625000 0.515625
vt 0.625000 0.531250
vt 0.609375 0.531250
vt 0.515625 0.546875
vt 0.531250 0.546875
vt 0.531250 0.562500
vt 0.515625 0.562500
vt 0.515625 0.515625
vt 0.531250 0.515625
vt 0.531250 0.531250
vt 0.515625 0.531250
vt 0.546875 0.515625
vt 0.562500 0.515625
vt 0.562500 0.531250
vt 0.546875 0.531250
vt 0.515625 0.609375
vt 0.531250 0.609375
vt 0.531250 0.625000
vt 0.515625 0.625000
vt 0.515625 0.578125
vt 0.531250 0.578125
vt 0.531250 0.593750
vt 0.515625 0.593750
vt 0.546875 0.578125
vt 0.562500 0.578125
vt 0.562500 0.593750
vt 0.546875 0.593750
vt 0.703125 0.546875
vt 0.718750 0.546875
vt 0.718750 0.562500
vt 0.703125 0.562500
vt 0.703125 0.515625
vt 0.718750 0.515625
vt 0.718750 0.531250
vt 0.703125 0.531250
vt 0.734375 0.515625
vt 0.750000 0.515625
vt 0.750000 0.531250
vt 0.734375 0.531250
vt 0.640625 0.546875
vt 0.656250 0.546875
vt 0.656250 0.562500
vt 0.640625 0.562500
vt 0.640625 0.515625
vt 0.656250 0.515625
vt 0.656250 0.531250
vt 0.640625 0.531250
vt 0.671875 0.515625
vt 0.687500 0.515625
vt 0.687500 0.531250
vt 0.671875 0.531250
vt 0.640625 0.609375
vt 0.656250 0.609375
vt 0.656250 0.625000
vt 0.640625 0.625000
vt 0.640625 0.578125
vt 0.656250 0.578125
vt 0.656250 0.593750
vt 0.640625 0.593750
vt 0.671875 0.578125
vt 0.687500 0.578125
vt 0.687500 0.593750
vt 0.671875 0.593750
vt 0.578125 0.921875
vt 0.593750 0.921875
vt 0.593750 0.937500
vt 0.578125 0.937500
vt 0.578125 0.890625
vt 0.593750 0.890625
vt 0.593750 0.906250
vt 0.578125 0.906250
vt 0.609375 0.890625
vt 0.625000 0.890625
vt 0.625000 0.906250
vt 0.609375 0.906250
vt 0.515625 0.921875
vt 0.531250 0.921875
vt 0.531250 0.937500
vt 0.515625 0.937500
vt 0.515625 0.890625
vt 0.531250 0.890625
vt 0.531250 0.906250
vt 0.515625 0.906250
vt 0.546875 0.890625
vt 0.562500 0.890625
vt 0.562500 0.906250
vt 0.546875 0.906250
vt 0.515625 0.984375
vt 0.531250 0.984375
vt 0.531250 1.000000
vt 0.515625 1.000000
vt 0.515625 0.953125
vt 0.531250 0.953125
vt 0.531250 0.968750
vt 0.515625 0.968750
vt 0.546875 0.953125
vt 0.562500 0.953125
vt 0.562500 0.968750
vt 0.546875 0.968750
vt 0.578125 0.796875
vt 0.593750 0.796875
vt 0.593750 0.812500
vt 0.578125 0.812500
vt 0.578125 0.765625
vt 0.593750 0.765625
vt 0.593750 0.781250
vt 0.578125 0.781250
vt 0.609375 0.765625
vt 0.625000 0.765625
vt 0.625000 0.781250
vt 0.609375 0.781250
vt 0.515625 0.796875
vt 0.531250 0.796875
vt 0.531250 0.812500
vt 0.515625 0.812500
vt 0.515625 0.765625
vt 0.531250 0.765625
vt 0.531250 0.781250
vt 0.515625 0.781250
vt 0.546875 0.765625
vt 0.562500 0.765625
vt 0.562500 0.781250
vt 0.546875 0.781250
vt 0.515625 0.859375
vt 0.531250 0.859375
vt 0.531250 0.875000
vt 0.515625 0.875000
vt 0.515625 0.828125
vt 0.531250 0.828125
vt 0.531250 0.843750
vt 0.515625 0.843750
vt 0.546875 0.828125
vt 0.562500 0.828125
vt 0.562500 0.843750
vt 0.546875 0.843750
vt 0.703125 0.796875
vt 0.718750 0.796875
vt 0.718750 0.812500
vt 0.703125 0.812500
vt 0.703125 0.765625
vt 0.718750 0.765625
vt 0.718750 0.781250
vt 0.703125 0.781250
vt 0.734375 0.765625
vt 0.750000 0.765625
vt 0.750000 0.781250
vt 0.734375 0.781250
vt 0.640625 0.796875
vt 0.656250 0.796875
vt 0.656250 0.812500
vt 0.640625 0.812500
vt 0.640625 0.765625
vt 0.656250 0.765625
vt 0.656250 0.781250
vt 0.640625 0.781250
vt 0.671875 0.765625
vt 0.687500 0.765625
vt 0.687500 0.781250
vt 0.671875 0.781250
vt 0.640625 0.859375
vt 0.656250 0.859375
vt 0.656250 0.875000
vt 0.640625 0.875000
vt 0.640625 0.828125
vt 0.656250 0.828125
vt 0.656250 0.843750
vt 0.640625 0.843750
vt 0.671875 0.828125
vt 0.687500 0.828125
vt 0.687500 0.843750
vt 0.671875 0.843750
vt 0.328125 0.671875
vt 0.343750 0.671875
vt 0.343750 0.687500
vt 0.328125 0.687500
vt 0.328125 0.640625
vt 0.343750 0.640625
vt 0.343750 0.656250
vt 0.328125 0.656250
vt 0.359375 0.640625
vt 0.375000 0.640625
vt 0.375000 0.656250
vt 0.359375 0.656250
vt 0.265625 0.671875
vt 0.281250 0.671875
vt 0.281250 0.687500
vt 0.265625 0.687500
vt 0.265625 0.640625
vt 0.281250 0.640625
vt 0.281250 0.656250
vt 0.265625 0.656250
vt 0.296875 0.640625
vt 0.312500 0.640625
vt 0.312500 0.656250
vt 0.296875 0.656250
vt 0.265625 0.734375
vt 0.281250 0.734375
vt 0.281250 0.750000
vt 0.265625 0.750000
vt 0.265625 0.703125
vt 0.281250 0.703125
vt 0.281250 0.718750
vt 0.265625 0.718750
vt 0.296875 0.703125
vt 0.312500 0.703125
vt 0.312500 0.718750
vt 0.296875 0.718750
vt 0.328125 0.546875
vt 0.343750 0.546875
vt 0.343750 0.562500
vt 0.328125 0.562500
vt 0.328125 0.515625
vt 0.343750 0.515625
vt 0.343750 0.531250
vt 0.328125 0.531250
vt 0.359375 0.515625
vt 0.375000 0.515625
vt 0.375000 0.531250
vt 0.359375 0.531250
vt 0.265625 0.546875
vt 0.281250 0.546875
vt 0.281250 0.562500
vt 0.265625 0.562500
vt 0.265625 0.515625
vt 0.281250 0.515625
vt 0.281250 0.531250
vt 0.265625 0.531250
vt 0.296875 0.515625
vt 0.312500 0.515625
vt 0.312500 0.531250
vt 0.296875 0.531250
vt 0.265625 0.609375
vt 0.281250 0.609375
vt 0.281250 0.625000
vt 0.265625 0.625000
vt 0.265625 0.578125
vt 0.281250 0.578125
vt 0.281250 0.593750
vt 0.265625 0.593750
vt 0.296875 0.578125
vt 0.312500 0.578125
vt 0.312500 0.593750
vt 0.296875 0.593750
vt 0.453125 0.546875
vt 0.468750 0.546875
vt 0.468750 0.562500
vt 0.453125 0.562500
vt 0.453125 0.515625
vt 0.468750 0.515625
vt 0.468750 0.531250
vt 0.453125 0.531250
vt 0.484375 0.515625
vt 0.500000 0.515625
vt 0.500000 0.531250
vt 0.484375 0.531250
vt 0.390625 0.546875
vt 0.406250 0.546875
vt 0.406250 0.562500
vt 0.390625 0.562500
vt 0.390625 0.515625
vt 0.406250 0.515625
vt 0.406250 0.531250
vt 0.390625 0.531250
vt 0.421875 0.515625
vt 0.437500 0.515625
vt 0.437500 0.531250
vt 0.421875 0.531250
vt 0.390625 0.609375
vt 0.406250 0.609375
vt 0.406250 0.625000
vt 0.390625 0.625000
vt 0.390625 0.578125
vt 0.406250 0.578125
vt 0.406250 0.593750
vt 0.390625 0.593750
vt 0.421875 0.578125
vt 0.437500 0.578125
vt 0.437500 0.593750
vt 0.421875 0.593750
vt 0.078125 0.671875
vt 0.093750 0.671875
vt 0.093750 0.687500
vt 0.078125 0.687500
vt 0.078125 0.640625
vt 0.093750 0.640625
vt 0.093750 0.656250
vt 0.078125 0.656250
vt 0.109375 0.640625
vt 0.125000 0.640625
vt 0.125000 0.656250
vt 0.109375 0.656250
vt 0.015625 0.671875
vt 0.031250 0.671875
vt 0.031250 0.687500
vt 0.015625 0.687500
vt 0.015625 0.640625
vt 0.031250 0.640625
vt 0.031250 0.656250
vt 0.015625 0.656250
vt 0.046875 0.640625
vt 0.062500 0.640625
vt 0.062500 0.656250
vt 0.046875 0.656250
vt 0.015625 0.734375
vt 0.031250 0.734375
vt 0.031250 0.750000
vt 0.015625 0.750000
vt 0.015625 0.703125
vt 0.031250 0.703125
vt 0.031250 0.718750
vt 0.015625 0.718750
vt 0.046875 0.703125
vt 0.062500 0.703125
vt 0.062500 0.718750
vt 0.046875 0.718750
vt 0.078125 0.546875
vt 0.093750 0.546875
vt 0.093750 0.562500
vt 0.078125 0.562500
vt 0.078125 0.515625
vt 0.093750 0.515625
vt 0.093750 0.531250
vt 0.078125 0.531250
vt 0.109375 0.515625
vt 0.125000 0.515625
vt 0.125000 0.531250
vt 0.109375 0.531250
vt 0.015625 0.546875
vt 0.031250 0.546875
vt 0.031250 0.562500
vt 0.015625 0.562500
vt 0.015625 0.515625
vt 0.031250 0.515625
vt 0.031250 0.531250
vt 0.015625 0.531250
vt 0.046875 0.515625
vt 0.062500 0.515625
vt 0.062500 0.531250
vt 0.046875 0.531250
vt 0.015625 0.609375
vt 0.031250 0.609375
vt 0.031250 0.625000
vt 0.015625 0.625000
vt 0.015625 0.578125
vt 0.031250 0.578125
vt 0.031250 0.593750
vt 0.015625 0.593750
vt 0.046875 0.578125
vt 0.062500 0.578125
vt 0.062500 0.593750
vt 0.046875 0.593750
vt 0.203125 0.546875
vt 0.218750 0.546875
vt 0.218750 0.562500
vt 0.203125 0.562500
vt 0.203125 0.515625
vt 0.218750 0.515625
vt 0.218750 0.531250
vt 0.203125 0.531250
vt 0.234375 0.515625
vt 0.250000 0.515625
vt 0.250000 0.531250
vt 0.234375 0.531250
vt 0.140625 0.546875
vt 0.156250 0.546875
vt 0.156250 0.562500
vt 0.140625 0.562500
vt 0.140625 0.515625
vt 0.156250 0.515625
vt 0.156250 0.531250
vt 0.140625 0.531250
vt 0.171875 0.515625
vt 0.187500 0.515625
vt 0.187500 0.531250
vt 0.171875 0.531250
vt 0.140625 0.609375
vt 0.156250 0.609375
vt 0.156250 0.625000
vt 0.140625 0.625000
vt 0.140625 0.578125
vt 0.156250 0.578125
vt 0.156250 0.593750
vt 0.140625 0.593750
vt 0.171875 0.578125
vt 0.187500 0.578125
vt 0.187500 0.593750
vt 0.171875 0.593750
vt 0.078125 0.921875
vt 0.093750 0.921875
vt 0.093750 0.937500
vt 0.078125 0.937500
vt 0.078125 0.890625
vt 0.093750 0.890625
vt 0.093750 0.906250
vt 0.078125 0.906250
vt 0.109375 0.890625
vt 0.125000 0.890625
vt 0.125000 0.906250
vt 0.109375 0.906250
vt 0.015625 0.921875
vt 0.031250 0.921875
vt 0.031250 0.937500
vt 0.015625 0.937500
vt 0.015625 0.890625
vt 0.031250 0.890625
vt 0.031250 0.906250
vt 0.015625 0.906250
vt 0.046875 0.890625
vt 0.062500 0.890625
vt 0.062500 0.906250
vt 0.046875 0.906250
vt 0.015625 0.984375
vt 0.031250 0.984375
vt 0.031250 1.000000
vt 0.015625 1.000000
vt 0.015625 0.953125
vt 0.031250 0.953125
vt 0.031250 0.968750
vt 0.015625 0.968750
vt 0.046875 0.953125
vt 0.062500 0.953125
vt 0.062500 0.968750
vt 0.046875 0.968750
vt 0.078125 0.796875
vt 0.093750 0.796875
vt 0.093750 0.812500
vt 0.078125 0.812500
vt 0.078125 0.765625
vt 0.093750 0.765625
vt 0.093750 0.781250
vt 0.078125 0.781250
vt 0.109375 0.765625
vt 0.125000 0.765625
vt 0.125000 0.781250
vt 0.109375 0.781250
vt 0.015625 0.796875
vt 0.031250 0.796875
vt 0.031250 0.812500
vt 0.015625 0.812500
vt 0.015625 0.765625
vt 0.031250 0.765625
vt 0.031250 0.781250
vt 0.015625 0.781250
vt 0.046875 0.765625
vt 0.062500 0.765625
vt 0.062500 0.781250
vt 0.046875 0.781250
vt 0.015625 0.859375
vt 0.031250 0.859375
vt 0.031250 0.875000
vt 0.015625 0.875000
vt 0.015625 0.828125
vt 0.031250 0.828125
vt 0.031250 0.843750
vt 0.015625 0.843750
vt 0.046875 0.828125
vt 0.062500 0.828125
vt 0.062500 0.843750
vt 0.046875 0.843750
vt 0.203125 0.796875
vt 0.218750 0.796875
vt 0.218750 0.812500
vt 0.203125 0.812500
vt 0.203125 0.765625
vt 0.218750 0.765625
vt 0.218750 0.781250
vt 0.203125 0.781250
vt 0.234375 0.765625
vt 0.250000 0.765625
vt 0.250000 0.781250
vt 0.234375 0.781250
vt 0.140625 0.796875
vt 0.156250 0.796875
vt 0.156250 0.812500
vt 0.140625 0.812500
vt 0.140625 0.765625
vt 0.156250 0.765625
vt 0.156250 0.781250
vt 0.140625 0.781250
vt 0.171875 0.765625
vt 0.187500 0.765625
vt 0.187500 0.781250
vt 0.171875 0.781250
vt 0.140625 0.859375
vt 0.156250 0.859375
vt 0.156250 0.875000
vt 0.140625 0.875000
vt 0.140625 0.828125
vt 0.156250 0.828125
vt 0.156250 0.843750
vt 0.140625 0.843750
vt 0.171875 0.828125
vt 0.187500 0.828125
vt 0.187500 0.843750
vt 0.171875 0.843750
vt 0.328125 0.171875
vt 0.343750 0.171875
vt 0.343750 0.187500
vt 0.328125 0.187500
vt 0.328125 0.140625
vt 0.343750 0.140625
vt 0.343750 0.156250
vt 0.328125 0.156250
vt 0.359375 0.140625
vt 0.375000 0.140625
vt 0.375000 0.156250
vt 0.359375 0.156250
vt 0.265625 0.171875
vt 0.281250 0.171875
vt 0.281250 0.187500
vt 0.265625 0.187500
vt 0.265625 0.140625
vt 0.281250 0.140625
vt 0.281250 0.156250
vt 0.265625 0.156250
vt 0.296875 0.140625
vt 0.312500 0.140625
vt 0.312500 0.156250
vt 0.296875 0.156250
vt 0.265625 0.234375
vt 0.281250 0.234375
vt 0.281250 0.250000
vt 0.265625 0.250000
vt 0.265625 0.203125
vt 0.281250 0.203125
vt 0.281250 0.218750
vt 0.265625 0.218750
vt 0.296875 0.203125
vt 0.312500 0.203125
vt 0.312500 0.218750
vt 0.296875 0.218750
vt 0.328125 0.046875
vt 0.343750 0.046875
vt 0.343750 0.062500
vt 0.328125 0.062500
vt 0.328125 0.015625
vt 0.343750 0.015625
vt 0.343750 0.031250
vt 0.328125 0.031250
vt 0.359375 0.015625
vt 0.375000 0.015625
vt 0.375000 0.031250
vt 0.359375 0.031250
vt 0.265625 0.046875
vt 0.281250 0.046875
vt 0.281250 0.062500
vt 0.265625 0.062500
vt 0.265625 0.015625
vt 0.281250 0.015625
vt 0.281250 0.031250
vt 0.265625 0.031250
vt 0.296875 0.015625
vt 0.312500 0.015625
vt 0.312500 0.031250
vt 0.296875 0.031250
vt 0.265625 0.109375
vt 0.281250 0.109375
vt 0.281250 0.125000
vt 0.265625 0.125000
vt 0.265625 0.078125
vt 0.281250 0.078125
vt 0.281250 0.093750
vt 0.265625 0.093750
vt 0.296875 0.078125
vt 0.312500 0.078125
vt 0.312500 0.093750
vt 0.296875 0.093750
vt 0.453125 0.046875
vt 0.468750 0.046875
vt 0.468750 0.062500
vt 0.453125 0.062500
vt 0.453125 0.015625
vt 0.468750 0.015625
vt 0.468750 0.031250
vt 0.453125 0.031250
vt 0.484375 0.015625
vt 0.500000 0.015625
vt 0.500000 0.031250
vt 0.484375 0.031250
vt 0.390625 0.046875
vt 0.406250 0.046875
vt 0.406250 0.062500
vt 0.390625 0.062500
vt 0.390625 0.015625
vt 0.406250 0.015625
vt 0.406250 0.031250
vt 0.390625 0.031250
vt 0.421875 0.015625
vt 0.437500 0.015625
vt 0.437500 0.031250
vt 0.421875 0.031250
vt 0.390625 0.109375
vt 0.406250 0.109375
vt 0.406250 0.125000
vt 0.390625 0.125000
vt 0.390625 0.078125
vt 0.406250 0.078125
vt 0.406250 0.093750
vt 0.390625 0.093750
vt 0.421875 0.078125
vt 0.437500 0.078125
vt 0.437500 0.093750
vt 0.421875 0.093750
vt 0.078125 0.171875
vt 0.093750 0.171875
vt 0.093750 0.187500
vt 0.078125 0.187500
vt 0.078125 0.140625
vt 0.093750 0.140625
vt 0.093750 0.156250
vt 0.078125 0.156250
vt 0.109375 0.140625
vt 0.125000 0.140625
vt 0.125000 0.156250
vt 0.109375 0.156250
vt 0.015625 0.171875
vt 0.031250 0.171875
vt 0.031250 0.187500
vt 0.015625 0.187500
vt 0.015625 0.140625
vt 0.031250 0.140625
vt 0.031250 0.156250
vt 0.015625 0.156250
vt 0.046875 0.140625
vt 0.062500 0.140625
vt 0.062500 0.156250
vt 0.046875 0.156250
vt 0.015625 0.234375
vt 0.031250 0.234375
vt 0.031250 0.250000
vt 0.015625 0.250000
vt 0.015625 0.203125
vt 0.031250 0.203125
vt 0.031250 0.218750
vt 0.015625 0.218750
vt 0.046875 0.203125
vt 0.062500 0.203125
vt 0.062500 0.218750
vt 0.046875 0.218750
vt 0.078125 0.046875
vt 0.093750 0.046875
vt 0.093750 0.062500
vt 0.078125 0.062500
vt 0.078125 0.015625
vt 0.093750 0.015625
vt 0.093750 0.031250
vt 0.078125 0.031250
vt 0.109375 0.015625
vt 0.125000 0.015625
vt 0.125000 0.031250
vt 0.109375 0.031250
vt 0.015625 0.046875
vt 0.031250 0.046875
vt 0.031250 0.062500
vt 0.015625 0.062500
vt 0.015625 0.015625
vt 0.031250 0.015625
vt 0.031250 0.031250
vt 0.015625 0.031250
vt 0.046875 0.015625
vt 0.062500 0.015625
vt 0.062500 0.031250
vt 0.046875 0.031250
vt 0.015625 0.109375
vt 0.031250 0.109375
vt 0.031250 0.125000
vt 0.015625 0.125000
vt 0.015625 0.078125
vt 0.031250 0.078125
vt 0.031250 0.093750
vt 0.015625 0.093750
vt 0.046875 0.078125
vt 0.062500 0.078125
vt 0.062500 0.093750
vt 0.046875 0.093750
vt 0.203125 0.046875
vt 0.218750 0.046875
vt 0.218750 0.062500
vt 0.203125 0.062500
vt 0.203125 0.015625
vt 0.218750 0.015625
vt 0.218750 0.031250
vt 0.203125 0.031250
vt 0.234375 0.015625
vt 0.250000 0.015625
vt 0.250000 0.031250
vt 0.234375 0.031250
vt 0.140625 0.046875
vt 0.156250 0.046875
vt 0.156250 0.062500
vt 0.140625 0.062500
vt 0.140625 0.015625
vt 0.156250 0.015625
vt 0.156250 0.031250
vt 0.140625 0.031250
vt 0.171875 0.015625
vt 0.187500 0.015625
vt 0.187500 0.031250
vt 0.171875 0.031250
vt 0.140625 0.109375
vt 0.156250 0.109375
vt 0.156250 0.125000
vt 0.140625 0.125000
vt 0.140625 0.078125
vt 0.156250 0.078125
vt 0.156250 0.093750
vt 0.140625 0.093750
vt 0.171875 0.078125
vt 0.187500 0.078125
vt 0.187500 0.093750
vt 0.171875 0.093750
vt 0.078125 0.421875
vt 0.093750 0.421875
vt 0.093750 0.437500
vt 0.078125 0.437500
vt 0.078125 0.390625
vt 0.093750 0.390625
vt 0.093750 0.406250
vt 0.078125 0.406250
vt 0.109375 0.390625
vt 0.125000 0.390625
vt 0.125000 0.406250
vt 0.109375 0.406250
vt 0.015625 0.421875
vt 0.031250 0.421875
vt 0.031250 0.437500
vt 0.015625 0.437500
vt 0.015625 0.390625
vt 0.031250 0.390625
vt 0.031250 0.406250
vt 0.015625 0.406250
vt 0.046875 0.390625
vt 0.062500 0.390625
vt 0.062500 0.406250
vt 0.046875 0.406250
vt 0.015625 0.484375
vt 0.031250 0.484375
vt 0.031250 0.500000
vt 0.015625 0.500000
vt 0.015625 0.453125
vt 0.031250 0.453125
vt 0.031250 0.468750
vt 0.015625 0.468750
vt 0.046875 0.453125
vt 0.062500 0.453125
vt 0.062500 0.468750
vt 0.046875 0.468750
vt 0.078125 0.296875
vt 0.093750 0.296875
vt 0.093750 0.312500
vt 0.078125 0.312500
vt 0.078125 0.265625
vt 0.093750 0.265625
vt 0.093750 0.281250
vt 0.078125 0.281250
vt 0.109375 0.265625
vt 0.125000 0.265625
vt 0.125000 0.281250
vt 0.109375 0.281250
vt 0.015625 0.296875
vt 0.031250 0.296875
vt 0.031250 0.312500
vt 0.015625 0.312500
vt 0.015625 0.265625
vt 0.031250 0.265625
vt 0.031250 0.281250
vt 0.015625 0.281250
vt 0.046875 0.265625
vt 0.062500 0.265625
vt 0.062500 0.281250
vt 0.046875 0.281250
vt 0.015625 0.359375
vt 0.031250 0.359375
vt 0.031250 0.375000
vt 0.015625 0.375000
vt 0.015625 0.328125
vt 0.031250 0.328125
vt 0.031250 0.343750
vt 0.015625 0.343750
vt 0.046875 0.328125
vt 0.062500 0.328125
vt 0.062500 0.343750
vt 0.046875 0.343750
vt 0.203125 0.296875
vt 0.218750 0.296875
vt 0.218750 0.312500
vt 0.203125 0.312500
vt 0.203125 0.265625
vt 0.218750 0.265625
vt 0.218750 0.281250
vt 0.203125 0.281250
vt 0.234375 0.265625
vt 0.250000 0.265625
vt 0.250000 0.281250
vt 0.234375 0.281250
vt 0.140625 0.296875
vt 0.156250 0.296875
vt 0.156250 0.312500
vt 0.140625 0.312500
vt 0.140625 0.265625
vt 0.156250 0.265625
vt 0.156250 0.281250
vt 0.140625 0.281250
vt 0.171875 0.265625
vt 0.187500 0.265625
vt 0.187500 0.281250
vt 0.171875 0.281250
vt 0.140625 0.359375
vt 0.156250 0.359375
vt 0.156250 0.375000
vt 0.140625 0.375000
vt 0.140625 0.328125
vt 0.156250 0.328125
vt 0.156250 0.343750
vt 0.140625 0.343750
vt 0.171875 0.328125
vt 0.187500 0.328125
vt 0.187500 0.343750
vt 0.171875 0.343750
vt 0.828125 0.171875
vt 0.843750 0.171875
vt 0.843750 0.187500
vt 0.828125 0.187500
vt 0.828125 0.140625
vt 0.843750 0.140625
vt 0.843750 0.156250
vt 0.828125 0.156250
vt 0.859375 0.140625
vt 0.875000 0.140625
vt 0.875000 0.156250
vt 0.859375 0.156250
vt 0.765625 0.171875
vt 0.781250 0.171875
vt 0.781250 0.187500
vt 0.765625 0.187500
vt 0.765625 0.140625
vt 0.781250 0.140625
vt 0.781250 0.156250
vt 0.765625 0.156250
vt 0.796875 0.140625
vt 0.812500 0.140625
vt 0.812500 0.156250
vt 0.796875 0.156250
vt 0.765625 0.234375
vt 0.781250 0.234375
vt 0.781250 0.250000
vt 0.765625 0.250000
vt 0.765625 0.203125
vt 0.781250 0.203125
vt 0.781250 0.218750
vt 0.765625 0.218750
vt 0.796875 0.203125
vt 0.812500 0.203125
vt 0.812500 0.218750
vt 0.796875 0.218750
vt 0.828125 0.046875
vt 0.843750 0.046875
vt 0.843750 0.062500
vt 0.828125 0.062500
vt 0.828125 0.015625
vt 0.843750 0.015625
vt 0.843750 0.031250
vt 0.828125 0.031250
vt 0.859375 0.015625
vt 0.875000 0.015625
vt 0.875000 0.031250
vt 0.859375 0.031250
vt 0.765625 0.046875
vt 0.781250 0.046875
vt 0.781250 0.062500
vt 0.765625 0.062500
vt 0.765625 0.015625
vt 0.781250 0.015625
vt 0.781250 0.031250
vt 0.765625 0.031250
vt 0.796875 0.015625
vt 0.812500 0.015625
vt 0.812500 0.031250
vt 0.796875 0.031250
vt 0.765625 0.109375
vt 0.781250 0.109375
vt 0.781250 0.125000
vt 0.765625 0.125000
vt 0.765625 0.078125
vt 0.781250 0.078125
vt 0.781250 0.093750
vt 0.765625 0.093750
vt 0.796875 0.078125
vt 0.812500 0.078125
vt 0.812500 0.093750
vt 0.796875 0.093750
vt 0.953125 0.046875
vt 0.968750 0.046875
vt 0.968750 0.062500
vt 0.953125 0.062500
vt 0.953125 0.015625
vt 0.968750 0.015625
vt 0.968750 0.031250
vt 0.953125 0.031250
vt 0.984375 0.015625
vt 1.000000 0.015625
vt 1.000000 0.031250
vt 0.984375 0.031250
vt 0.890625 0.046875
vt 0.906250 0.046875
vt 0.906250 0.062500
vt 0.890625 0.062500
vt 0.890625 0.015625
vt 0.906250 0.015625
vt 0.906250 0.031250
vt 0.890625 0.031250
vt 0.921875 0.015625
vt 0.937500 0.015625
vt 0.937500 0.031250
vt 0.921875 0.031250
vt 0.890625 0.109375
vt 0.906250 0.109375
vt 0.906250 0.125000
vt 0.890625 0.125000
vt 0.890625 0.078125
vt 0.906250 0.078125
vt 0.906250 0.093750
vt 0.890625 0.093750
vt 0.921875 0.078125
vt 0.937500 0.078125
vt 0.937500 0.093750
vt 0.921875 0.093750
vt 0.578125 0.171875
vt 0.593750 0.171875
vt 0.593750 0.187500
vt 0.578125 0.187500
vt 0.578125 0.140625
vt 0.593750 0.140625
vt 0.593750 0.156250
vt 0.578125 0.156250
vt 0.609375 0.140625
vt 0.625000 0.140625
vt 0.625000 0.156250
vt 0.609375 0.156250
vt 0.515625 0.171875
vt 0.531250 0.171875
vt 0.531250 0.187500
vt 0.515625 0.187500
vt 0.515625 0.140625
vt 0.531250 0.140625
vt 0.531250 0.156250
vt 0.515625 0.156250
vt 0.546875 0.140625
vt 0.562500 0.140625
vt 0.562500 0.156250
vt 0.546875 0.156250
vt 0.515625 0.234375
vt 0.531250 0.234375
vt 0.531250 0.250000
vt 0.515625 0.250000
vt 0.515625 0.203125
vt 0.531250 0.203125
vt 0.531250 0.218750
vt 0.515625 0.218750
vt 0.546875 0.203125
vt 0.562500 0.203125
vt 0.562500 0.218750
vt 0.546875 0.218750
vt 0.578125 0.046875
vt 0.593750 0.046875
vt 0.593750 0.062500
vt 0.578125 0.062500
vt 0.578125 0.015625
vt 0.593750 0.015625
vt 0.593750 0.031250
vt 0.578125 0.031250
vt 0.609375 0.015625
vt 0.625000 0.015625
vt 0.625000 0.031250
vt 0.609375 0.031250
vt 0.515625 0.046875
vt 0.531250 0.046875
vt 0.531250 0.062500
vt 0.515625 0.062500
vt 0.515625 0.015625
vt 0.531250 0.015625
vt 0.531250 0.031250
vt 0.515625 0.031250
vt 0.546875 0.015625
vt 0.562500 0.015625
vt 0.562500 0.031250
vt 0.546875 0.031250
vt 0.515625 0.109375
vt 0.531250 0.109375
vt 0.531250 0.125000
vt 0.515625 0.125000
vt 0.515625 0.078125
vt 0.531250 0.078125
vt 0.531250 0.093750
vt 0.515625 0.093750
vt 0.546875 0.078125
vt 0.562500 0.078125
vt 0.562500 0.093750
vt 0.546875 0.093750
vt 0.703125 0.046875
vt 0.718750 0.046875
vt 0.718750 0.062500
vt 0.703125 0.062500
vt 0.703125 0.015625
vt 0.718750 0.015625
vt 0.718750 0.031250
vt 0.703125 0.031250
vt 0.734375 0.015625
vt 0.750000 0.015625
vt 0.750000 0.031250
vt 0.734375 0.031250
vt 0.640625 0.046875
vt 0.656250 0.046875
vt 0.656250 0.062500
vt 0.640625 0.062500
vt 0.640625 0.015625
vt 0.656250 0.015625
vt 0.656250 0.031250
vt 0.640625 0.031250
vt 0.671875 0.015625
vt 0.687500 0.015625
vt 0.687500 0.031250
vt 0.671875 0.031250
vt 0.640625 0.109375
vt 0.656250 0.109375
vt 0.656250 0.125000
vt 0.640625 0.125000
vt 0.640625 0.078125
vt 0.656250 0.078125
vt 0.656250 0.093750
vt 0.640625 0.093750
vt 0.671875 0.078125
vt 0.687500 0.078125
vt 0.687500 0.093750
vt 0.671875 0.093750
vt 0.578125 0.421875
vt 0.593750 0.421875
vt 0.593750 0.437500
vt 0.578125 0.437500
vt 0.578125 0.390625
vt 0.593750 0.390625
vt 0.593750 0.406250
vt 0.578125 0.406250
vt 0.609375 0.390625
vt 0.625000 0.390625
vt 0.625000 0.406250
vt 0.609375 0.406250
vt 0.515625 0.421875
vt 0.531250 0.421875
vt 0.531250 0.437500
vt 0.515625 0.437500
vt 0.515625 0.390625
vt 0.531250 0.390625
vt 0.531250 0.406250
vt 0.515625 0.406250
vt 0.546875 0.390625
vt 0.562500 0.390625
vt 0.562500 0.406250
vt 0.546875 0.406250
vt 0.515625 0.484375
vt 0.531250 0.484375
vt 0.531250 0.500000
vt 0.515625 0.500000
vt 0.515625 0.453125
vt 0.531250 0.453125
vt 0.531250 0.468750
vt 0.515625 0.468750
vt 0.546875 0.453125
vt 0.562500 0.453125
vt 0.562500 0.468750
vt 0.546875 0.468750
vt 0.578125 0.296875
vt 0.593750 0.296875
vt 0.593750 0.312500
vt 0.578125 0.312500
vt 0.578125 0.265625
vt 0.593750 0.265625
vt 0.593750 0.281250
vt 0.578125 0.281250
vt 0.609375 0.265625
vt 0.625000 0.265625
vt 0.625000 0.281250
vt 0.609375 0.281250
vt 0.515625 0.296875
vt 0.531250 0.296875
vt 0.531250 0.312500
vt 0.515625 0.312500
vt 0.515625 0.265625
vt 0.531250 0.265625
vt 0.531250 0.281250
vt 0.515625 0.281250
vt 0.546875 0.265625
vt 0.562500 0.265625
vt 0.562500 0.281250
vt 0.546875 0.281250
vt 0.515625 0.359375
vt 0.531250 0.359375
vt 0.531250 0.375000
vt 0.515625 0.375000
vt 0.515625 0.328125
vt 0.531250 0.328125
vt 0.531250 0.343750
vt 0.515625 0.343750
vt 0.546875 0.328125
vt 0.562500 0.328125
vt 0.562500 0.343750
vt 0.546875 0.343750
vt 0.703125 0.296875
vt 0.718750 0.296875
vt 0.718750 0.312500
vt 0.703125 0.312500
vt 0.703125 0.265625
vt 0.718750 0.265625
vt 0.718750 0.281250
vt 0.703125 0.281250
vt 0.734375 0.265625
vt 0.750000 0.265625
vt 0.750000 0.281250
vt 0.734375 0.281250
vt 0.640625 0.296875
vt 0.656250 0.296875
vt 0.656250 0.312500
vt 0.640625 0.312500
vt 0.640625 0.265625
vt 0.656250 0.265625
vt 0.656250 0.281250
vt 0.640625 0.281250
vt 0.671875 0.265625
vt 0.687500 0.265625
vt 0.687500 0.281250
vt 0.671875 0.281250
vt 0.640625 0.359375
vt 0.656250 0.359375
vt 0.656250 0.375000
vt 0.640625 0.375000
vt 0.640625 0.328125
vt 0.656250 0.328125
vt 0.656250 0.343750
vt 0.640625 0.343750
vt 0.671875 0.328125
vt 0.687500 0.328125
vt 0.687500 0.343750
vt 0.671875 0.343750
vt 0.828125 0.421875
vt 0.843750 0.421875
vt 0.843750 0.437500
vt 0.828125 0.437500
vt 0.828125 0.390625
vt 0.843750 0.390625
vt 0.843750 0.406250
vt 0.828125 0.406250
vt 0.859375 0.390625
vt 0.875000 0.390625
vt 0.875000 0.406250
vt 0.859375 0.406250
vt 0.765625 0.421875
vt 0.781250 0.421875
vt 0.781250 0.437500
vt 0.765625 0.437500
vt 0.765625 0.390625
vt 0.781250 0.390625
vt 0.781250 0.406250
vt 0.765625 0.406250
vt 0.796875 0.390625
vt 0.812500 0.390625
vt 0.812500 0.406250
vt 0.796875 0.406250
vt 0.765625 0.484375
vt 0.781250 0.484375
vt 0.781250 0.500000
vt 0.765625 0.500000
vt 0.765625 0.453125
vt 0.781250 0.453125
vt 0.781250 0.468750
vt 0.765625 0.468750
vt 0.796875 0.453125
vt 0.812500 0.453125
vt 0.812500 0.468750
vt 0.796875 0.468750
vt 0.828125 0.296875
vt 0.843750 0.296875
vt 0.843750 0.312500
vt 0.828125 0.312500
vt 0.828125 0.265625
vt 0.843750 0.265625
vt 0.843750 0.281250
vt 0.828125 0.281250
vt 0.859375 0.265625
vt 0.875000 0.265625
vt 0.875000 0.281250
vt 0.859375 0.281250
vt 0.765625 0.296875
vt 0.781250 0.296875
vt 0.781250 0.312500
vt 0.765625 0.312500
vt 0.765625 0.265625
vt 0.781250 0.265625
vt 0.781250 0.281250
vt 0.765625 0.281250
vt 0.796875 0.265625
vt 0.812500 0.265625
vt 0.812500 0.281250
vt 0.796875 0.281250
vt 0.765625 0.359375
vt 0.781250 0.359375
vt 0.781250 0.375000
vt 0.765625 0.375000
vt 0.765625 0.328125
vt 0.781250 0.328125
vt 0.781250 0.343750
vt 0.765625 0.343750
vt 0.796875 0.328125
vt 0.812500 0.328125
vt 0.812500 0.343750
vt 0.796875 0.343750
vt 0.953125 0.296875
vt 0.968750 0.296875
vt 0.968750 0.312500
vt 0.953125 0.312500
vt 0.953125 0.265625
vt 0.968750 0.265625
vt 0.968750 0.281250
vt 0.953125 0.281250
vt 0.984375 0.265625
vt 1.000000 0.265625
vt 1.000000 0.281250
vt 0.984375 0.281250
vt 0.890625 0.296875
vt 0.906250 0.296875
vt 0.906250 0.312500
vt 0.890625 0.312500
vt 0.890625 0.265625
vt 0.906250 0.265625
vt 0.906250 0.281250
vt 0.890625 0.281250
vt 0.921875 0.265625
vt 0.937500 0.265625
vt 0.937500 0.281250
vt 0.921875 0.281250
vt 0.890625 0.359375
vt 0.906250 0.359375
vt 0.906250 0.375000
vt 0.890625 0.375000
vt 0.890625 0.328125
vt 0.906250 0.328125
vt 0.906250 0.343750
vt 0.890625 0.343750
vt 0.921875 0.328125
vt 0.937500 0.328125
vt 0.937500 0.343750
vt 0.921875 0.343750
vt 0.328125 0.421875
vt 0.343750 0.421875
vt 0.343750 0.437500
vt 0.328125 0.437500
vt 0.328125 0.390625
vt 0.343750 0.390625
vt 0.343750 0.406250
vt 0.328125 0.406250
vt 0.359375 0.390625
vt 0.375000 0.390625
vt 0.375000 0.406250
vt 0.359375 0.406250
vt 0.265625 0.421875
vt 0.281250 0.421875
vt 0.281250 0.437500
vt 0.265625 0.437500
vt 0.265625 0.390625
vt 0.281250 0.390625
vt 0.281250 0.406250
vt 0.265625 0.406250
vt 0.296875 0.390625
vt 0.312500 0.390625
vt 0.312500 0.406250
vt 0.296875 0.406250
vt 0.265625 0.484375
vt 0.281250 0.484375
vt 0.281250 0.500000
vt 0.265625 0.500000
vt 0.265625 0.453125
vt 0.281250 0.453125
vt 0.281250 0.468750
vt 0.265625 0.468750
vt 0.296875 0.453125
vt 0.312500 0.453125
vt 0.312500 0.468750
vt 0.296875 0.468750
vt 0.328125 0.296875
vt 0.343750 0.296875
vt 0.343750 0.312500
vt 0.328125 0.312500
vt 0.328125 0.265625
vt 0.343750 0.265625
vt 0.343750 0.281250
vt 0.328125 0.281250
vt 0.359375 0.265625
vt 0.375000 0.265625
vt 0.375000 0.281250
vt 0.359375 0.281250
vt 0.265625 0.296875
vt 0.281250 0.296875
vt 0.281250 0.312500
vt 0.265625 0.312500
vt 0.265625 0.265625
vt 0.281250 0.265625
vt 0.281250 0.281250
vt 0.265625 0.281250
vt 0.296875 0.265625
vt 0.312500 0.265625
vt 0.312500 0.281250
vt 0.296875 0.281250
vt 0.265625 0.359375
vt 0.281250 0.359375
vt 0.281250 0.375000
vt 0.265625 0.375000
vt 0.265625 0.328125
vt 0.281250 0.328125
vt 0.281250 0.343750
vt 0.265625 0.343750
vt 0.296875 0.328125
vt 0.312500 0.328125
vt 0.312500 0.343750
vt 0.296875 0.343750
vt 0.453125 0.296875
vt 0.468750 0.296875
vt 0.468750 0.312500
vt 0.453125 0.312500
vt 0.453125 0.265625
vt 0.468750 0.265625
vt 0.468750 0.281250
vt 0.453125 0.281250
vt 0.484375 0.265625
vt 0.500000 0.265625
vt 0.500000 0.281250
vt 0.484375 0.281250
vt 0.390625 0.296875
vt 0.406250 0.296875
vt 0.406250 0.312500
vt 0.390625 0.312500
vt 0.390625 0.265625
vt 0.406250 0.265625
vt 0.406250 0.281250
vt 0.390625 0.281250
vt 0.421875 0.265625
vt 0.437500 0.265625
vt 0.437500 0.281250
vt 0.421875 0.281250
vt 0.390625 0.359375
vt 0.406250 0.359375
vt 0.406250 0.375000
vt 0.390625 0.375000
vt 0.390625 0.328125
vt 0.406250 0.328125
vt 0.406250 0.343750
vt 0.390625 0.343750
vt 0.421875 0.328125
vt 0.437500 0.328125
vt 0.437500 0.343750
vt 0.421875 0.343750
vt 0.328125 0.921875
vt 0.343750 0.921875
vt 0.343750 0.937500
vt 0.328125 0.937500
vt 0.328125 0.890625
vt 0.343750 0.890625
vt 0.343750 0.906250
vt 0.328125 0.906250
vt 0.359375 0.890625
vt 0.375000 0.890625
vt 0.375000 0.906250
vt 0.359375 0.906250
vt 0.265625 0.921875
vt 0.281250 0.921875
vt 0.281250 0.937500
vt 0.265625 0.937500
vt 0.265625 0.890625
vt 0.281250 0.890625
vt 0.281250 0.906250
vt 0.265625 0.906250
vt 0.296875 0.890625
vt 0.312500 0.890625
vt 0.312500 0.906250
vt 0.296875 0.906250
vt 0.265625 0.984375
vt 0.281250 0.984375
vt 0.281250 1.000000
vt 0.265625 1.000000
vt 0.265625 0.953125
vt 0.281250 0.953125
vt 0.281250 0.968750
vt 0.265625 0.968750
vt 0.296875 0.953125
vt 0.312500 0.953125
vt 0.312500 0.968750
vt 0.296875 0.968750
vt 0.328125 0.796875
vt 0.343750 0.796875
vt 0.343750 0.812500
vt 0.328125 0.812500
vt 0.328125 0.765625
vt 0.343750 0.765625
vt 0.343750 0.781250
vt 0.328125 0.781250
vt 0.359375 0.765625
vt 0.375000 0.765625
vt 0.375000 0.781250
vt 0.359375 0.781250
vt 0.265625 0.796875
vt 0.281250 0.796875
vt 0.281250 0.812500
vt 0.265625 0.812500
vt 0.265625 0.765625
vt 0.281250 0.765625
vt 0.281250 0.781250
vt 0.265625 0.781250
vt 0.296875 0.765625
vt 0.312500 0.765625
vt 0.312500 0.781250
vt 0.296875 0.781250
vt 0.265625 0.859375
vt 0.281250 0.859375
vt 0.281250 0.875000
vt 0.265625 0.875000
vt 0.265625 0.828125
vt 0.281250 0.828125
vt 0.281250 0.843750
vt 0.265625 0.843750
vt 0.296875 0.828125
vt 0.312500 0.828125
vt 0.312500 0.843750
vt 0.296875 0.843750
vt 0.453125 0.796875
vt 0.468750 0.796875
vt 0.468750 0.812500
vt 0.453125 0.812500
vt 0.453125 0.765625
vt 0.468750 0.765625
vt 0.468750 0.781250
vt 0.453125 0.781250
vt 0.484375 0.765625
vt 0.500000 0.765625
vt 0.500000 0.781250
vt 0.484375 0.781250
vt 0.390625 0.796875
vt 0.406250 0.796875
vt 0.406250 0.812500
vt 0.390625 0.812500
vt 0.390625 0.765625
vt 0.406250 0.765625
vt 0.406250 0.781250
vt 0.390625 0.781250
vt 0.421875 0.765625
vt 0.437500 0.765625
vt 0.437500 0.781250
vt 0.421875 0.781250
vt 0.390625 0.859375
vt 0.406250 0.859375
vt 0.406250 0.875000
vt 0.390625 0.875000
vt 0.390625 0.828125
vt 0.406250 0.828125
vt 0.406250 0.843750
vt 0.390625 0.843750
vt 0.421875 0.828125
vt 0.437500 0.828125
vt 0.437500 0.843750
vt 0.421875 0.843750
vt 0.828125 0.921875
vt 0.843750 0.921875
vt 0.843750 0.937500
vt 0.828125 0.937500
vt 0.828125 0.890625
vt 0.843750 0.890625
vt 0.843750 0.906250
vt 0.828125 0.906250
vt 0.859375 0.890625
vt 0.875000 0.890625
vt 0.875000 0.906250
vt 0.859375 0.906250
vt 0.765625 0.921875
vt 0.781250 0.921875
vt 0.781250 0.937500
vt 0.765625 0.937500
vt 0.765625 0.890625
vt 0.781250 0.890625
vt 0.781250 0.906250
vt 0.765625 0.906250
vt 0.796875 0.890625
vt 0.812500 0.890625
vt 0.812500 0.906250
vt 0.796875 0.906250
vt 0.765625 0.984375
vt 0.781250 0.984375
vt 0.781250 1.000000
vt 0.765625 1.000000
vt 0.765625 0.953125
vt 0.781250 0.953125
vt 0.781250 0.968750
vt 0.765625 0.968750
vt 0.796875 0.953125
vt 0.812500 0.953125
vt 0.812500 0.968750
vt 0.796875 0.968750
vt 0.828125 0.796875
vt 0.843750 0.796875
vt 0.843750 0.812500
vt 0.828125 0.812500
vt 0.828125 0.765625
vt 0.843750 0.765625
vt 0.843750 0.781250
vt 0.828125 0.781250
vt 0.859375 0.765625
vt 0.875000 0.765625
vt 0.875000 0.781250
vt 0.859375 0.781250
vt 0.765625 0.796875
vt 0.781250 0.796875
vt 0.781250 0.812500
vt 0.765625 0.812500
vt 0.765625 0.765625
vt 0.781250 0.765625
vt 0.781250 0.781250
vt 0.765625 0.781250
vt 0.796875 0.765625
vt 0.812500 0.765625
vt 0.812500 0.781250
vt 0.796875 0.781250
vt 0.765625 0.859375
vt 0.781250 0.859375
vt 0.781250 0.875000
vt 0.765625 0.875000
vt 0.765625 0.828125
vt 0.781250 0.828125
vt 0.781250 0.843750
vt 0.765625 0.843750
vt 0.796875 0.828125
vt 0.812500 0.828125
vt 0.812500 0.843750
vt 0.796875 0.843750
vt 0.953125 0.796875
vt 0.968750 0.796875
vt 0.968750 0.812500
vt 0.953125 0.812500
vt 0.953125 0.765625
vt 0.968750 0.765625
vt 0.968750 0.781250
vt 0.953125 0.781250
vt 0.984375 0.765625
vt 1.000000 0.765625
vt 1.000000 0.781250
vt 0.984375 0.781250
vt 0.890625 0.796875
vt 0.906250 0.796875
vt 0.906250 0.812500
vt 0.890625 0.812500
vt 0.890625 0.765625
vt 0.906250 0.765625
vt 0.906250 0.781250
vt 0.890625 0.781250
vt 0.921875 0.765625
vt 0.937500 0.765625
vt 0.937500 0.781250
vt 0.921875 0.781250
vt 0.890625 0.859375
vt 0.906250 0.859375
vt 0.906250 0.875000
vt 0.890625 0.875000
vt 0.890625 0.828125
vt 0.906250 0.828125
vt 0.906250 0.843750
vt 0.890625 0.843750
vt 0.921875 0.828125
vt 0.937500 0.828125
vt 0.937500 0.843750
vt 0.921875 0.843750
vt 0.953125 0.859375
vt 0.968750 0.859375
vt 0.968750 0.875000
vt 0.953125 0.875000
vt 0.953125 0.828125
vt 0.968750 0.828125
vt 0.968750 0.843750
vt 0.953125 0.843750
vt 0.984375 0.828125
vt 1.000000 0.828125
vt 1.000000 0.843750
vt 0.984375 0.843750
vt 0.828125 0.859375
vt 0.843750 0.859375
vt 0.843750 0.875000
vt 0.828125 0.875000
vt 0.828125 0.828125
vt 0.843750 0.828125
vt 0.843750 0.843750
vt 0.828125 0.843750
vt 0.859375 0.828125
vt 0.875000 0.828125
vt 0.875000 0.843750
vt 0.859375 0.843750
vt 0.828125 0.984375
vt 0.843750 0.984375
vt 0.843750 1.000000
vt 0.828125 1.000000
vt 0.828125 0.953125
vt 0.843750 0.953125
vt 0.843750 0.968750
vt 0.828125 0.968750
vt 0.859375 0.953125
vt 0.875000 0.953125
vt 0.875000 0.968750
vt 0.859375 0.968750
vt 0.453125 0.859375
vt 0.468750 0.859375
vt 0.468750 0.875000
vt 0.453125 0.875000
vt 0.453125 0.828125
vt 0.468750 0.828125
vt 0.468750 0.843750
vt 0.453125 0.843750
vt 0.484375 0.828125
vt 0.500000 0.828125
vt 0.500000 0.843750
vt 0.484375 0.843750
vt 0.328125 0.859375
vt 0.343750 0.859375
vt 0.343750 0.875000
vt 0.328125 0.875000
vt 0.328125 0.828125
vt 0.343750 0.828125
vt 0.343750 0.843750
vt 0.328125 0.843750
vt 0.359375 0.828125
vt 0.375000 0.828125
vt 0.375000 0.843750
vt 0.359375 0.843750
vt 0.328125 0.984375
vt 0.343750 0.984375
vt 0.343750 1.000000
vt 0.328125 1.000000
vt 0.328125 0.953125
vt 0.343750 0.953125
vt 0.343750 0.968750
vt 0.328125 0.968750
vt 0.359375 0.953125
vt 0.375000 0.953125
vt 0.375000 0.968750
vt 0.359375 0.968750
vt 0.453125 0.359375
vt 0.468750 0.359375
vt 0.468750 0.375000
vt 0.453125 0.375000
vt 0.453125 0.328125
vt 0.468750 0.328125
vt 0.468750 0.343750
vt 0.453125 0.343750
vt 0.484375 0.328125
vt 0.500000 0.328125
vt 0.500000 0.343750
vt 0.484375 0.343750
vt 0.328125 0.359375
vt 0.343750 0.359375
vt 0.343750 0.375000
vt 0.328125 0.375000
vt 0.328125 0.328125
vt 0.343750 0.328125
vt 0.343750 0.343750
vt 0.328125 0.343750
vt 0.359375 0.328125
vt 0.375000 0.328125
vt 0.375000 0.343750
vt 0.359375 0.343750
vt 0.328125 0.484375
vt 0.343750 0.484375
vt 0.343750 0.500000
vt 0.328125 0.500000
vt 0.328125 0.453125
vt 0.343750 0.453125
vt 0.343750 0.468750
vt 0.328125 0.468750
vt 0.359375 0.453125
vt 0.375000 0.453125
vt 0.375000 0.468750
vt 0.359375 0.468750
vt 0.953125 0.359375
vt 0.968750 0.359375
vt 0.968750 0.375000
vt 0.953125 0.375000
vt 0.953125 0.328125
vt 0.968750 0.328125
vt 0.968750 0.343750
vt 0.953125 0.343750
vt 0.984375 0.328125
vt 1.000000 0.328125
vt 1.000000 0.343750
vt 0.984375 0.343750
vt 0.828125 0.359375
vt 0.843750 0.359375
vt 0.843750 0.375000
vt 0.828125 0.375000
vt 0.828125 0.328125
vt 0.843750 0.328125
vt 0.843750 0.343750
vt 0.828125 0.343750
vt 0.859375 0.328125
vt 0.875000 0.328125
vt 0.875000 0.343750
vt 0.859375 0.343750
vt 0.828125 0.484375
vt 0.843750 0.484375
vt 0.843750 0.500000
vt 0.828125 0.500000
vt 0.828125 0.453125
vt 0.843750 0.453125
vt 0.843750 0.468750
vt 0.828125 0.468750
vt 0.859375 0.453125
vt 0.875000 0.453125
vt 0.875000 0.468750
vt 0.859375 0.468750
vt 0.703125 0.359375
vt 0.718750 0.359375
vt 0.718750 0.375000
vt 0.703125 0.375000
vt 0.703125 0.328125
vt 0.718750 0.328125
vt 0.718750 0.343750
vt 0.703125 0.343750
vt 0.734375 0.328125
vt 0.750000 0.328125
vt 0.750000 0.343750
vt 0.734375 0.343750
vt 0.578125 0.359375
vt 0.593750 0.359375
vt 0.593750 0.375000
vt 0.578125 0.375000
vt 0.578125 0.328125
vt 0.593750 0.328125
vt 0.593750 0.343750
vt 0.578125 0.343750
vt 0.609375 0.328125
vt 0.625000 0.328125
vt 0.625000 0.343750
vt 0.609375 0.343750
vt 0.578125 0.484375
vt 0.593750 0.484375
vt 0.593750 0.500000
vt 0.578125 0.500000
vt 0.578125 0.453125
vt 0.593750 0.453125
vt 0.593750 0.468750
vt 0.578125 0.468750
vt 0.609375 0.453125
vt 0.625000 0.453125
vt 0.625000 0.468750
vt 0.609375 0.468750
vt 0.703125 0.109375
vt 0.718750 0.109375
vt 0.718750 0.125000
vt 0.703125 0.125000
vt 0.703125 0.078125
vt 0.718750 0.078125
vt 0.718750 0.093750
vt 0.703125 0.093750
vt 0.734375 0.078125
vt 0.750000 0.078125
vt 0.750000 0.093750
vt 0.734375 0.093750
vt 0.578125 0.109375
vt 0.593750 0.109375
vt 0.593750 0.125000
vt 0.578125 0.125000
vt 0.578125 0.078125
vt 0.593750 0.078125
vt 0.593750 0.093750
vt 0.578125 0.093750
vt 0.609375 0.078125
vt 0.625000 0.078125
vt 0.625000 0.093750
vt 0.609375 0.093750
vt 0.578125 0.234375
vt 0.593750 0.234375
vt 0.593750 0.250000
vt 0.578125 0.250000
vt 0.578125 0.203125
vt 0.593750 0.203125
vt 0.593750 0.218750
vt 0.578125 0.218750
vt 0.609375 0.203125
vt 0.625000 0.203125
vt 0.625000 0.218750
vt 0.609375 0.218750
vt 0.953125 0.109375
vt 0.968750 0.109375
vt 0.968750 0.125000
vt 0.953125 0.125000
vt 0.953125 0.078125
vt 0.968750 0.078125
vt 0.968750 0.093750
vt 0.953125 0.093750
vt 0.984375 0.078125
vt 1.000000 0.078125
vt 1.000000 0.093750
vt 0.984375 0.093750
vt 0.828125 0.109375
vt 0.843750 0.109375
vt 0.843750 0.125000
vt 0.828125 0.125000
vt 0.828125 0.078125
vt 0.843750 0.078125
vt 0.843750 0.093750
vt 0.828125 0.093750
vt 0.859375 0.078125
vt 0.875000 0.078125
vt 0.875000 0.093750
vt 0.859375 0.093750
vt 0.828125 0.234375
vt 0.843750 0.234375
vt 0.843750 0.250000
vt 0.828125 0.250000
vt 0.828125 0.203125
vt 0.843750 0.203125
vt 0.843750 0.218750
vt 0.828125 0.218750
vt 0.859375 0.203125
vt 0.875000 0.203125
vt 0.875000 0.218750
vt 0.859375 0.218750
vt 0.203125 0.359375
vt 0.218750 0.359375
vt 0.218750 0.375000
vt 0.203125 0.375000
vt 0.203125 0.328125
vt 0.218750 0.328125
vt 0.218750 0.343750
vt 0.203125 0.343750
vt 0.234375 0.328125
vt 0.250000 0.328125
vt 0.250000 0.343750
vt 0.234375 0.343750
vt 0.078125 0.359375
vt 0.093750 0.359375
vt 0.093750 0.375000
vt 0.078125 0.375000
vt 0.078125 0.328125
vt 0.093750 0.328125
vt 0.093750 0.343750
vt 0.078125 0.343750
vt 0.109375 0.328125
vt 0.125000 0.328125
vt 0.125000 0.343750
vt 0.109375 0.343750
vt 0.078125 0.484375
vt 0.093750 0.484375
vt 0.093750 0.500000
vt 0.078125 0.500000
vt 0.078125 0.453125
vt 0.093750 0.453125
vt 0.093750 0.468750
vt 0.078125 0.468750
vt 0.109375 0.453125
vt 0.125000 0.453125
vt 0.125000 0.468750
vt 0.109375 0.468750
vt 0.203125 0.109375
vt 0.218750 0.109375
vt 0.218750 0.125000
vt 0.203125 0.125000
vt 0.203125 0.078125
vt 0.218750 0.078125
vt 0.218750 0.093750
vt 0.203125 0.093750
vt 0.234375 0.078125
vt 0.250000 0.078125
vt 0.250000 0.093750
vt 0.234375 0.093750
vt 0.078125 0.109375
vt 0.093750 0.109375
vt 0.093750 0.125000
vt 0.078125 0.125000
vt 0.078125 0.078125
vt 0.093750 0.078125
vt 0.093750 0.093750
vt 0.078125 0.093750
vt 0.109375 0.078125
vt 0.125000 0.078125
vt 0.125000 0.093750
vt 0.109375 0.093750
vt 0.078125 0.234375
vt 0.093750 0.234375
vt 0.093750 0.250000
vt 0.078125 0.250000
vt 0.078125 0.203125
vt 0.093750 0.203125
vt 0.093750 0.218750
vt 0.078125 0.218750
vt 0.109375 0.203125
vt 0.125000 0.203125
vt 0.125000 0.218750
vt 0.109375 0.218750
vt 0.453125 0.109375
vt 0.468750 0.109375
vt 0.468750 0.125000
vt 0.453125 0.125000
vt 0.453125 0.078125
vt 0.468750 0.078125
vt 0.468750 0.093750
vt 0.453125 0.093750
vt 0.484375 0.078125
vt 0.500000 0.078125
vt 0.500000 0.093750
vt 0.484375 0.093750
vt 0.328125 0.109375
vt 0.343750 0.109375
vt 0.343750 0.125000
vt 0.328125 0.125000
vt 0.328125 0.078125
vt 0.343750 0.078125
vt 0.343750 0.093750
vt 0.328125 0.093750
vt 0.359375 0.078125
vt 0.375000 0.078125
vt 0.375000 0.093750
vt 0.359375 0.093750
vt 0.328125 0.234375
vt 0.343750 0.234375
vt 0.343750 0.250000
vt 0.328125 0.250000
vt 0.328125 0.203125
vt 0.343750 0.203125
vt 0.343750 0.218750
vt 0.328125 0.218750
vt 0.359375 0.203125
vt 0.375000 0.203125
vt 0.375000 0.218750
vt 0.359375 0.218750
vt 0.203125 0.859375
vt 0.218750 0.859375
vt 0.218750 0.875000
vt 0.203125 0.875000
vt 0.203125 0.828125
vt 0.218750 0.828125
vt 0.218750 0.843750
vt 0.203125 0.843750
vt 0.234375 0.828125
vt 0.250000 0.828125
vt 0.250000 0.843750
vt 0.234375 0.843750
vt 0.078125 0.859375
vt 0.093750 0.859375
vt 0.093750 0.875000
vt 0.078125 0.875000
vt 0.078125 0.828125
vt 0.093750 0.828125
vt 0.093750 0.843750
vt 0.078125 0.843750
vt 0.109375 0.828125
vt 0.125000 0.828125
vt 0.125000 0.843750
vt 0.109375 0.843750
vt 0.078125 0.984375
vt 0.093750 0.984375
vt 0.093750 1.000000
vt 0.078125 1.000000
vt 0.078125 0.953125
vt 0.093750 0.953125
vt 0.093750 0.968750
vt 0.078125 0.968750
vt 0.109375 0.953125
vt 0.125000 0.953125
vt 0.125000 0.968750
vt 0.109375 0.968750
vt 0.203125 0.609375
vt 0.218750 0.609375
vt 0.218750 0.625000
vt 0.203125 0.625000
vt 0.203125 0.578125
vt 0.218750 0.578125
vt 0.218750 0.593750
vt 0.203125 0.593750
vt 0.234375 0.578125
vt 0.250000 0.578125
vt 0.250000 0.593750
vt 0.234375 0.593750
vt 0.078125 0.609375
vt 0.093750 0.609375
vt 0.093750 0.625000
vt 0.078125 0.625000
vt 0.078125 0.578125
vt 0.093750 0.578125
vt 0.093750 0.593750
vt 0.078125 0.593750
vt 0.109375 0.578125
vt 0.125000 0.578125
vt 0.125000 0.593750
vt 0.109375 0.593750
vt 0.078125 0.734375
vt 0.093750 0.734375
vt 0.093750 0.750000
vt 0.078125 0.750000
vt 0.078125 0.703125
vt 0.093750 0.703125
vt 0.093750 0.718750
vt 0.078125 0.718750
vt 0.109375 0.703125
vt 0.125000 0.703125
vt 0.125000 0.718750
vt 0.109375 0.718750
vt 0.453125 0.609375
vt 0.468750 0.609375
vt 0.468750 0.625000
vt 0.453125 0.625000
vt 0.453125 0.578125
vt 0.468750 0.578125
vt 0.468750 0.593750
vt 0.453125 0.593750
vt 0.484375 0.578125
vt 0.500000 0.578125
vt 0.500000 0.593750
vt 0.484375 0.593750
vt 0.328125 0.609375
vt 0.343750 0.609375
vt 0.343750 0.625000
vt 0.328125 0.625000
vt 0.328125 0.578125
vt 0.343750 0.578125
vt 0.343750 0.593750
vt 0.328125 0.593750
vt 0.359375 0.578125
vt 0.375000 0.578125
vt 0.375000 0.593750
vt 0.359375 0.593750
vt 0.328125 0.734375
vt 0.343750 0.734375
vt 0.343750 0.750000
vt 0.328125 0.750000
vt 0.328125 0.703125
vt 0.343750 0.703125
vt 0.343750 0.718750
vt 0.328125 0.718750
vt 0.359375 0.703125
vt 0.375000 0.703125
vt 0.375000 0.718750
vt 0.359375 0.718750
vt 0.703125 0.859375
vt 0.718750 0.859375
vt 0.718750 0.875000
vt 0.703125 0.875000
vt 0.703125 0.828125
vt 0.718750 0.828125
vt 0.718750 0.843750
vt 0.703125 0.843750
vt 0.734375 0.828125
vt 0.750000 0.828125
vt 0.750000 0.843750
vt 0.734375 0.843750
vt 0.578125 0.859375
vt 0.593750 0.859375
vt 0.593750 0.875000
vt 0.578125 0.875000
vt 0.578125 0.828125
vt 0.593750 0.828125
vt 0.593750 0.843750
vt 0.578125 0.843750
vt 0.609375 0.828125
vt 0.625000 0.828125
vt 0.625000 0.843750
vt 0.609375 0.843750
vt 0.578125 0.984375
vt 0.593750 0.984375
vt 0.593750 1.000000
vt 0.578125 1.000000
vt 0.578125 0.953125
vt 0.593750 0.953125
vt 0.593750 0.968750
vt 0.578125 0.968750
vt 0.609375 0.953125
vt 0.625000 0.953125
vt 0.625000 0.968750
vt 0.609375 0.968750
vt 0.703125 0.609375
vt 0.718750 0.609375
vt 0.718750 0.625000
vt 0.703125 0.625000
vt 0.703125 0.578125
vt 0.718750 0.578125
vt 0.718750 0.593750
vt 0.703125 0.593750
vt 0.734375 0.578125
vt 0.750000 0.578125
vt 0.750000 0.593750
vt 0.734375 0.593750
vt 0.578125 0.609375
vt 0.593750 0.609375
vt 0.593750 0.625000
vt 0.578125 0.625000
vt 0.578125 0.578125
vt 0.593750 0.578125
vt 0.593750 0.593750
vt 0.578125 0.593750
vt 0.609375 0.578125
vt 0.625000 0.578125
vt 0.625000 0.593750
vt 0.609375 0.593750
vt 0.578125 0.734375
vt 0.593750 0.734375
vt 0.593750 0.750000
vt 0.578125 0.750000
vt 0.578125 0.703125
vt 0.593750 0.703125
vt 0.593750 0.718750
vt 0.578125 0.718750
vt 0.609375 0.703125
vt 0.625000 0.703125
vt 0.625000 0.718750
vt 0.609375 0.718750
vt 0.953125 0.609375
vt 0.968750 0.609375
vt 0.968750 0.625000
vt 0.953125 0.625000
vt 0.953125 0.578125
vt 0.968750 0.578125
vt 0.968750 0.593750
vt 0.953125 0.593750
vt 0.984375 0.578125
vt 1.000000 0.578125
vt 1.000000 0.593750
vt 0.984375 0.593750
vt 0.828125 0.609375
vt 0.843750 0.609375
vt 0.843750 0.625000
vt 0.828125 0.625000
vt 0.828125 0.578125
vt 0.843750 0.578125
vt 0.843750 0.593750
vt 0.828125 0.593750
vt 0.859375 0.578125
vt 0.875000 0.578125
vt 0.875000 0.593750
vt 0.859375 0.593750
vt 0.828125 0.734375
vt 0.843750 0.734375
vt 0.843750 0.750000
vt 0.828125 0.750000
vt 0.828125 0.703125
vt 0.843750 0.703125
vt 0.843750 0.718750
vt 0.828125 0.718750
vt 0.859375 0.703125
vt 0.875000 0.703125
vt 0.875000 0.718750
vt 0.859375 0.718750
vt 0.953125 0.734375
vt 0.968750 0.734375
vt 0.968750 0.750000
vt 0.953125 0.750000
vt 0.953125 0.703125
vt 0.968750 0.703125
vt 0.968750 0.718750
vt 0.953125 0.718750
vt 0.984375 0.703125
vt 1.000000 0.703125
vt 1.000000 0.718750
vt 0.984375 0.718750
vt 0.703125 0.734375
vt 0.718750 0.734375
vt 0.718750 0.750000
vt 0.703125 0.750000
vt 0.703125 0.703125
vt 0.718750 0.703125
vt 0.718750 0.718750
vt 0.703125 0.718750
vt 0.734375 0.703125
vt 0.750000 0.703125
vt 0.750000 0.718750
vt 0.734375 0.718750
vt 0.703125 0.984375
vt 0.718750 0.984375
vt 0.718750 1.000000
vt 0.703125 1.000000
vt 0.703125 0.953125
vt 0.718750 0.953125
vt 0.718750 0.968750
vt 0.703125 0.968750
vt 0.734375 0.953125
vt 0.750000 0.953125
vt 0.750000 0.968750
vt 0.734375 0.968750
vt 0.453125 0.734375
vt 0.468750 0.734375
vt 0.468750 0.750000
vt 0.453125 0.750000
vt 0.453125 0.703125
vt 0.468750 0.703125
vt 0.468750 0.718750
vt 0.453125 0.718750
vt 0.484375 0.703125
vt 0.500000 0.703125
vt 0.500000 0.718750
vt 0.484375 0.718750
vt 0.203125 0.734375
vt 0.218750 0.734375
vt 0.218750 0.750000
vt 0.203125 0.750000
vt 0.203125 0.703125
vt 0.218750 0.703125
vt 0.218750 0.718750
vt 0.203125 0.718750
vt 0.234375 0.703125
vt 0.250000 0.703125
vt 0.250000 0.718750
vt 0.234375 0.718750
vt 0.203125 0.984375
vt 0.218750 0.984375
vt 0.218750 1.000000
vt 0.203125 1.000000
vt 0.203125 0.953125
vt 0.218750 0.953125
vt 0.218750 0.968750
vt 0.203125 0.968750
vt 0.234375 0.953125
vt 0.250000 0.953125
vt 0.250000 0.968750
vt 0.234375 0.968750
vt 0.453125 0.234375
vt 0.468750 0.234375
vt 0.468750 0.250000
vt 0.453125 0.250000
vt 0.453125 0.203125
vt 0.468750 0.203125
vt 0.468750 0.218750
vt 0.453125 0.218750
vt 0.484375 0.203125
vt 0.500000 0.203125
vt 0.500000 0.218750
vt 0.484375 0.218750
vt 0.203125 0.234375
vt 0.218750 0.234375
vt 0.218750 0.250000
vt 0.203125 0.250000
vt 0.203125 0.203125
vt 0.218750 0.203125
vt 0.218750 0.218750
vt 0.203125 0.218750
vt 0.234375 0.203125
vt 0.250000 0.203125
vt 0.250000 0.218750
vt 0.234375 0.218750
vt 0.203125 0.484375
vt 0.218750 0.484375
vt 0.218750 0.500000
vt 0.203125 0.500000
vt 0.203125 0.453125
vt 0.218750 0.453125
vt 0.218750 0.468750
vt 0.203125 0.468750
vt 0.234375 0.453125
vt 0.250000 0.453125
vt 0.250000 0.468750
vt 0.234375 0.468750
vt 0.953125 0.234375
vt 0.968750 0.234375
vt 0.968750 0.250000
vt 0.953125 0.250000
vt 0.953125 0.203125
vt 0.968750 0.203125
vt 0.968750 0.218750
vt 0.953125 0.218750
vt 0.984375 0.203125
vt 1.000000 0.203125
vt 1.000000 0.218750
vt 0.984375 0.218750
vt 0.703125 0.234375
vt 0.718750 0.234375
vt 0.718750 0.250000
vt 0.703125 0.250000
vt 0.703125 0.203125
vt 0.718750 0.203125
vt 0.718750 0.218750
vt 0.703125 0.218750
vt 0.734375 0.203125
vt 0.750000 0.203125
vt 0.750000 0.218750
vt 0.734375 0.218750
vt 0.703125 0.484375
vt 0.718750 0.484375
vt 0.718750 0.500000
vt 0.703125 0.500000
vt 0.703125 0.453125
vt 0.718750 0.453125
vt 0.718750 0.468750
vt 0.703125 0.468750
vt 0.734375 0.453125
vt 0.750000 0.453125
vt 0.750000 0.468750
vt 0.734375 0.468750
vt 0.953125 0.484375
vt 0.968750 0.484375
vt 0.968750 0.500000
vt 0.953125 0.500000
vt 0.953125 0.453125
vt 0.968750 0.453125
vt 0.968750 0.468750
vt 0.953125 0.468750
vt 0.984375 0.453125
vt 1.000000 0.453125
vt 1.000000 0.468750
vt 0.984375 0.468750
vt 0.453125 0.484375
vt 0.468750 0.484375
vt 0.468750 0.500000
vt 0.453125 0.500000
vt 0.453125 0.453125
vt 0.468750 0.453125
vt 0.468750 0.468750
vt 0.453125 0.468750
vt 0.484375 0.453125
vt 0.500000 0.453125
vt 0.500000 0.468750
vt 0.484375 0.468750
vt 0.453125 0.984375
vt 0.468750 0.984375
vt 0.468750 1.000000
vt 0.453125 1.000000
vt 0.453125 0.953125
vt 0.468750 0.953125
vt 0.468750 0.968750
vt 0.453125 0.968750
vt 0.484375 0.953125
vt 0.500000 0.953125
vt 0.500000 0.968750
vt 0.484375 0.968750
vt 0.953125 0.984375
vt 0.968750 0.984375
vt 0.968750 1.000000
vt 0.953125 1.000000
vt 0.953125 0.953125
vt 0.968750 0.953125
vt 0.968750 0.968750
vt 0.953125 0.968750
vt 0.984375 0.953125
vt 1.000000 0.953125
vt 1.000000 0.968750
vt 0.984375 0.968750
vt 0.656250 0.000000
vt 0.671875 0.000000
vt 0.687500 0.000000
vt 0.625000 0.000000
vt 0.640625 0.000000
vt 0.718750 0.000000
vt 0.734375 0.000000
vt 0.750000 0.000000
vt 0.703125 0.000000
vt 0.531250 0.000000
vt 0.546875 0.000000
vt 0.562500 0.000000
vt 0.500000 0.000000
vt 0.515625 0.000000
vt 0.593750 0.000000
vt 0.609375 0.000000
vt 0.578125 0.000000
vt 0.906250 0.000000
vt 0.921875 0.000000
vt 0.937500 0.000000
vt 0.875000 0.000000
vt 0.890625 0.000000
vt 0.968750 0.000000
vt 0.984375 0.000000
vt 1.000000 0.000000
vt 0.953125 0.000000
vt 0.781250 0.000000
vt 0.796875 0.000000
vt 0.812500 0.000000
vt 0.765625 0.000000
vt 0.843750 0.000000
vt 0.859375 0.000000
vt 0.828125 0.000000
vt 0.000000 0.328125
vt 0.000000 0.343750
vt 0.000000 0.312500
vt 0.000000 0.359375
vt 0.000000 0.375000
vt 0.000000 0.265625
vt 0.000000 0.281250
vt 0.000000 0.250000
vt 0.000000 0.296875
vt 0.000000 0.453125
vt 0.000000 0.468750
vt 0.000000 0.437500
vt 0.000000 0.484375
vt 0.000000 0.500000
vt 0.000000 0.390625
vt 0.000000 0.406250
vt 0.000000 0.421875
vt 0.156250 0.000000
vt 0.171875 0.000000
vt 0.187500 0.000000
vt 0.125000 0.000000
vt 0.140625 0.000000
vt 0.218750 0.000000
vt 0.234375 0.000000
vt 0.250000 0.000000
vt 0.203125 0.000000
vt 0.000000 0.078125
vt 0.000000 0.093750
vt 0.000000 0.062500
vt 0.000000 0.109375
vt 0.000000 0.125000
vt 0.031250 0.000000
vt 0.046875 0.000000
vt 0.062500 0.000000
vt 0.000000 0.015625
vt 0.000000 0.031250
vt 0.000000 0.000000
vt 0.015625 0.000000
vt 0.000000 0.046875
vt 0.093750 0.000000
vt 0.109375 0.000000
vt 0.078125 0.000000
vt 0.000000 0.203125
vt 0.000000 0.218750
vt 0.000000 0.187500
vt 0.000000 0.234375
vt 0.000000 0.140625
vt 0.000000 0.156250
vt 0.000000 0.171875
vt 0.406250 0.000000
vt 0.421875 0.000000
vt 0.437500 0.000000
vt 0.375000 0.000000
vt 0.390625 0.000000
vt 0.468750 0.000000
vt 0.484375 0.000000
vt 0.453125 0.000000
vt 0.281250 0.000000
vt 0.296875 0.000000
vt 0.312500 0.000000
vt 0.265625 0.000000
vt 0.343750 0.000000
vt 0.359375 0.000000
vt 0.328125 0.000000
vt 0.000000 0.828125
vt 0.000000 0.843750
vt 0.000000 0.812500
vt 0.000000 0.859375
vt 0.000000 0.875000
vt 0.000000 0.765625
vt 0.000000 0.781250
vt 0.000000 0.750000
vt 0.000000 0.796875
vt 0.000000 0.953125
vt 0.000000 0.968750
vt 0.000000 0.937500
vt 0.000000 0.984375
vt 0.000000 1.000000
vt 0.000000 0.890625
vt 0.000000 0.906250
vt 0.000000 0.921875
vt 0.000000 0.578125
vt 0.000000 0.593750
vt 0.000000 0.562500
vt 0.000000 0.609375
vt 0.000000 0.625000
vt 0.000000 0.515625
vt 0.000000 0.531250
vt 0.000000 0.546875
vt 0.000000 0.703125
vt 0.000000 0.718750
vt 0.000000 0.687500
vt 0.000000 0.734375
vt 0.000000 0.640625
vt 0.000000 0.656250
vt 0.000000 0.671875
s 0
usemtl Snow_Terrain_01
f 4225/1/1 1092/2/1 4/3/1 1837/4/1
f 4224/5/1 1098/6/1 8/7/1 1833/8/1
f 4223/9/1 1099/10/1 9/11/1 1840/12/1
f 4222/13/1 1096/14/1 7/15/1 1841/16/1
f 4221/17/1 1114/18/1 21/19/1 1829/20/1
f 4220/21/2 1115/22/2 22/23/2 1844/24/2
f 4219/25/1 1108/26/1 16/27/1 1845/28/1
f 4218/29/3 1118/30/3 20/31/3 1828/32/3
f 4217/33/1 1119/34/1 23/35/1 1848/36/1
f 4216/37/1 1111/38/1 19/39/1 1849/40/1
f 4215/41/1 1122/42/1 13/43/1 1821/44/1
f 4214/45/4 1123/46/4 24/47/4 1852/48/4
f 4213/49/1 1110/50/1 18/51/1 1853/52/1
f 4212/53/1 1126/54/1 17/55/1 1825/56/1
f 4211/57/5 1127/58/5 25/59/5 1856/60/5
f 4210/61/1 1104/62/1 12/63/1 1857/64/1
f 4209/65/6 1170/66/6 65/67/6 1817/68/6
f 4208/69/1 1171/70/1 66/71/1 1860/72/1
f 4207/73/1 1144/74/1 40/75/1 1861/76/1
f 4206/77/1 1174/78/1 64/79/1 1816/80/1
f 4205/81/1 1175/82/1 67/83/1 1864/84/1
f 4204/85/1 1167/86/1 63/87/1 1865/88/1
f 4203/89/1 1178/90/1 33/91/1 1785/92/1
f 4202/93/1 1179/94/1 68/95/1 1868/96/1
f 4201/97/7 1166/98/7 62/99/7 1869/100/7
f 4200/101/1 1182/102/1 61/103/1 1813/104/1
f 4199/105/1 1183/106/1 69/107/1 1872/108/1
f 4198/109/1 1150/110/1 46/111/1 1873/112/1
f 4197/113/1 1186/114/1 60/115/1 1812/116/1
f 4196/117/1 1187/118/1 70/119/1 1876/120/1
f 4195/121/1 1163/122/1 59/123/1 1877/124/1
f 4194/125/1 1190/126/1 29/127/1 1781/128/1
f 4193/129/1 1191/130/1 71/131/1 1880/132/1
f 4192/133/1 1162/134/1 58/135/1 1881/136/1
f 4191/137/1 1194/138/1 57/139/1 1809/140/1
f 4190/141/1 1195/142/1 72/143/1 1884/144/1
f 4189/145/1 1151/146/1 47/147/1 1885/148/1
f 4188/149/1 1198/150/1 56/151/1 1808/152/1
f 4187/153/8 1199/154/8 73/155/8 1888/156/8
f 4186/157/9 1159/158/9 55/159/9 1889/160/9
f 4185/161/1 1202/162/1 36/163/1 1788/164/1
f 4184/165/1 1203/166/1 74/167/1 1892/168/1
f 4183/169/1 1158/170/1 54/171/1 1893/172/1
f 4182/173/1 1206/174/1 53/175/1 1805/176/1
f 4181/177/1 1207/178/1 75/179/1 1896/180/1
f 4180/181/1 1148/182/1 44/183/1 1897/184/1
f 4179/185/10 1210/186/10 52/187/10 1804/188/10
f 4178/189/11 1211/190/11 76/191/11 1900/192/11
f 4177/193/12 1155/194/12 51/195/12 1901/196/12
f 4176/197/1 1214/198/1 37/199/1 1789/200/1
f 4175/201/13 1215/202/13 77/203/13 1904/204/13
f 4174/205/14 1154/206/14 50/207/14 1905/208/14
f 4173/209/1 1218/210/1 49/211/1 1801/212/1
f 4172/213/1 1219/214/1 78/215/1 1908/216/1
f 4171/217/1 1136/218/1 32/219/1 1909/220/1
f 4170/221/15 1222/222/15 48/223/15 1800/224/15
f 4169/225/1 1223/226/1 79/227/1 1912/228/1
f 4168/229/1 1139/230/1 35/231/1 1913/232/1
f 4167/233/1 1226/234/1 41/235/1 1793/236/1
f 4166/237/1 1227/238/1 80/239/1 1916/240/1
f 4165/241/1 1138/242/1 34/243/1 1917/244/1
f 4164/245/1 1230/246/1 45/247/1 1797/248/1
f 4163/249/16 1231/250/16 81/251/16 1920/252/16
f 4162/253/1 1132/254/1 28/255/1 1921/256/1
f 4161/257/1 1378/258/1 225/259/1 1777/260/1
f 4160/261/1 1379/262/1 226/263/1 1924/264/1
f 4159/265/1 1276/266/1 124/267/1 1925/268/1
f 4158/269/17 1382/270/17 224/271/17 1776/272/17
f 4157/273/18 1383/274/18 227/275/18 1928/276/18
f 4156/277/19 1375/278/19 223/279/19 1929/280/19
f 4155/281/1 1386/282/1 101/283/1 1653/284/1
f 4154/285/1 1387/286/1 228/287/1 1932/288/1
f 4153/289/1 1374/290/1 222/291/1 1933/292/1
f 4152/293/1 1390/294/1 221/295/1 1773/296/1
f 4151/297/1 1391/298/1 229/299/1 1936/300/1
f 4150/301/1 1282/302/1 130/303/1 1937/304/1
f 4149/305/1 1394/306/1 220/307/1 1772/308/1
f 4148/309/20 1395/310/20 230/311/20 1940/312/20
f 4147/313/1 1371/314/1 219/315/1 1941/316/1
f 4146/317/1 1398/318/1 97/319/1 1649/320/1
f 4145/321/1 1399/322/1 231/323/1 1944/324/1
f 4144/325/1 1370/326/1 218/327/1 1945/328/1
f 4143/329/1 1402/330/1 217/331/1 1769/332/1
f 4142/333/1 1403/334/1 232/335/1 1948/336/1
f 4141/337/1 1283/338/1 131/339/1 1949/340/1
f 4140/341/1 1406/342/1 216/343/1 1768/344/1
f 4139/345/1 1407/346/1 233/347/1 1952/348/1
f 4138/349/1 1367/350/1 215/351/1 1953/352/1
f 4137/353/21 1410/354/21 104/355/21 1656/356/21
f 4136/357/22 1411/358/22 234/359/22 1956/360/22
f 4135/361/23 1366/362/23 214/363/23 1957/364/23
f 4134/365/1 1414/366/1 213/367/1 1765/368/1
f 4133/369/1 1415/370/1 235/371/1 1960/372/1
f 4132/373/1 1280/374/1 128/375/1 1961/376/1
f 4131/377/24 1418/378/24 212/379/24 1764/380/24
f 4130/381/25 1419/382/25 236/383/25 1964/384/25
f 4129/385/1 1363/386/1 211/387/1 1965/388/1
f 4128/389/1 1422/390/1 105/391/1 1657/392/1
f 4127/393/26 1423/394/26 237/395/26 1968/396/26
f 4126/397/1 1362/398/1 210/399/1 1969/400/1
f 4125/401/27 1426/402/27 209/403/27 1761/404/27
f 4124/405/28 1427/406/28 238/407/28 1972/408/28
f 4123/409/29 1298/410/29 146/411/29 1973/412/29
f 4122/413/1 1430/414/1 208/415/1 1760/416/1
f 4121/417/1 1431/418/1 239/419/1 1976/420/1
f 4120/421/30 1359/422/30 207/423/30 1977/424/30
f 4119/425/1 1434/426/1 93/427/1 1645/428/1
f 4118/429/1 1435/430/1 240/431/1 1980/432/1
f 4117/433/1 1358/434/1 206/435/1 1981/436/1
f 4116/437/31 1438/438/31 205/439/31 1757/440/31
f 4115/441/1 1439/442/1 241/443/1 1984/444/1
f 4114/445/1 1299/446/1 147/447/1 1985/448/1
f 4113/449/1 1442/450/1 204/451/1 1756/452/1
f 4112/453/1 1443/454/1 242/455/1 1988/456/1
f 4111/457/1 1355/458/1 203/459/1 1989/460/1
f 4110/461/1 1446/462/1 108/463/1 1660/464/1
f 4109/465/1 1447/466/1 243/467/1 1992/468/1
f 4108/469/32 1354/470/32 202/471/32 1993/472/32
f 4107/473/1 1450/474/1 201/475/1 1753/476/1
f 4106/477/1 1451/478/1 244/479/1 1996/480/1
f 4105/481/1 1292/482/1 140/483/1 1997/484/1
f 4104/485/1 1454/486/1 200/487/1 1752/488/1
f 4103/489/1 1455/490/1 245/491/1 2000/492/1
f 4102/493/1 1351/494/1 199/495/1 2001/496/1
f 4101/497/33 1458/498/33 109/499/33 1661/500/33
f 4100/501/1 1459/502/1 246/503/1 2004/504/1
f 4099/505/1 1350/506/1 198/507/1 2005/508/1
f 4098/509/1 1462/510/1 197/511/1 1749/512/1
f 4097/513/1 1463/514/1 247/515/1 2008/516/1
f 4096/517/1 1302/518/1 150/519/1 2009/520/1
f 4095/521/1 1466/522/1 196/523/1 1748/524/1
f 4094/525/1 1467/526/1 248/527/1 2012/528/1
f 4093/529/1 1347/530/1 195/531/1 2013/532/1
f 4092/533/1 1470/534/1 92/535/1 1644/536/1
f 4091/537/1 1471/538/1 249/539/1 2016/540/1
f 4090/541/1 1346/542/1 194/543/1 2017/544/1
f 4089/545/34 1474/546/34 193/547/34 1745/548/34
f 4088/549/35 1475/550/35 250/551/35 2020/552/35
f 4087/553/1 1303/554/1 151/555/1 2021/556/1
f 4086/557/1 1478/558/1 192/559/1 1744/560/1
f 4085/561/1 1479/562/1 251/563/1 2024/564/1
f 4084/565/1 1343/566/1 191/567/1 2025/568/1
f 4083/569/1 1482/570/1 112/571/1 1664/572/1
f 4082/573/1 1483/574/1 252/575/1 2028/576/1
f 4081/577/36 1342/578/36 190/579/36 2029/580/36
f 4080/581/1 1486/582/1 189/583/1 1741/584/1
f 4079/585/1 1487/586/1 253/587/1 2032/588/1
f 4078/589/1 1295/590/1 143/591/1 2033/592/1
f 4077/593/1 1490/594/1 188/595/1 1740/596/1
f 4076/597/1 1491/598/1 254/599/1 2036/600/1
f 4075/601/1 1339/602/1 187/603/1 2037/604/1
f 4074/605/1 1494/606/1 113/607/1 1665/608/1
f 4073/609/1 1495/610/1 255/611/1 2040/612/1
f 4072/613/1 1338/614/1 186/615/1 2041/616/1
f 4071/617/1 1498/618/1 185/619/1 1737/620/1
f 4070/621/37 1499/622/37 256/623/37 2044/624/37
f 4069/625/38 1306/626/38 154/627/38 2045/628/38
f 4068/629/1 1502/630/1 184/631/1 1736/632/1
f 4067/633/1 1503/634/1 257/635/1 2048/636/1
f 4066/637/1 1335/638/1 183/639/1 2049/640/1
f 4065/641/1 1506/642/1 85/643/1 1637/644/1
f 4064/645/1 1507/646/1 258/647/1 2052/648/1
f 4063/649/1 1334/650/1 182/651/1 2053/652/1
f 4062/653/1 1510/654/1 181/655/1 1733/656/1
f 4061/657/1 1511/658/1 259/659/1 2056/660/1
f 4060/661/1 1307/662/1 155/663/1 2057/664/1
f 4059/665/1 1514/666/1 180/667/1 1732/668/1
f 4058/669/1 1515/670/1 260/671/1 2060/672/1
f 4057/673/1 1331/674/1 179/675/1 2061/676/1
f 4056/677/1 1518/678/1 116/679/1 1668/680/1
f 4055/681/1 1519/682/1 261/683/1 2064/684/1
f 4054/685/1 1330/686/1 178/687/1 2065/688/1
f 4053/689/1 1522/690/1 177/691/1 1729/692/1
f 4052/693/1 1523/694/1 262/695/1 2068/696/1
f 4051/697/1 1294/698/1 142/699/1 2069/700/1
f 4050/701/1 1526/702/1 176/703/1 1728/704/1
f 4049/705/39 1527/706/39 263/707/39 2072/708/39
f 4048/709/1 1327/710/1 175/711/1 2073/712/1
f 4047/713/40 1530/714/40 117/715/40 1669/716/40
f 4046/717/1 1531/718/1 264/719/1 2076/720/1
f 4045/721/1 1326/722/1 174/723/1 2077/724/1
f 4044/725/1 1534/726/1 173/727/1 1725/728/1
f 4043/729/41 1535/730/41 265/731/41 2080/732/41
f 4042/733/42 1310/734/42 158/735/42 2081/736/42
f 4041/737/1 1538/738/1 172/739/1 1724/740/1
f 4040/741/1 1539/742/1 266/743/1 2084/744/1
f 4039/745/1 1323/746/1 171/747/1 2085/748/1
f 4038/749/1 1542/750/1 89/751/1 1641/752/1
f 4037/753/1 1543/754/1 267/755/1 2088/756/1
f 4036/757/1 1322/758/1 170/759/1 2089/760/1
f 4035/761/1 1546/762/1 169/763/1 1721/764/1
f 4034/765/1 1547/766/1 268/767/1 2092/768/1
f 4033/769/1 1311/770/1 159/771/1 2093/772/1
f 4032/773/1 1550/774/1 168/775/1 1720/776/1
f 4031/777/1 1551/778/1 269/779/1 2096/780/1
f 4030/781/1 1319/782/1 167/783/1 2097/784/1
f 4029/785/1 1554/786/1 120/787/1 1672/788/1
f 4028/789/1 1555/790/1 270/791/1 2100/792/1
f 4027/793/1 1318/794/1 166/795/1 2101/796/1
f 4026/797/1 1558/798/1 165/799/1 1717/800/1
f 4025/801/1 1559/802/1 271/803/1 2104/804/1
f 4024/805/1 1288/806/1 136/807/1 2105/808/1
f 4023/809/1 1562/810/1 164/811/1 1716/812/1
f 4022/813/1 1563/814/1 272/815/1 2108/816/1
f 4021/817/1 1315/818/1 163/819/1 2109/820/1
f 4020/821/43 1566/822/43 121/823/43 1673/824/43
f 4019/825/44 1567/826/44 273/827/44 2112/828/44
f 4018/829/45 1314/830/45 162/831/45 2113/832/45
f 4017/833/1 1570/834/1 161/835/1 1713/836/1
f 4016/837/1 1571/838/1 274/839/1 2116/840/1
f 4015/841/1 1248/842/1 96/843/1 2117/844/1
f 4014/845/1 1574/846/1 160/847/1 1712/848/1
f 4013/849/1 1575/850/1 275/851/1 2120/852/1
f 4012/853/46 1271/854/46 119/855/46 2121/856/46
f 4011/857/1 1578/858/1 129/859/1 1681/860/1
f 4010/861/1 1579/862/1 276/863/1 2124/864/1
f 4009/865/1 1270/866/1 118/867/1 2125/868/1
f 4008/869/1 1582/870/1 157/871/1 1709/872/1
f 4007/873/1 1583/874/1 277/875/1 2128/876/1
f 4006/877/1 1254/878/1 102/879/1 2129/880/1
f 4005/881/47 1586/882/47 156/883/47 1708/884/47
f 4004/885/1 1587/886/1 278/887/1 2132/888/1
f 4003/889/48 1267/890/48 115/891/48 2133/892/48
f 4002/893/1 1590/894/1 125/895/1 1677/896/1
f 4001/897/1 1591/898/1 279/899/1 2136/900/1
f 4000/901/1 1266/902/1 114/903/1 2137/904/1
f 3999/905/1 1594/906/1 153/907/1 1705/908/1
f 3998/909/1 1595/910/1 280/911/1 2140/912/1
f 3997/913/1 1255/914/1 103/915/1 2141/916/1
f 3996/917/1 1598/918/1 152/919/1 1704/920/1
f 3995/921/49 1599/922/49 281/923/49 2144/924/49
f 3994/925/50 1263/926/50 111/927/50 2145/928/50
f 3993/929/1 1602/930/1 132/931/1 1684/932/1
f 3992/933/1 1603/934/1 282/935/1 2148/936/1
f 3991/937/51 1262/938/51 110/939/51 2149/940/51
f 3990/941/1 1606/942/1 149/943/1 1701/944/1
f 3989/945/1 1607/946/1 283/947/1 2152/948/1
f 3988/949/1 1252/950/1 100/951/1 2153/952/1
f 3987/953/52 1610/954/52 148/955/52 1700/956/52
f 3986/957/53 1611/958/53 284/959/53 2156/960/53
f 3985/961/54 1259/962/54 107/963/54 2157/964/54
f 3984/965/1 1614/966/1 133/967/1 1685/968/1
f 3983/969/55 1615/970/55 285/971/55 2160/972/55
f 3982/973/56 1258/974/56 106/975/56 2161/976/56
f 3981/977/1 1618/978/1 145/979/1 1697/980/1
f 3980/981/1 1619/982/1 286/983/1 2164/984/1
f 3979/985/1 1240/986/1 88/987/1 2165/988/1
f 3978/989/1 1622/990/1 144/991/1 1696/992/1
f 3977/993/1 1623/994/1 287/995/1 2168/996/1
f 3976/997/1 1243/998/1 91/999/1 2169/1000/1
f 3975/1001/1 1626/1002/1 137/1003/1 1689/1004/1
f 3974/1005/1 1627/1006/1 288/1007/1 2172/1008/1
f 3973/1009/1 1242/1010/1 90/1011/1 2173/1012/1
f 3972/1013/1 1630/1014/1 141/1015/1 1693/1016/1
f 3971/1017/1 1631/1018/1 289/1019/1 2176/1020/1
f 3970/1021/1 1236/1022/1 84/1023/1 2177/1024/1
f 3969/1025/1 2178/1026/1 833/1027/1 1633/1028/1
f 3968/1029/1 2179/1030/1 834/1031/1 2180/1032/1
f 3967/1033/1 1780/1034/1 436/1035/1 2181/1036/1
f 3966/1037/1 2182/1038/1 832/1039/1 1632/1040/1
f 3965/1041/1 2183/1042/1 835/1043/1 2184/1044/1
f 3964/1045/1 2175/1046/1 831/1047/1 2185/1048/1
f 3963/1049/1 2186/1050/1 349/1051/1 1149/1052/1
f 3962/1053/1 2187/1054/1 836/1055/1 2188/1056/1
f 3961/1057/1 2174/1058/1 830/1059/1 2189/1060/1
f 3960/1061/1 2190/1062/1 829/1063/1 1629/1064/1
f 3959/1065/1 2191/1066/1 837/1067/1 2192/1068/1
f 3958/1069/1 1786/1070/1 442/1071/1 2193/1072/1
f 3957/1073/1 2194/1074/1 828/1075/1 1628/1076/1
f 3956/1077/1 2195/1078/1 838/1079/1 2196/1080/1
f 3955/1081/1 2171/1082/1 827/1083/1 2197/1084/1
f 3954/1085/1 2198/1086/1 345/1087/1 1145/1088/1
f 3953/1089/1 2199/1090/1 839/1091/1 2200/1092/1
f 3952/1093/1 2170/1094/1 826/1095/1 2201/1096/1
f 3951/1097/1 2202/1098/1 825/1099/1 1625/1100/1
f 3950/1101/1 2203/1102/1 840/1103/1 2204/1104/1
f 3949/1105/1 1787/1106/1 443/1107/1 2205/1108/1
f 3948/1109/1 2206/1110/1 824/1111/1 1624/1112/1
f 3947/1113/1 2207/1114/1 841/1115/1 2208/1116/1
f 3946/1117/1 2167/1118/1 823/1119/1 2209/1120/1
f 3945/1121/1 2210/1122/1 352/1123/1 1152/1124/1
f 3944/1125/1 2211/1126/1 842/1127/1 2212/1128/1
f 3943/1129/1 2166/1130/1 822/1131/1 2213/1132/1
f 3942/1133/1 2214/1134/1 821/1135/1 1621/1136/1
f 3941/1137/1 2215/1138/1 843/1139/1 2216/1140/1
f 3940/1141/1 1784/1142/1 440/1143/1 2217/1144/1
f 3939/1145/1 2218/1146/1 820/1147/1 1620/1148/1
f 3938/1149/1 2219/1150/1 844/1151/1 2220/1152/1
f 3937/1153/1 2163/1154/1 819/1155/1 2221/1156/1
f 3936/1157/1 2222/1158/1 353/1159/1 1153/1160/1
f 3935/1161/1 2223/1162/1 845/1163/1 2224/1164/1
f 3934/1165/1 2162/1166/1 818/1167/1 2225/1168/1
f 3933/1169/57 2226/1170/57 817/1171/57 1617/1172/57
f 3932/1173/58 2227/1174/58 846/1175/58 2228/1176/58
f 3931/1177/59 1802/1178/59 458/1179/59 2229/1180/59
f 3930/1181/60 2230/1182/60 816/1183/60 1616/1184/60
f 3929/1185/61 2231/1186/61 847/1187/61 2232/1188/61
f 3928/1189/62 2159/1190/62 815/1191/62 2233/1192/62
f 3927/1193/1 2234/1194/1 341/1195/1 1141/1196/1
f 3926/1197/1 2235/1198/1 848/1199/1 2236/1200/1
f 3925/1201/1 2158/1202/1 814/1203/1 2237/1204/1
f 3924/1205/63 2238/1206/63 813/1207/63 1613/1208/63
f 3923/1209/64 2239/1210/64 849/1211/64 2240/1212/64
f 3922/1213/65 1803/1214/65 459/1215/65 2241/1216/65
f 3921/1217/66 2242/1218/66 812/1219/66 1612/1220/66
f 3920/1221/67 2243/1222/67 850/1223/67 2244/1224/67
f 3919/1225/68 2155/1226/68 811/1227/68 2245/1228/68
f 3918/1229/69 2246/1230/69 356/1231/69 1156/1232/69
f 3917/1233/70 2247/1234/70 851/1235/70 2248/1236/70
f 3916/1237/71 2154/1238/71 810/1239/71 2249/1240/71
f 3915/1241/1 2250/1242/1 809/1243/1 1609/1244/1
f 3914/1245/1 2251/1246/1 852/1247/1 2252/1248/1
f 3913/1249/1 1796/1250/1 452/1251/1 2253/1252/1
f 3912/1253/1 2254/1254/1 808/1255/1 1608/1256/1
f 3911/1257/1 2255/1258/1 853/1259/1 2256/1260/1
f 3910/1261/1 2151/1262/1 807/1263/1 2257/1264/1
f 3909/1265/1 2258/1266/1 357/1267/1 1157/1268/1
f 3908/1269/1 2259/1270/1 854/1271/1 2260/1272/1
f 3907/1273/1 2150/1274/1 806/1275/1 2261/1276/1
f 3906/1277/72 2262/1278/72 805/1279/72 1605/1280/72
f 3905/1281/1 2263/1282/1 855/1283/1 2264/1284/1
f 3904/1285/73 1806/1286/73 462/1287/73 2265/1288/73
f 3903/1289/1 2266/1290/1 804/1291/1 1604/1292/1
f 3902/1293/1 2267/1294/1 856/1295/1 2268/1296/1
f 3901/1297/1 2147/1298/1 803/1299/1 2269/1300/1
f 3900/1301/1 2270/1302/1 340/1303/1 1140/1304/1
f 3899/1305/1 2271/1306/1 857/1307/1 2272/1308/1
f 3898/1309/1 2146/1310/1 802/1311/1 2273/1312/1
f 3897/1313/74 2274/1314/74 801/1315/74 1601/1316/74
f 3896/1317/75 2275/1318/75 858/1319/75 2276/1320/75
f 3895/1321/76 1807/1322/76 463/1323/76 2277/1324/76
f 3894/1325/77 2278/1326/77 800/1327/77 1600/1328/77
f 3893/1329/78 2279/1330/78 859/1331/78 2280/1332/78
f 3892/1333/79 2143/1334/79 799/1335/79 2281/1336/79
f 3891/1337/1 2282/1338/1 360/1339/1 1160/1340/1
f 3890/1341/80 2283/1342/80 860/1343/80 2284/1344/80
f 3889/1345/81 2142/1346/81 798/1347/81 2285/1348/81
f 3888/1349/1 2286/1350/1 797/1351/1 1597/1352/1
f 3887/1353/1 2287/1354/1 861/1355/1 2288/1356/1
f 3886/1357/1 1799/1358/1 455/1359/1 2289/1360/1
f 3885/1361/1 2290/1362/1 796/1363/1 1596/1364/1
f 3884/1365/1 2291/1366/1 862/1367/1 2292/1368/1
f 3883/1369/1 2139/1370/1 795/1371/1 2293/1372/1
f 3882/1373/1 2294/1374/1 361/1375/1 1161/1376/1
f 3881/1377/1 2295/1378/1 863/1379/1 2296/1380/1
f 3880/1381/1 2138/1382/1 794/1383/1 2297/1384/1
f 3879/1385/1 2298/1386/1 793/1387/1 1593/1388/1
f 3878/1389/1 2299/1390/1 864/1391/1 2300/1392/1
f 3877/1393/1 1810/1394/1 466/1395/1 2301/1396/1
f 3876/1397/1 2302/1398/1 792/1399/1 1592/1400/1
f 3875/1401/1 2303/1402/1 865/1403/1 2304/1404/1
f 3874/1405/1 2135/1406/1 791/1407/1 2305/1408/1
f 3873/1409/1 2306/1410/1 333/1411/1 1133/1412/1
f 3872/1413/1 2307/1414/1 866/1415/1 2308/1416/1
f 3871/1417/1 2134/1418/1 790/1419/1 2309/1420/1
f 3870/1421/82 2310/1422/82 789/1423/82 1589/1424/82
f 3869/1425/1 2311/1426/1 867/1427/1 2312/1428/1
f 3868/1429/1 1811/1430/1 467/1431/1 2313/1432/1
f 3867/1433/1 2314/1434/1 788/1435/1 1588/1436/1
f 3866/1437/1 2315/1438/1 868/1439/1 2316/1440/1
f 3865/1441/1 2131/1442/1 787/1443/1 2317/1444/1
f 3864/1445/1 2318/1446/1 364/1447/1 1164/1448/1
f 3863/1449/1 2319/1450/1 869/1451/1 2320/1452/1
f 3862/1453/83 2130/1454/83 786/1455/83 2321/1456/83
f 3861/1457/1 2322/1458/1 785/1459/1 1585/1460/1
f 3860/1461/1 2323/1462/1 870/1463/1 2324/1464/1
f 3859/1465/1 1798/1466/1 454/1467/1 2325/1468/1
f 3858/1469/1 2326/1470/1 784/1471/1 1584/1472/1
f 3857/1473/1 2327/1474/1 871/1475/1 2328/1476/1
f 3856/1477/1 2127/1478/1 783/1479/1 2329/1480/1
f 3855/1481/1 2330/1482/1 365/1483/1 1165/1484/1
f 3854/1485/1 2331/1486/1 872/1487/1 2332/1488/1
f 3853/1489/1 2126/1490/1 782/1491/1 2333/1492/1
f 3852/1493/1 2334/1494/1 781/1495/1 1581/1496/1
f 3851/1497/1 2335/1498/1 873/1499/1 2336/1500/1
f 3850/1501/1 1814/1502/1 470/1503/1 2337/1504/1
f 3849/1505/1 2338/1506/1 780/1507/1 1580/1508/1
f 3848/1509/1 2339/1510/1 874/1511/1 2340/1512/1
f 3847/1513/1 2123/1514/1 779/1515/1 2341/1516/1
f 3846/1517/1 2342/1518/1 337/1519/1 1137/1520/1
f 3845/1521/1 2343/1522/1 875/1523/1 2344/1524/1
f 3844/1525/1 2122/1526/1 778/1527/1 2345/1528/1
f 3843/1529/1 2346/1530/1 777/1531/1 1577/1532/1
f 3842/1533/1 2347/1534/1 876/1535/1 2348/1536/1
f 3841/1537/1 1815/1538/1 471/1539/1 2349/1540/1
f 3840/1541/1 2350/1542/1 776/1543/1 1576/1544/1
f 3839/1545/1 2351/1546/1 877/1547/1 2352/1548/1
f 3838/1549/1 2119/1550/1 775/1551/1 2353/1552/1
f 3837/1553/1 2354/1554/1 368/1555/1 1168/1556/1
f 3836/1557/1 2355/1558/1 878/1559/1 2356/1560/1
f 3835/1561/1 2118/1562/1 774/1563/1 2357/1564/1
f 3834/1565/1 2358/1566/1 773/1567/1 1573/1568/1
f 3833/1569/1 2359/1570/1 879/1571/1 2360/1572/1
f 3832/1573/1 1792/1574/1 448/1575/1 2361/1576/1
f 3831/1577/1 2362/1578/1 772/1579/1 1572/1580/1
f 3830/1581/1 2363/1582/1 880/1583/1 2364/1584/1
f 3829/1585/1 2115/1586/1 771/1587/1 2365/1588/1
f 3828/1589/84 2366/1590/84 369/1591/84 1169/1592/84
f 3827/1593/85 2367/1594/85 881/1595/85 2368/1596/85
f 3826/1597/1 2114/1598/1 770/1599/1 2369/1600/1
f 3825/1601/86 2370/1602/86 769/1603/86 1569/1604/86
f 3824/1605/1 2371/1606/1 882/1607/1 2372/1608/1
f 3823/1609/1 1858/1610/1 514/1611/1 2373/1612/1
f 3822/1613/87 2374/1614/87 768/1615/87 1568/1616/87
f 3821/1617/1 2375/1618/1 883/1619/1 2376/1620/1
f 3820/1621/1 2111/1622/1 767/1623/1 2377/1624/1
f 3819/1625/88 2378/1626/88 329/1627/88 1129/1628/88
f 3818/1629/89 2379/1630/89 884/1631/89 2380/1632/89
f 3817/1633/90 2110/1634/90 766/1635/90 2381/1636/90
f 3816/1637/1 2382/1638/1 765/1639/1 1565/1640/1
f 3815/1641/1 2383/1642/1 885/1643/1 2384/1644/1
f 3814/1645/1 1859/1646/1 515/1647/1 2385/1648/1
f 3813/1649/1 2386/1650/1 764/1651/1 1564/1652/1
f 3812/1653/1 2387/1654/1 886/1655/1 2388/1656/1
f 3811/1657/1 2107/1658/1 763/1659/1 2389/1660/1
f 3810/1661/1 2390/1662/1 372/1663/1 1172/1664/1
f 3809/1665/1 2391/1666/1 887/1667/1 2392/1668/1
f 3808/1669/1 2106/1670/1 762/1671/1 2393/1672/1
f 3807/1673/1 2394/1674/1 761/1675/1 1561/1676/1
f 3806/1677/1 2395/1678/1 888/1679/1 2396/1680/1
f 3805/1681/1 1832/1682/1 488/1683/1 2397/1684/1
f 3804/1685/1 2398/1686/1 760/1687/1 1560/1688/1
f 3803/1689/1 2399/1690/1 889/1691/1 2400/1692/1
f 3802/1693/1 2103/1694/1 759/1695/1 2401/1696/1
f 3801/1697/1 2402/1698/1 373/1699/1 1173/1700/1
f 3800/1701/1 2403/1702/1 890/1703/1 2404/1704/1
f 3799/1705/1 2102/1706/1 758/1707/1 2405/1708/1
f 3798/1709/1 2406/1710/1 757/1711/1 1557/1712/1
f 3797/1713/1 2407/1714/1 891/1715/1 2408/1716/1
f 3796/1717/1 1862/1718/1 518/1719/1 2409/1720/1
f 3795/1721/1 2410/1722/1 756/1723/1 1556/1724/1
f 3794/1725/1 2411/1726/1 892/1727/1 2412/1728/1
f 3793/1729/1 2099/1730/1 755/1731/1 2413/1732/1
f 3792/1733/1 2414/1734/1 328/1735/1 1128/1736/1
f 3791/1737/1 2415/1738/1 893/1739/1 2416/1740/1
f 3790/1741/1 2098/1742/1 754/1743/1 2417/1744/1
f 3789/1745/1 2418/1746/1 753/1747/1 1553/1748/1
f 3788/1749/1 2419/1750/1 894/1751/1 2420/1752/1
f 3787/1753/1 1863/1754/1 519/1755/1 2421/1756/1
f 3786/1757/1 2422/1758/1 752/1759/1 1552/1760/1
f 3785/1761/1 2423/1762/1 895/1763/1 2424/1764/1
f 3784/1765/1 2095/1766/1 751/1767/1 2425/1768/1
f 3783/1769/1 2426/1770/1 376/1771/1 1176/1772/1
f 3782/1773/1 2427/1774/1 896/1775/1 2428/1776/1
f 3781/1777/1 2094/1778/1 750/1779/1 2429/1780/1
f 3780/1781/1 2430/1782/1 749/1783/1 1549/1784/1
f 3779/1785/1 2431/1786/1 897/1787/1 2432/1788/1
f 3778/1789/1 1855/1790/1 511/1791/1 2433/1792/1
f 3777/1793/1 2434/1794/1 748/1795/1 1548/1796/1
f 3776/1797/1 2435/1798/1 898/1799/1 2436/1800/1
f 3775/1801/1 2091/1802/1 747/1803/1 2437/1804/1
f 3774/1805/1 2438/1806/1 377/1807/1 1177/1808/1
f 3773/1809/1 2439/1810/1 899/1811/1 2440/1812/1
f 3772/1813/1 2090/1814/1 746/1815/1 2441/1816/1
f 3771/1817/1 2442/1818/1 745/1819/1 1545/1820/1
f 3770/1821/1 2443/1822/1 900/1823/1 2444/1824/1
f 3769/1825/1 1866/1826/1 522/1827/1 2445/1828/1
f 3768/1829/1 2446/1830/1 744/1831/1 1544/1832/1
f 3767/1833/1 2447/1834/1 901/1835/1 2448/1836/1
f 3766/1837/1 2087/1838/1 743/1839/1 2449/1840/1
f 3765/1841/1 2450/1842/1 297/1843/1 1097/1844/1
f 3764/1845/1 2451/1846/1 902/1847/1 2452/1848/1
f 3763/1849/1 2086/1850/1 742/1851/1 2453/1852/1
f 3762/1853/1 2454/1854/1 741/1855/1 1541/1856/1
f 3761/1857/1 2455/1858/1 903/1859/1 2456/1860/1
f 3760/1861/1 1867/1862/1 523/1863/1 2457/1864/1
f 3759/1865/1 2458/1866/1 740/1867/1 1540/1868/1
f 3758/1869/1 2459/1870/1 904/1871/1 2460/1872/1
f 3757/1873/1 2083/1874/1 739/1875/1 2461/1876/1
f 3756/1877/1 2462/1878/1 380/1879/1 1180/1880/1
f 3755/1881/1 2463/1882/1 905/1883/1 2464/1884/1
f 3754/1885/1 2082/1886/1 738/1887/1 2465/1888/1
f 3753/1889/91 2466/1890/91 737/1891/91 1537/1892/91
f 3752/1893/92 2467/1894/92 906/1895/92 2468/1896/92
f 3751/1897/93 1854/1898/93 510/1899/93 2469/1900/93
f 3750/1901/1 2470/1902/1 736/1903/1 1536/1904/1
f 3749/1905/1 2471/1906/1 907/1907/1 2472/1908/1
f 3748/1909/94 2079/1910/94 735/1911/94 2473/1912/94
f 3747/1913/1 2474/1914/1 381/1915/1 1181/1916/1
f 3746/1917/1 2475/1918/1 908/1919/1 2476/1920/1
f 3745/1921/1 2078/1922/1 734/1923/1 2477/1924/1
f 3744/1925/1 2478/1926/1 733/1927/1 1533/1928/1
f 3743/1929/1 2479/1930/1 909/1931/1 2480/1932/1
f 3742/1933/1 1870/1934/1 526/1935/1 2481/1936/1
f 3741/1937/95 2482/1938/95 732/1939/95 1532/1940/95
f 3740/1941/1 2483/1942/1 910/1943/1 2484/1944/1
f 3739/1945/1 2075/1946/1 731/1947/1 2485/1948/1
f 3738/1949/96 2486/1950/96 325/1951/96 1125/1952/96
f 3737/1953/97 2487/1954/97 911/1955/97 2488/1956/97
f 3736/1957/98 2074/1958/98 730/1959/98 2489/1960/98
f 3735/1961/99 2490/1962/99 729/1963/99 1529/1964/99
f 3734/1965/100 2491/1966/100 912/1967/100 2492/1968/100
f 3733/1969/101 1871/1970/101 527/1971/101 2493/1972/101
f 3732/1973/102 2494/1974/102 728/1975/102 1528/1976/102
f 3731/1977/103 2495/1978/103 913/1979/103 2496/1980/103
f 3730/1981/104 2071/1982/104 727/1983/104 2497/1984/104
f 3729/1985/1 2498/1986/1 384/1987/1 1184/1988/1
f 3728/1989/1 2499/1990/1 914/1991/1 2500/1992/1
f 3727/1993/1 2070/1994/1 726/1995/1 2501/1996/1
f 3726/1997/1 2502/1998/1 725/1999/1 1525/2000/1
f 3725/2001/1 2503/2002/1 915/2003/1 2504/2004/1
f 3724/2005/1 1838/2006/1 494/2007/1 2505/2008/1
f 3723/2009/1 2506/2010/1 724/2011/1 1524/2012/1
f 3722/2013/1 2507/2014/1 916/2015/1 2508/2016/1
f 3721/2017/1 2067/2018/1 723/2019/1 2509/2020/1
f 3720/2021/1 2510/2022/1 385/2023/1 1185/2024/1
f 3719/2025/1 2511/2026/1 917/2027/1 2512/2028/1
f 3718/2029/1 2066/2030/1 722/2031/1 2513/2032/1
f 3717/2033/1 2514/2034/1 721/2035/1 1521/2036/1
f 3716/2037/1 2515/2038/1 918/2039/1 2516/2040/1
f 3715/2041/1 1874/2042/1 530/2043/1 2517/2044/1
f 3714/2045/1 2518/2046/1 720/2047/1 1520/2048/1
f 3713/2049/1 2519/2050/1 919/2051/1 2520/2052/1
f 3712/2053/1 2063/2054/1 719/2055/1 2521/2056/1
f 3711/2057/1 2522/2058/1 324/2059/1 1124/2060/1
f 3710/2061/1 2523/2062/1 920/2063/1 2524/2064/1
f 3709/2065/1 2062/2066/1 718/2067/1 2525/2068/1
f 3708/2069/1 2526/2070/1 717/2071/1 1517/2072/1
f 3707/2073/1 2527/2074/1 921/2075/1 2528/2076/1
f 3706/2077/1 1875/2078/1 531/2079/1 2529/2080/1
f 3705/2081/1 2530/2082/1 716/2083/1 1516/2084/1
f 3704/2085/1 2531/2086/1 922/2087/1 2532/2088/1
f 3703/2089/1 2059/2090/1 715/2091/1 2533/2092/1
f 3702/2093/1 2534/2094/1 388/2095/1 1188/2096/1
f 3701/2097/1 2535/2098/1 923/2099/1 2536/2100/1
f 3700/2101/1 2058/2102/1 714/2103/1 2537/2104/1
f 3699/2105/1 2538/2106/1 713/2107/1 1513/2108/1
f 3698/2109/1 2539/2110/1 924/2111/1 2540/2112/1
f 3697/2113/105 1851/2114/105 507/2115/105 2541/2116/105
f 3696/2117/1 2542/2118/1 712/2119/1 1512/2120/1
f 3695/2121/1 2543/2122/1 925/2123/1 2544/2124/1
f 3694/2125/1 2055/2126/1 711/2127/1 2545/2128/1
f 3693/2129/1 2546/2130/1 389/2131/1 1189/2132/1
f 3692/2133/1 2547/2134/1 926/2135/1 2548/2136/1
f 3691/2137/1 2054/2138/1 710/2139/1 2549/2140/1
f 3690/2141/1 2550/2142/1 709/2143/1 1509/2144/1
f 3689/2145/1 2551/2146/1 927/2147/1 2552/2148/1
f 3688/2149/1 1878/2150/1 534/2151/1 2553/2152/1
f 3687/2153/1 2554/2154/1 708/2155/1 1508/2156/1
f 3686/2157/1 2555/2158/1 928/2159/1 2556/2160/1
f 3685/2161/1 2051/2162/1 707/2163/1 2557/2164/1
f 3684/2165/1 2558/2166/1 293/2167/1 1093/2168/1
f 3683/2169/1 2559/2170/1 929/2171/1 2560/2172/1
f 3682/2173/1 2050/2174/1 706/2175/1 2561/2176/1
f 3681/2177/1 2562/2178/1 705/2179/1 1505/2180/1
f 3680/2181/1 2563/2182/1 930/2183/1 2564/2184/1
f 3679/2185/1 1879/2186/1 535/2187/1 2565/2188/1
f 3678/2189/1 2566/2190/1 704/2191/1 1504/2192/1
f 3677/2193/1 2567/2194/1 931/2195/1 2568/2196/1
f 3676/2197/1 2047/2198/1 703/2199/1 2569/2200/1
f 3675/2201/1 2570/2202/1 392/2203/1 1192/2204/1
f 3674/2205/1 2571/2206/1 932/2207/1 2572/2208/1
f 3673/2209/1 2046/2210/1 702/2211/1 2573/2212/1
f 3672/2213/106 2574/2214/106 701/2215/106 1501/2216/106
f 3671/2217/107 2575/2218/107 933/2219/107 2576/2220/107
f 3670/2221/108 1850/2222/108 506/2223/108 2577/2224/108
f 3669/2225/1 2578/2226/1 700/2227/1 1500/2228/1
f 3668/2229/1 2579/2230/1 934/2231/1 2580/2232/1
f 3667/2233/109 2043/2234/109 699/2235/109 2581/2236/109
f 3666/2237/1 2582/2238/1 393/2239/1 1193/2240/1
f 3665/2241/1 2583/2242/1 935/2243/1 2584/2244/1
f 3664/2245/1 2042/2246/1 698/2247/1 2585/2248/1
f 3663/2249/1 2586/2250/1 697/2251/1 1497/2252/1
f 3662/2253/1 2587/2254/1 936/2255/1 2588/2256/1
f 3661/2257/1 1882/2258/1 538/2259/1 2589/2260/1
f 3660/2261/1 2590/2262/1 696/2263/1 1496/2264/1
f 3659/2265/1 2591/2266/1 937/2267/1 2592/2268/1
f 3658/2269/1 2039/2270/1 695/2271/1 2593/2272/1
f 3657/2273/1 2594/2274/1 321/2275/1 1121/2276/1
f 3656/2277/1 2595/2278/1 938/2279/1 2596/2280/1
f 3655/2281/1 2038/2282/1 694/2283/1 2597/2284/1
f 3654/2285/1 2598/2286/1 693/2287/1 1493/2288/1
f 3653/2289/1 2599/2290/1 939/2291/1 2600/2292/1
f 3652/2293/1 1883/2294/1 539/2295/1 2601/2296/1
f 3651/2297/1 2602/2298/1 692/2299/1 1492/2300/1
f 3650/2301/1 2603/2302/1 940/2303/1 2604/2304/1
f 3649/2305/1 2035/2306/1 691/2307/1 2605/2308/1
f 3648/2309/1 2606/2310/1 396/2311/1 1196/2312/1
f 3647/2313/1 2607/2314/1 941/2315/1 2608/2316/1
f 3646/2317/1 2034/2318/1 690/2319/1 2609/2320/1
f 3645/2321/1 2610/2322/1 689/2323/1 1489/2324/1
f 3644/2325/1 2611/2326/1 942/2327/1 2612/2328/1
f 3643/2329/1 1839/2330/1 495/2331/1 2613/2332/1
f 3642/2333/1 2614/2334/1 688/2335/1 1488/2336/1
f 3641/2337/1 2615/2338/1 943/2339/1 2616/2340/1
f 3640/2341/1 2031/2342/1 687/2343/1 2617/2344/1
f 3639/2345/1 2618/2346/1 397/2347/1 1197/2348/1
f 3638/2349/1 2619/2350/1 944/2351/1 2620/2352/1
f 3637/2353/1 2030/2354/1 686/2355/1 2621/2356/1
f 3636/2357/110 2622/2358/110 685/2359/110 1485/2360/110
f 3635/2361/111 2623/2362/111 945/2363/111 2624/2364/111
f 3634/2365/112 1886/2366/112 542/2367/112 2625/2368/112
f 3633/2369/1 2626/2370/1 684/2371/1 1484/2372/1
f 3632/2373/1 2627/2374/1 946/2375/1 2628/2376/1
f 3631/2377/1 2027/2378/1 683/2379/1 2629/2380/1
f 3630/2381/1 2630/2382/1 320/2383/1 1120/2384/1
f 3629/2385/1 2631/2386/1 947/2387/1 2632/2388/1
f 3628/2389/1 2026/2390/1 682/2391/1 2633/2392/1
f 3627/2393/1 2634/2394/1 681/2395/1 1481/2396/1
f 3626/2397/1 2635/2398/1 948/2399/1 2636/2400/1
f 3625/2401/1 1887/2402/1 543/2403/1 2637/2404/1
f 3624/2405/1 2638/2406/1 680/2407/1 1480/2408/1
f 3623/2409/1 2639/2410/1 949/2411/1 2640/2412/1
f 3622/2413/1 2023/2414/1 679/2415/1 2641/2416/1
f 3621/2417/1 2642/2418/1 400/2419/1 1200/2420/1
f 3620/2421/1 2643/2422/1 950/2423/1 2644/2424/1
f 3619/2425/1 2022/2426/1 678/2427/1 2645/2428/1
f 3618/2429/12 2646/2430/12 677/2431/12 1477/2432/12
f 3617/2433/1 2647/2434/1 951/2435/1 2648/2436/1
f 3616/2437/1 1847/2438/1 503/2439/1 2649/2440/1
f 3615/2441/113 2650/2442/113 676/2443/113 1476/2444/113
f 3614/2445/1 2651/2446/1 952/2447/1 2652/2448/1
f 3613/2449/1 2019/2450/1 675/2451/1 2653/2452/1
f 3612/2453/114 2654/2454/114 401/2455/114 1201/2456/114
f 3611/2457/115 2655/2458/115 953/2459/115 2656/2460/115
f 3610/2461/116 2018/2462/116 674/2463/116 2657/2464/116
f 3609/2465/1 2658/2466/1 673/2467/1 1473/2468/1
f 3608/2469/1 2659/2470/1 954/2471/1 2660/2472/1
f 3607/2473/1 1890/2474/1 546/2475/1 2661/2476/1
f 3606/2477/1 2662/2478/1 672/2479/1 1472/2480/1
f 3605/2481/1 2663/2482/1 955/2483/1 2664/2484/1
f 3604/2485/1 2015/2486/1 671/2487/1 2665/2488/1
f 3603/2489/1 2666/2490/1 300/2491/1 1100/2492/1
f 3602/2493/1 2667/2494/1 956/2495/1 2668/2496/1
f 3601/2497/1 2014/2498/1 670/2499/1 2669/2500/1
f 3600/2501/1 2670/2502/1 669/2503/1 1469/2504/1
f 3599/2505/1 2671/2506/1 957/2507/1 2672/2508/1
f 3598/2509/1 1891/2510/1 547/2511/1 2673/2512/1
f 3597/2513/1 2674/2514/1 668/2515/1 1468/2516/1
f 3596/2517/1 2675/2518/1 958/2519/1 2676/2520/1
f 3595/2521/1 2011/2522/1 667/2523/1 2677/2524/1
f 3594/2525/1 2678/2526/1 404/2527/1 1204/2528/1
f 3593/2529/1 2679/2530/1 959/2531/1 2680/2532/1
f 3592/2533/1 2010/2534/1 666/2535/1 2681/2536/1
f 3591/2537/1 2682/2538/1 665/2539/1 1465/2540/1
f 3590/2541/1 2683/2542/1 960/2543/1 2684/2544/1
f 3589/2545/1 1846/2546/1 502/2547/1 2685/2548/1
f 3588/2549/1 2686/2550/1 664/2551/1 1464/2552/1
f 3587/2553/1 2687/2554/1 961/2555/1 2688/2556/1
f 3586/2557/1 2007/2558/1 663/2559/1 2689/2560/1
f 3585/2561/1 2690/2562/1 405/2563/1 1205/2564/1
f 3584/2565/1 2691/2566/1 962/2567/1 2692/2568/1
f 3583/2569/1 2006/2570/1 662/2571/1 2693/2572/1
f 3582/2573/1 2694/2574/1 661/2575/1 1461/2576/1
f 3581/2577/1 2695/2578/1 963/2579/1 2696/2580/1
f 3580/2581/1 1894/2582/1 550/2583/1 2697/2584/1
f 3579/2585/117 2698/2586/117 660/2587/117 1460/2588/117
f 3578/2589/1 2699/2590/1 964/2591/1 2700/2592/1
f 3577/2593/1 2003/2594/1 659/2595/1 2701/2596/1
f 3576/2597/118 2702/2598/118 317/2599/118 1117/2600/118
f 3575/2601/119 2703/2602/119 965/2603/119 2704/2604/119
f 3574/2605/1 2002/2606/1 658/2607/1 2705/2608/1
f 3573/2609/1 2706/2610/1 657/2611/1 1457/2612/1
f 3572/2613/1 2707/2614/1 966/2615/1 2708/2616/1
f 3571/2617/1 1895/2618/1 551/2619/1 2709/2620/1
f 3570/2621/1 2710/2622/1 656/2623/1 1456/2624/1
f 3569/2625/1 2711/2626/1 967/2627/1 2712/2628/1
f 3568/2629/1 1999/2630/1 655/2631/1 2713/2632/1
f 3567/2633/1 2714/2634/1 408/2635/1 1208/2636/1
f 3566/2637/1 2715/2638/1 968/2639/1 2716/2640/1
f 3565/2641/1 1998/2642/1 654/2643/1 2717/2644/1
f 3564/2645/1 2718/2646/1 653/2647/1 1453/2648/1
f 3563/2649/1 2719/2650/1 969/2651/1 2720/2652/1
f 3562/2653/1 1836/2654/1 492/2655/1 2721/2656/1
f 3561/2657/1 2722/2658/1 652/2659/1 1452/2660/1
f 3560/2661/1 2723/2662/1 970/2663/1 2724/2664/1
f 3559/2665/1 1995/2666/1 651/2667/1 2725/2668/1
f 3558/2669/1 2726/2670/1 409/2671/1 1209/2672/1
f 3557/2673/1 2727/2674/1 971/2675/1 2728/2676/1
f 3556/2677/1 1994/2678/1 650/2679/1 2729/2680/1
f 3555/2681/120 2730/2682/120 649/2683/120 1449/2684/120
f 3554/2685/121 2731/2686/121 972/2687/121 2732/2688/121
f 3553/2689/122 1898/2690/122 554/2691/122 2733/2692/122
f 3552/2693/1 2734/2694/1 648/2695/1 1448/2696/1
f 3551/2697/1 2735/2698/1 973/2699/1 2736/2700/1
f 3550/2701/1 1991/2702/1 647/2703/1 2737/2704/1
f 3549/2705/1 2738/2706/1 316/2707/1 1116/2708/1
f 3548/2709/1 2739/2710/1 974/2711/1 2740/2712/1
f 3547/2713/1 1990/2714/1 646/2715/1 2741/2716/1
f 3546/2717/1 2742/2718/1 645/2719/1 1445/2720/1
f 3545/2721/1 2743/2722/1 975/2723/1 2744/2724/1
f 3544/2725/1 1899/2726/1 555/2727/1 2745/2728/1
f 3543/2729/1 2746/2730/1 644/2731/1 1444/2732/1
f 3542/2733/1 2747/2734/1 976/2735/1 2748/2736/1
f 3541/2737/1 1987/2738/1 643/2739/1 2749/2740/1
f 3540/2741/1 2750/2742/1 412/2743/1 1212/2744/1
f 3539/2745/1 2751/2746/1 977/2747/1 2752/2748/1
f 3538/2749/1 1986/2750/1 642/2751/1 2753/2752/1
f 3537/2753/1 2754/2754/1 641/2755/1 1441/2756/1
f 3536/2757/1 2755/2758/1 978/2759/1 2756/2760/1
f 3535/2761/1 1843/2762/1 499/2763/1 2757/2764/1
f 3534/2765/1 2758/2766/1 640/2767/1 1440/2768/1
f 3533/2769/1 2759/2770/1 979/2771/1 2760/2772/1
f 3532/2773/1 1983/2774/1 639/2775/1 2761/2776/1
f 3531/2777/123 2762/2778/123 413/2779/123 1213/2780/123
f 3530/2781/1 2763/2782/1 980/2783/1 2764/2784/1
f 3529/2785/1 1982/2786/1 638/2787/1 2765/2788/1
f 3528/2789/1 2766/2790/1 637/2791/1 1437/2792/1
f 3527/2793/1 2767/2794/1 981/2795/1 2768/2796/1
f 3526/2797/1 1902/2798/1 558/2799/1 2769/2800/1
f 3525/2801/1 2770/2802/1 636/2803/1 1436/2804/1
f 3524/2805/1 2771/2806/1 982/2807/1 2772/2808/1
f 3523/2809/1 1979/2810/1 635/2811/1 2773/2812/1
f 3522/2813/1 2774/2814/1 301/2815/1 1101/2816/1
f 3521/2817/1 2775/2818/1 983/2819/1 2776/2820/1
f 3520/2821/1 1978/2822/1 634/2823/1 2777/2824/1
f 3519/2825/1 2778/2826/1 633/2827/1 1433/2828/1
f 3518/2829/110 2779/2830/110 984/2831/110 2780/2832/110
f 3517/2833/124 1903/2834/124 559/2835/124 2781/2836/124
f 3516/2837/1 2782/2838/1 632/2839/1 1432/2840/1
f 3515/2841/1 2783/2842/1 985/2843/1 2784/2844/1
f 3514/2845/1 1975/2846/1 631/2847/1 2785/2848/1
f 3513/2849/1 2786/2850/1 416/2851/1 1216/2852/1
f 3512/2853/1 2787/2854/1 986/2855/1 2788/2856/1
f 3511/2857/1 1974/2858/1 630/2859/1 2789/2860/1
f 3510/2861/125 2790/2862/125 629/2863/125 1429/2864/125
f 3509/2865/126 2791/2866/126 987/2867/126 2792/2868/126
f 3508/2869/127 1842/2870/127 498/2871/127 2793/2872/127
f 3507/2873/128 2794/2874/128 628/2875/128 1428/2876/128
f 3506/2877/129 2795/2878/129 988/2879/129 2796/2880/129
f 3505/2881/130 1971/2882/130 627/2883/130 2797/2884/130
f 3504/2885/131 2798/2886/131 417/2887/131 1217/2888/131
f 3503/2889/132 2799/2890/132 989/2891/132 2800/2892/132
f 3502/2893/133 1970/2894/133 626/2895/133 2801/2896/133
f 3501/2897/1 2802/2898/1 625/2899/1 1425/2900/1
f 3500/2901/134 2803/2902/134 990/2903/134 2804/2904/134
f 3499/2905/1 1906/2906/1 562/2907/1 2805/2908/1
f 3498/2909/135 2806/2910/135 624/2911/135 1424/2912/135
f 3497/2913/136 2807/2914/136 991/2915/136 2808/2916/136
f 3496/2917/137 1967/2918/137 623/2919/137 2809/2920/137
f 3495/2921/1 2810/2922/1 313/2923/1 1113/2924/1
f 3494/2925/138 2811/2926/138 992/2927/138 2812/2928/138
f 3493/2929/1 1966/2930/1 622/2931/1 2813/2932/1
f 3492/2933/139 2814/2934/139 621/2935/139 1421/2936/139
f 3491/2937/33 2815/2938/33 993/2939/33 2816/2940/33
f 3490/2941/1 1907/2942/1 563/2943/1 2817/2944/1
f 3489/2945/140 2818/2946/140 620/2947/140 1420/2948/140
f 3488/2949/141 2819/2950/141 994/2951/141 2820/2952/141
f 3487/2953/142 1963/2954/142 619/2955/142 2821/2956/142
f 3486/2957/143 2822/2958/143 420/2959/143 1220/2960/143
f 3485/2961/144 2823/2962/144 995/2963/144 2824/2964/144
f 3484/2965/145 1962/2966/145 618/2967/145 2825/2968/145
f 3483/2969/1 2826/2970/1 617/2971/1 1417/2972/1
f 3482/2973/1 2827/2974/1 996/2975/1 2828/2976/1
f 3481/2977/1 1824/2978/1 480/2979/1 2829/2980/1
f 3480/2981/1 2830/2982/1 616/2983/1 1416/2984/1
f 3479/2985/1 2831/2986/1 997/2987/1 2832/2988/1
f 3478/2989/1 1959/2990/1 615/2991/1 2833/2992/1
f 3477/2993/1 2834/2994/1 421/2995/1 1221/2996/1
f 3476/2997/1 2835/2998/1 998/2999/1 2836/3000/1
f 3475/3001/1 1958/3002/1 614/3003/1 2837/3004/1
f 3474/3005/146 2838/3006/146 613/3007/146 1413/3008/146
f 3473/3009/147 2839/3010/147 999/3011/147 2840/3012/147
f 3472/3013/1 1910/3014/1 566/3015/1 2841/3016/1
f 3471/3017/148 2842/3018/148 612/3019/148 1412/3020/148
f 3470/3021/149 2843/3022/149 1000/3023/149 2844/3024/149
f 3469/3025/150 1955/3026/150 611/3027/150 2845/3028/150
f 3468/3029/151 2846/3030/151 312/3031/151 1112/3032/151
f 3467/3033/152 2847/3034/152 1001/3035/152 2848/3036/152
f 3466/3037/153 1954/3038/153 610/3039/153 2849/3040/153
f 3465/3041/1 2850/3042/1 609/3043/1 1409/3044/1
f 3464/3045/1 2851/3046/1 1002/3047/1 2852/3048/1
f 3463/3049/1 1911/3050/1 567/3051/1 2853/3052/1
f 3462/3053/1 2854/3054/1 608/3055/1 1408/3056/1
f 3461/3057/1 2855/3058/1 1003/3059/1 2856/3060/1
f 3460/3061/1 1951/3062/1 607/3063/1 2857/3064/1
f 3459/3065/1 2858/3066/1 424/3067/1 1224/3068/1
f 3458/3069/1 2859/3070/1 1004/3071/1 2860/3072/1
f 3457/3073/1 1950/3074/1 606/3075/1 2861/3076/1
f 3456/3077/1 2862/3078/1 605/3079/1 1405/3080/1
f 3455/3081/1 2863/3082/1 1005/3083/1 2864/3084/1
f 3454/3085/1 1827/3086/1 483/3087/1 2865/3088/1
f 3453/3089/1 2866/3090/1 604/3091/1 1404/3092/1
f 3452/3093/1 2867/3094/1 1006/3095/1 2868/3096/1
f 3451/3097/1 1947/3098/1 603/3099/1 2869/3100/1
f 3450/3101/1 2870/3102/1 425/3103/1 1225/3104/1
f 3449/3105/1 2871/3106/1 1007/3107/1 2872/3108/1
f 3448/3109/1 1946/3110/1 602/3111/1 2873/3112/1
f 3447/3113/1 2874/3114/1 601/3115/1 1401/3116/1
f 3446/3117/1 2875/3118/1 1008/3119/1 2876/3120/1
f 3445/3121/1 1914/3122/1 570/3123/1 2877/3124/1
f 3444/3125/1 2878/3126/1 600/3127/1 1400/3128/1
f 3443/3129/1 2879/3130/1 1009/3131/1 2880/3132/1
f 3442/3133/1 1943/3134/1 599/3135/1 2881/3136/1
f 3441/3137/1 2882/3138/1 305/3139/1 1105/3140/1
f 3440/3141/1 2883/3142/1 1010/3143/1 2884/3144/1
f 3439/3145/1 1942/3146/1 598/3147/1 2885/3148/1
f 3438/3149/154 2886/3150/154 597/3151/154 1397/3152/154
f 3437/3153/155 2887/3154/155 1011/3155/155 2888/3156/155
f 3436/3157/1 1915/3158/1 571/3159/1 2889/3160/1
f 3435/3161/156 2890/3162/156 596/3163/156 1396/3164/156
f 3434/3165/157 2891/3166/157 1012/3167/157 2892/3168/157
f 3433/3169/158 1939/3170/158 595/3171/158 2893/3172/158
f 3432/3173/1 2894/3174/1 428/3175/1 1228/3176/1
f 3431/3177/159 2895/3178/159 1013/3179/159 2896/3180/159
f 3430/3181/160 1938/3182/160 594/3183/160 2897/3184/160
f 3429/3185/1 2898/3186/1 593/3187/1 1393/3188/1
f 3428/3189/1 2899/3190/1 1014/3191/1 2900/3192/1
f 3427/3193/1 1826/3194/1 482/3195/1 2901/3196/1
f 3426/3197/1 2902/3198/1 592/3199/1 1392/3200/1
f 3425/3201/1 2903/3202/1 1015/3203/1 2904/3204/1
f 3424/3205/1 1935/3206/1 591/3207/1 2905/3208/1
f 3423/3209/1 2906/3210/1 429/3211/1 1229/3212/1
f 3422/3213/1 2907/3214/1 1016/3215/1 2908/3216/1
f 3421/3217/1 1934/3218/1 590/3219/1 2909/3220/1
f 3420/3221/1 2910/3222/1 589/3223/1 1389/3224/1
f 3419/3225/1 2911/3226/1 1017/3227/1 2912/3228/1
f 3418/3229/1 1918/3230/1 574/3231/1 2913/3232/1
f 3417/3233/1 2914/3234/1 588/3235/1 1388/3236/1
f 3416/3237/1 2915/3238/1 1018/3239/1 2916/3240/1
f 3415/3241/1 1931/3242/1 587/3243/1 2917/3244/1
f 3414/3245/1 2918/3246/1 309/3247/1 1109/3248/1
f 3413/3249/1 2919/3250/1 1019/3251/1 2920/3252/1
f 3412/3253/1 1930/3254/1 586/3255/1 2921/3256/1
f 3411/3257/161 2922/3258/161 585/3259/161 1385/3260/161
f 3410/3261/162 2923/3262/162 1020/3263/162 2924/3264/162
f 3409/3265/163 1919/3266/163 575/3267/163 2925/3268/163
f 3408/3269/164 2926/3270/164 584/3271/164 1384/3272/164
f 3407/3273/165 2927/3274/165 1021/3275/165 2928/3276/165
f 3406/3277/166 1927/3278/166 583/3279/166 2929/3280/166
f 3405/3281/167 2930/3282/167 432/3283/167 1232/3284/167
f 3404/3285/168 2931/3286/168 1022/3287/168 2932/3288/168
f 3403/3289/169 1926/3290/169 582/3291/169 2933/3292/169
f 3402/3293/1 2934/3294/1 581/3295/1 1381/3296/1
f 3401/3297/1 2935/3298/1 1023/3299/1 2936/3300/1
f 3400/3301/1 1820/3302/1 476/3303/1 2937/3304/1
f 3399/3305/170 2938/3306/170 580/3307/170 1380/3308/170
f 3398/3309/171 2939/3310/171 1024/3311/171 2940/3312/171
f 3397/3313/1 1923/3314/1 579/3315/1 2941/3316/1
f 3396/3317/1 2942/3318/1 433/3319/1 1233/3320/1
f 3395/3321/172 2943/3322/172 1025/3323/172 2944/3324/172
f 3394/3325/1 1922/3326/1 578/3327/1 2945/3328/1
f 3393/3329/1 2946/3330/1 577/3331/1 1377/3332/1
f 3392/3333/1 2947/3334/1 1026/3335/1 2948/3336/1
f 3391/3337/1 1676/3338/1 332/3339/1 2949/3340/1
f 3390/3341/173 2950/3342/173 576/3343/173 1376/3344/173
f 3389/3345/174 2951/3346/174 1027/3347/174 2952/3348/174
f 3388/3349/175 1775/3350/175 431/3351/175 2953/3352/175
f 3387/3353/1 2954/3354/1 453/3355/1 1253/3356/1
f 3386/3357/1 2955/3358/1 1028/3359/1 2956/3360/1
f 3385/3361/1 1774/3362/1 430/3363/1 2957/3364/1
f 3384/3365/1 2958/3366/1 573/3367/1 1373/3368/1
f 3383/3369/1 2959/3370/1 1029/3371/1 2960/3372/1
f 3382/3373/1 1682/3374/1 338/3375/1 2961/3376/1
f 3381/3377/1 2962/3378/1 572/3379/1 1372/3380/1
f 3380/3381/1 2963/3382/1 1030/3383/1 2964/3384/1
f 3379/3385/1 1771/3386/1 427/3387/1 2965/3388/1
f 3378/3389/1 2966/3390/1 449/3391/1 1249/3392/1
f 3377/3393/1 2967/3394/1 1031/3395/1 2968/3396/1
f 3376/3397/1 1770/3398/1 426/3399/1 2969/3400/1
f 3375/3401/1 2970/3402/1 569/3403/1 1369/3404/1
f 3374/3405/1 2971/3406/1 1032/3407/1 2972/3408/1
f 3373/3409/1 1683/3410/1 339/3411/1 2973/3412/1
f 3372/3413/1 2974/3414/1 568/3415/1 1368/3416/1
f 3371/3417/1 2975/3418/1 1033/3419/1 2976/3420/1
f 3370/3421/1 1767/3422/1 423/3423/1 2977/3424/1
f 3369/3425/176 2978/3426/176 456/3427/176 1256/3428/176
f 3368/3429/177 2979/3430/177 1034/3431/177 2980/3432/177
f 3367/3433/178 1766/3434/178 422/3435/178 2981/3436/178
f 3366/3437/1 2982/3438/1 565/3439/1 1365/3440/1
f 3365/3441/1 2983/3442/1 1035/3443/1 2984/3444/1
f 3364/3445/1 1680/3446/1 336/3447/1 2985/3448/1
f 3363/3449/179 2986/3450/179 564/3451/179 1364/3452/179
f 3362/3453/180 2987/3454/180 1036/3455/180 2988/3456/180
f 3361/3457/1 1763/3458/1 419/3459/1 2989/3460/1
f 3360/3461/1 2990/3462/1 457/3463/1 1257/3464/1
f 3359/3465/1 2991/3466/1 1037/3467/1 2992/3468/1
f 3358/3469/1 1762/3470/1 418/3471/1 2993/3472/1
f 3357/3473/181 2994/3474/181 561/3475/181 1361/3476/181
f 3356/3477/182 2995/3478/182 1038/3479/182 2996/3480/182
f 3355/3481/183 1698/3482/183 354/3483/183 2997/3484/183
f 3354/3485/1 2998/3486/1 560/3487/1 1360/3488/1
f 3353/3489/1 2999/3490/1 1039/3491/1 3000/3492/1
f 3352/3493/184 1759/3494/184 415/3495/184 3001/3496/184
f 3351/3497/1 3002/3498/1 445/3499/1 1245/3500/1
f 3350/3501/1 3003/3502/1 1040/3503/1 3004/3504/1
f 3349/3505/1 1758/3506/1 414/3507/1 3005/3508/1
f 3348/3509/185 3006/3510/185 557/3511/185 1357/3512/185
f 3347/3513/1 3007/3514/1 1041/3515/1 3008/3516/1
f 3346/3517/1 1699/3518/1 355/3519/1 3009/3520/1
f 3345/3521/1 3010/3522/1 556/3523/1 1356/3524/1
f 3344/3525/1 3011/3526/1 1042/3527/1 3012/3528/1
f 3343/3529/1 1755/3530/1 411/3531/1 3013/3532/1
f 3342/3533/186 3014/3534/186 460/3535/186 1260/3536/186
f 3341/3537/187 3015/3538/187 1043/3539/187 3016/3540/187
f 3340/3541/188 1754/3542/188 410/3543/188 3017/3544/188
f 3339/3545/1 3018/3546/1 553/3547/1 1353/3548/1
f 3338/3549/1 3019/3550/1 1044/3551/1 3020/3552/1
f 3337/3553/1 1692/3554/1 348/3555/1 3021/3556/1
f 3336/3557/1 3022/3558/1 552/3559/1 1352/3560/1
f 3335/3561/1 3023/3562/1 1045/3563/1 3024/3564/1
f 3334/3565/1 1751/3566/1 407/3567/1 3025/3568/1
f 3333/3569/1 3026/3570/1 461/3571/1 1261/3572/1
f 3332/3573/1 3027/3574/1 1046/3575/1 3028/3576/1
f 3331/3577/1 1750/3578/1 406/3579/1 3029/3580/1
f 3330/3581/1 3030/3582/1 549/3583/1 1349/3584/1
f 3329/3585/1 3031/3586/1 1047/3587/1 3032/3588/1
f 3328/3589/1 1702/3590/1 358/3591/1 3033/3592/1
f 3327/3593/1 3034/3594/1 548/3595/1 1348/3596/1
f 3326/3597/1 3035/3598/1 1048/3599/1 3036/3600/1
f 3325/3601/1 1747/3602/1 403/3603/1 3037/3604/1
f 3324/3605/1 3038/3606/1 444/3607/1 1244/3608/1
f 3323/3609/1 3039/3610/1 1049/3611/1 3040/3612/1
f 3322/3613/1 1746/3614/1 402/3615/1 3041/3616/1
f 3321/3617/189 3042/3618/189 545/3619/189 1345/3620/189
f 3320/3621/190 3043/3622/190 1050/3623/190 3044/3624/190
f 3319/3625/191 1703/3626/191 359/3627/191 3045/3628/191
f 3318/3629/192 3046/3630/192 544/3631/192 1344/3632/192
f 3317/3633/1 3047/3634/1 1051/3635/1 3048/3636/1
f 3316/3637/193 1743/3638/193 399/3639/193 3049/3640/193
f 3315/3641/1 3050/3642/1 464/3643/1 1264/3644/1
f 3314/3645/1 3051/3646/1 1052/3647/1 3052/3648/1
f 3313/3649/194 1742/3650/194 398/3651/194 3053/3652/194
f 3312/3653/1 3054/3654/1 541/3655/1 1341/3656/1
f 3311/3657/1 3055/3658/1 1053/3659/1 3056/3660/1
f 3310/3661/1 1695/3662/1 351/3663/1 3057/3664/1
f 3309/3665/1 3058/3666/1 540/3667/1 1340/3668/1
f 3308/3669/1 3059/3670/1 1054/3671/1 3060/3672/1
f 3307/3673/1 1739/3674/1 395/3675/1 3061/3676/1
f 3306/3677/1 3062/3678/1 465/3679/1 1265/3680/1
f 3305/3681/1 3063/3682/1 1055/3683/1 3064/3684/1
f 3304/3685/1 1738/3686/1 394/3687/1 3065/3688/1
f 3303/3689/1 3066/3690/1 537/3691/1 1337/3692/1
f 3302/3693/195 3067/3694/195 1056/3695/195 3068/3696/195
f 3301/3697/196 1706/3698/196 362/3699/196 3069/3700/196
f 3300/3701/1 3070/3702/1 536/3703/1 1336/3704/1
f 3299/3705/1 3071/3706/1 1057/3707/1 3072/3708/1
f 3298/3709/1 1735/3710/1 391/3711/1 3073/3712/1
f 3297/3713/1 3074/3714/1 437/3715/1 1237/3716/1
f 3296/3717/1 3075/3718/1 1058/3719/1 3076/3720/1
f 3295/3721/1 1734/3722/1 390/3723/1 3077/3724/1
f 3294/3725/1 3078/3726/1 533/3727/1 1333/3728/1
f 3293/3729/1 3079/3730/1 1059/3731/1 3080/3732/1
f 3292/3733/1 1707/3734/1 363/3735/1 3081/3736/1
f 3291/3737/1 3082/3738/1 532/3739/1 1332/3740/1
f 3290/3741/1 3083/3742/1 1060/3743/1 3084/3744/1
f 3289/3745/1 1731/3746/1 387/3747/1 3085/3748/1
f 3288/3749/1 3086/3750/1 468/3751/1 1268/3752/1
f 3287/3753/1 3087/3754/1 1061/3755/1 3088/3756/1
f 3286/3757/1 1730/3758/1 386/3759/1 3089/3760/1
f 3285/3761/1 3090/3762/1 529/3763/1 1329/3764/1
f 3284/3765/1 3091/3766/1 1062/3767/1 3092/3768/1
f 3283/3769/1 1694/3770/1 350/3771/1 3093/3772/1
f 3282/3773/1 3094/3774/1 528/3775/1 1328/3776/1
f 3281/3777/1 3095/3778/1 1063/3779/1 3096/3780/1
f 3280/3781/1 1727/3782/1 383/3783/1 3097/3784/1
f 3279/3785/197 3098/3786/197 469/3787/197 1269/3788/197
f 3278/3789/1 3099/3790/1 1064/3791/1 3100/3792/1
f 3277/3793/1 1726/3794/1 382/3795/1 3101/3796/1
f 3276/3797/1 3102/3798/1 525/3799/1 1325/3800/1
f 3275/3801/198 3103/3802/198 1065/3803/198 3104/3804/198
f 3274/3805/199 1710/3806/199 366/3807/199 3105/3808/199
f 3273/3809/1 3106/3810/1 524/3811/1 1324/3812/1
f 3272/3813/1 3107/3814/1 1066/3815/1 3108/3816/1
f 3271/3817/1 1723/3818/1 379/3819/1 3109/3820/1
f 3270/3821/1 3110/3822/1 441/3823/1 1241/3824/1
f 3269/3825/1 3111/3826/1 1067/3827/1 3112/3828/1
f 3268/3829/1 1722/3830/1 378/3831/1 3113/3832/1
f 3267/3833/1 3114/3834/1 521/3835/1 1321/3836/1
f 3266/3837/1 3115/3838/1 1068/3839/1 3116/3840/1
f 3265/3841/1 1711/3842/1 367/3843/1 3117/3844/1
f 3264/3845/1 3118/3846/1 520/3847/1 1320/3848/1
f 3263/3849/1 3119/3850/1 1069/3851/1 3120/3852/1
f 3262/3853/1 1719/3854/1 375/3855/1 3121/3856/1
f 3261/3857/1 3122/3858/1 472/3859/1 1272/3860/1
f 3260/3861/1 3123/3862/1 1070/3863/1 3124/3864/1
f 3259/3865/1 1718/3866/1 374/3867/1 3125/3868/1
f 3258/3869/1 3126/3870/1 517/3871/1 1317/3872/1
f 3257/3873/1 3127/3874/1 1071/3875/1 3128/3876/1
f 3256/3877/1 1688/3878/1 344/3879/1 3129/3880/1
f 3255/3881/1 3130/3882/1 516/3883/1 1316/3884/1
f 3254/3885/1 3131/3886/1 1072/3887/1 3132/3888/1
f 3253/3889/1 1715/3890/1 371/3891/1 3133/3892/1
f 3252/3893/200 3134/3894/200 473/3895/200 1273/3896/200
f 3251/3897/201 3135/3898/201 1073/3899/201 3136/3900/201
f 3250/3901/202 1714/3902/202 370/3903/202 3137/3904/202
f 3249/3905/1 3138/3906/1 513/3907/1 1313/3908/1
f 3248/3909/1 3139/3910/1 1074/3911/1 3140/3912/1
f 3247/3913/1 1648/3914/1 304/3915/1 3141/3916/1
f 3246/3917/203 3142/3918/203 512/3919/203 1312/3920/203
f 3245/3921/204 3143/3922/204 1075/3923/204 3144/3924/204
f 3244/3925/205 1671/3926/205 327/3927/205 3145/3928/205
f 3243/3929/1 3146/3930/1 481/3931/1 1281/3932/1
f 3242/3933/1 3147/3934/1 1076/3935/1 3148/3936/1
f 3241/3937/1 1670/3938/1 326/3939/1 3149/3940/1
f 3240/3941/1 3150/3942/1 509/3943/1 1309/3944/1
f 3239/3945/1 3151/3946/1 1077/3947/1 3152/3948/1
f 3238/3949/1 1654/3950/1 310/3951/1 3153/3952/1
f 3237/3953/206 3154/3954/206 508/3955/206 1308/3956/206
f 3236/3957/207 3155/3958/207 1078/3959/207 3156/3960/207
f 3235/3961/208 1667/3962/208 323/3963/208 3157/3964/208
f 3234/3965/1 3158/3966/1 477/3967/1 1277/3968/1
f 3233/3969/1 3159/3970/1 1079/3971/1 3160/3972/1
f 3232/3973/1 1666/3974/1 322/3975/1 3161/3976/1
f 3231/3977/1 3162/3978/1 505/3979/1 1305/3980/1
f 3230/3981/1 3163/3982/1 1080/3983/1 3164/3984/1
f 3229/3985/1 1655/3986/1 311/3987/1 3165/3988/1
f 3228/3989/1 3166/3990/1 504/3991/1 1304/3992/1
f 3227/3993/209 3167/3994/209 1081/3995/209 3168/3996/209
f 3226/3997/1 1663/3998/1 319/3999/1 3169/4000/1
f 3225/4001/210 3170/4002/210 484/4003/210 1284/4004/210
f 3224/4005/211 3171/4006/211 1082/4007/211 3172/4008/211
f 3223/4009/212 1662/4010/212 318/4011/212 3173/4012/212
f 3222/4013/1 3174/4014/1 501/4015/1 1301/4016/1
f 3221/4017/1 3175/4018/1 1083/4019/1 3176/4020/1
f 3220/4021/1 1652/4022/1 308/4023/1 3177/4024/1
f 3219/4025/213 3178/4026/213 500/4027/213 1300/4028/213
f 3218/4029/214 3179/4030/214 1084/4031/214 3180/4032/214
f 3217/4033/215 1659/4034/215 315/4035/215 3181/4036/215
f 3216/4037/1 3182/4038/1 485/4039/1 1285/4040/1
f 3215/4041/216 3183/4042/216 1085/4043/216 3184/4044/216
f 3214/4045/217 1658/4046/217 314/4047/217 3185/4048/217
f 3213/4049/1 3186/4050/1 497/4051/1 1297/4052/1
f 3212/4053/1 3187/4054/1 1086/4055/1 3188/4056/1
f 3211/4057/1 1640/4058/1 296/4059/1 3189/4060/1
f 3210/4061/1 3190/4062/1 496/4063/1 1296/4064/1
f 3209/4065/1 3191/4066/1 1087/4067/1 3192/4068/1
f 3208/4069/1 1643/4070/1 299/4071/1 3193/4072/1
f 3207/4073/1 3194/4074/1 489/4075/1 1289/4076/1
f 3206/4077/1 3195/4078/1 1088/4079/1 3196/4080/1
f 3205/4081/1 1642/4082/1 298/4083/1 3197/4084/1
f 3204/4085/1 3198/4086/1 493/4087/1 1293/4088/1
f 3203/4089/1 3199/4090/1 1089/4091/1 3200/4092/1
f 3202/4093/1 1636/4094/1 292/4095/1 3201/4096/1
f 3199/4090/1 3202/4093/1 3201/4096/1 1089/4091/1
f 833/1027/1 2177/1024/1 3202/4093/1 3199/4090/1
f 2177/1024/1 84/1023/1 1636/4094/1 3202/4093/1
f 2174/1058/1 3203/4089/1 3200/4092/1 830/1059/1
f 289/1019/1 1633/1028/1 3203/4089/1 2174/1058/1
f 1633/1028/1 833/1027/1 3199/4090/1 3203/4089/1
f 1630/1014/1 3204/4085/1 1293/4088/1 141/1015/1
f 830/1059/1 3200/4092/1 3204/4085/1 1630/1014/1
f 3200/4092/1 1089/4091/1 3198/4086/1 3204/4085/1
f 3195/4078/1 3205/4081/1 3197/4084/1 1088/4079/1
f 829/1063/1 2173/1012/1 3205/4081/1 3195/4078/1
f 2173/1012/1 90/1011/1 1642/4082/1 3205/4081/1
f 2170/1094/1 3206/4077/1 3196/4080/1 826/1095/1
f 288/1007/1 1629/1064/1 3206/4077/1 2170/1094/1
f 1629/1064/1 829/1063/1 3195/4078/1 3206/4077/1
f 1626/1002/1 3207/4073/1 1289/4076/1 137/1003/1
f 826/1095/1 3196/4080/1 3207/4073/1 1626/1002/1
f 3196/4080/1 1088/4079/1 3194/4074/1 3207/4073/1
f 3191/4066/1 3208/4069/1 3193/4072/1 1087/4067/1
f 825/1099/1 2169/1000/1 3208/4069/1 3191/4066/1
f 2169/1000/1 91/999/1 1643/4070/1 3208/4069/1
f 2166/1130/1 3209/4065/1 3192/4068/1 822/1131/1
f 287/995/1 1625/1100/1 3209/4065/1 2166/1130/1
f 1625/1100/1 825/1099/1 3191/4066/1 3209/4065/1
f 1622/990/1 3210/4061/1 1296/4064/1 144/991/1
f 822/1131/1 3192/4068/1 3210/4061/1 1622/990/1
f 3192/4068/1 1087/4067/1 3190/4062/1 3210/4061/1
f 3187/4054/1 3211/4057/1 3189/4060/1 1086/4055/1
f 821/1135/1 2165/988/1 3211/4057/1 3187/4054/1
f 2165/988/1 88/987/1 1640/4058/1 3211/4057/1
f 2162/1166/1 3212/4053/1 3188/4056/1 818/1167/1
f 286/983/1 1621/1136/1 3212/4053/1 2162/1166/1
f 1621/1136/1 821/1135/1 3187/4054/1 3212/4053/1
f 1618/978/1 3213/4049/1 1297/4052/1 145/979/1
f 818/1167/1 3188/4056/1 3213/4049/1 1618/978/1
f 3188/4056/1 1086/4055/1 3186/4050/1 3213/4049/1
f 3183/4042/218 3214/4045/218 3185/4048/218 1085/4043/218
f 817/1171/219 2161/976/219 3214/4045/219 3183/4042/219
f 2161/976/220 106/975/220 1658/4046/220 3214/4045/220
f 2158/1202/221 3215/4041/221 3184/4044/221 814/1203/221
f 285/971/222 1617/1172/222 3215/4041/222 2158/1202/222
f 1617/1172/223 817/1171/223 3183/4042/223 3215/4041/223
f 1614/966/1 3216/4037/1 1285/4040/1 133/967/1
f 814/1203/1 3184/4044/1 3216/4037/1 1614/966/1
f 3184/4044/1 1085/4043/1 3182/4038/1 3216/4037/1
f 3179/4030/224 3217/4033/224 3181/4036/224 1084/4031/224
f 813/1207/225 2157/964/225 3217/4033/225 3179/4030/225
f 2157/964/226 107/963/226 1659/4034/226 3217/4033/226
f 2154/1238/227 3218/4029/227 3180/4032/227 810/1239/227
f 284/959/228 1613/1208/228 3218/4029/228 2154/1238/228
f 1613/1208/229 813/1207/229 3179/4030/229 3218/4029/229
f 1610/954/230 3219/4025/230 1300/4028/230 148/955/230
f 810/1239/231 3180/4032/231 3219/4025/231 1610/954/231
f 3180/4032/232 1084/4031/232 3178/4026/232 3219/4025/232
f 3175/4018/1 3220/4021/1 3177/4024/1 1083/4019/1
f 809/1243/1 2153/952/1 3220/4021/1 3175/4018/1
f 2153/952/1 100/951/1 1652/4022/1 3220/4021/1
f 2150/1274/1 3221/4017/1 3176/4020/1 806/1275/1
f 283/947/1 1609/1244/1 3221/4017/1 2150/1274/1
f 1609/1244/1 809/1243/1 3175/4018/1 3221/4017/1
f 1606/942/1 3222/4013/1 1301/4016/1 149/943/1
f 806/1275/1 3176/4020/1 3222/4013/1 1606/942/1
f 3176/4020/1 1083/4019/1 3174/4014/1 3222/4013/1
f 3171/4006/233 3223/4009/233 3173/4012/233 1082/4007/233
f 805/1279/234 2149/940/234 3223/4009/234 3171/4006/234
f 2149/940/235 110/939/235 1662/4010/235 3223/4009/235
f 2146/1310/1 3224/4005/1 3172/4008/1 802/1311/1
f 282/935/1 1605/1280/1 3224/4005/1 2146/1310/1
f 1605/1280/236 805/1279/236 3171/4006/236 3224/4005/236
f 1602/930/1 3225/4001/1 1284/4004/1 132/931/1
f 802/1311/1 3172/4008/1 3225/4001/1 1602/930/1
f 3172/4008/237 1082/4007/237 3170/4002/237 3225/4001/237
f 3167/3994/238 3226/3997/238 3169/4000/238 1081/3995/238
f 801/1315/239 2145/928/239 3226/3997/239 3167/3994/239
f 2145/928/238 111/927/238 1663/3998/238 3226/3997/238
f 2142/1346/240 3227/3993/240 3168/3996/240 798/1347/240
f 281/923/241 1601/1316/241 3227/3993/241 2142/1346/241
f 1601/1316/242 801/1315/242 3167/3994/242 3227/3993/242
f 1598/918/1 3228/3989/1 1304/3992/1 152/919/1
f 798/1347/243 3168/3996/243 3228/3989/243 1598/918/243
f 3168/3996/244 1081/3995/244 3166/3990/244 3228/3989/244
f 3163/3982/1 3229/3985/1 3165/3988/1 1080/3983/1
f 797/1351/1 2141/916/1 3229/3985/1 3163/3982/1
f 2141/916/1 103/915/1 1655/3986/1 3229/3985/1
f 2138/1382/1 3230/3981/1 3164/3984/1 794/1383/1
f 280/911/1 1597/1352/1 3230/3981/1 2138/1382/1
f 1597/1352/1 797/1351/1 3163/3982/1 3230/3981/1
f 1594/906/1 3231/3977/1 1305/3980/1 153/907/1
f 794/1383/1 3164/3984/1 3231/3977/1 1594/906/1
f 3164/3984/1 1080/3983/1 3162/3978/1 3231/3977/1
f 3159/3970/1 3232/3973/1 3161/3976/1 1079/3971/1
f 793/1387/1 2137/904/1 3232/3973/1 3159/3970/1
f 2137/904/1 114/903/1 1666/3974/1 3232/3973/1
f 2134/1418/1 3233/3969/1 3160/3972/1 790/1419/1
f 279/899/1 1593/1388/1 3233/3969/1 2134/1418/1
f 1593/1388/1 793/1387/1 3159/3970/1 3233/3969/1
f 1590/894/1 3234/3965/1 1277/3968/1 125/895/1
f 790/1419/1 3160/3972/1 3234/3965/1 1590/894/1
f 3160/3972/1 1079/3971/1 3158/3966/1 3234/3965/1
f 3155/3958/245 3235/3961/245 3157/3964/245 1078/3959/245
f 789/1423/246 2133/892/246 3235/3961/246 3155/3958/246
f 2133/892/247 115/891/247 1667/3962/247 3235/3961/247
f 2130/1454/248 3236/3957/248 3156/3960/248 786/1455/248
f 278/887/83 1589/1424/83 3236/3957/83 2130/1454/83
f 1589/1424/249 789/1423/249 3155/3958/249 3236/3957/249
f 1586/882/250 3237/3953/250 1308/3956/250 156/883/250
f 786/1455/251 3156/3960/251 3237/3953/251 1586/882/251
f 3156/3960/252 1078/3959/252 3154/3954/252 3237/3953/252
f 3151/3946/1 3238/3949/1 3153/3952/1 1077/3947/1
f 785/1459/1 2129/880/1 3238/3949/1 3151/3946/1
f 2129/880/1 102/879/1 1654/3950/1 3238/3949/1
f 2126/1490/1 3239/3945/1 3152/3948/1 782/1491/1
f 277/875/1 1585/1460/1 3239/3945/1 2126/1490/1
f 1585/1460/1 785/1459/1 3151/3946/1 3239/3945/1
f 1582/870/1 3240/3941/1 1309/3944/1 157/871/1
f 782/1491/1 3152/3948/1 3240/3941/1 1582/870/1
f 3152/3948/1 1077/3947/1 3150/3942/1 3240/3941/1
f 3147/3934/1 3241/3937/1 3149/3940/1 1076/3935/1
f 781/1495/1 2125/868/1 3241/3937/1 3147/3934/1
f 2125/868/1 118/867/1 1670/3938/1 3241/3937/1
f 2122/1526/1 3242/3933/1 3148/3936/1 778/1527/1
f 276/863/1 1581/1496/1 3242/3933/1 2122/1526/1
f 1581/1496/1 781/1495/1 3147/3934/1 3242/3933/1
f 1578/858/1 3243/3929/1 1281/3932/1 129/859/1
f 778/1527/1 3148/3936/1 3243/3929/1 1578/858/1
f 3148/3936/1 1076/3935/1 3146/3930/1 3243/3929/1
f 3143/3922/253 3244/3925/253 3145/3928/253 1075/3923/253
f 777/1531/254 2121/856/254 3244/3925/254 3143/3922/254
f 2121/856/255 119/855/255 1671/3926/255 3244/3925/255
f 2118/1562/244 3245/3921/244 3144/3924/244 774/1563/244
f 275/851/1 1577/1532/1 3245/3921/1 2118/1562/1
f 1577/1532/1 777/1531/1 3143/3922/1 3245/3921/1
f 1574/846/256 3246/3917/256 1312/3920/256 160/847/256
f 774/1563/257 3144/3924/257 3246/3917/257 1574/846/257
f 3144/3924/258 1075/3923/258 3142/3918/258 3246/3917/258
f 3139/3910/1 3247/3913/1 3141/3916/1 1074/3911/1
f 773/1567/1 2117/844/1 3247/3913/1 3139/3910/1
f 2117/844/1 96/843/1 1648/3914/1 3247/3913/1
f 2114/1598/1 3248/3909/1 3140/3912/1 770/1599/1
f 274/839/1 1573/1568/1 3248/3909/1 2114/1598/1
f 1573/1568/1 773/1567/1 3139/3910/1 3248/3909/1
f 1570/834/1 3249/3905/1 1313/3908/1 161/835/1
f 770/1599/1 3140/3912/1 3249/3905/1 1570/834/1
f 3140/3912/1 1074/3911/1 3138/3906/1 3249/3905/1
f 3135/3898/259 3250/3901/259 3137/3904/259 1073/3899/259
f 769/1603/260 2113/832/260 3250/3901/260 3135/3898/260
f 2113/832/261 162/831/261 1714/3902/261 3250/3901/261
f 2110/1634/262 3251/3897/262 3136/3900/262 766/1635/262
f 273/827/263 1569/1604/263 3251/3897/263 2110/1634/263
f 1569/1604/264 769/1603/264 3135/3898/264 3251/3897/264
f 1566/822/265 3252/3893/265 1273/3896/265 121/823/265
f 766/1635/266 3136/3900/266 3252/3893/266 1566/822/266
f 3136/3900/267 1073/3899/267 3134/3894/267 3252/3893/267
f 3131/3886/1 3253/3889/1 3133/3892/1 1072/3887/1
f 765/1639/1 2109/820/1 3253/3889/1 3131/3886/1
f 2109/820/1 163/819/1 1715/3890/1 3253/3889/1
f 2106/1670/1 3254/3885/1 3132/3888/1 762/1671/1
f 272/815/1 1565/1640/1 3254/3885/1 2106/1670/1
f 1565/1640/1 765/1639/1 3131/3886/1 3254/3885/1
f 1562/810/1 3255/3881/1 1316/3884/1 164/811/1
f 762/1671/1 3132/3888/1 3255/3881/1 1562/810/1
f 3132/3888/1 1072/3887/1 3130/3882/1 3255/3881/1
f 3127/3874/1 3256/3877/1 3129/3880/1 1071/3875/1
f 761/1675/1 2105/808/1 3256/3877/1 3127/3874/1
f 2105/808/1 136/807/1 1688/3878/1 3256/3877/1
f 2102/1706/1 3257/3873/1 3128/3876/1 758/1707/1
f 271/803/1 1561/1676/1 3257/3873/1 2102/1706/1
f 1561/1676/1 761/1675/1 3127/3874/1 3257/3873/1
f 1558/798/1 3258/3869/1 1317/3872/1 165/799/1
f 758/1707/1 3128/3876/1 3258/3869/1 1558/798/1
f 3128/3876/1 1071/3875/1 3126/3870/1 3258/3869/1
f 3123/3862/1 3259/3865/1 3125/3868/1 1070/3863/1
f 757/1711/1 2101/796/1 3259/3865/1 3123/3862/1
f 2101/796/1 166/795/1 1718/3866/1 3259/3865/1
f 2098/1742/1 3260/3861/1 3124/3864/1 754/1743/1
f 270/791/1 1557/1712/1 3260/3861/1 2098/1742/1
f 1557/1712/1 757/1711/1 3123/3862/1 3260/3861/1
f 1554/786/1 3261/3857/1 1272/3860/1 120/787/1
f 754/1743/1 3124/3864/1 3261/3857/1 1554/786/1
f 3124/3864/1 1070/3863/1 3122/3858/1 3261/3857/1
f 3119/3850/1 3262/3853/1 3121/3856/1 1069/3851/1
f 753/1747/1 2097/784/1 3262/3853/1 3119/3850/1
f 2097/784/1 167/783/1 1719/3854/1 3262/3853/1
f 2094/1778/1 3263/3849/1 3120/3852/1 750/1779/1
f 269/779/1 1553/1748/1 3263/3849/1 2094/1778/1
f 1553/1748/1 753/1747/1 3119/3850/1 3263/3849/1
f 1550/774/1 3264/3845/1 1320/3848/1 168/775/1
f 750/1779/1 3120/3852/1 3264/3845/1 1550/774/1
f 3120/3852/1 1069/3851/1 3118/3846/1 3264/3845/1
f 3115/3838/1 3265/3841/1 3117/3844/1 1068/3839/1
f 749/1783/1 2093/772/1 3265/3841/1 3115/3838/1
f 2093/772/1 159/771/1 1711/3842/1 3265/3841/1
f 2090/1814/1 3266/3837/1 3116/3840/1 746/1815/1
f 268/767/1 1549/1784/1 3266/3837/1 2090/1814/1
f 1549/1784/1 749/1783/1 3115/3838/1 3266/3837/1
f 1546/762/1 3267/3833/1 1321/3836/1 169/763/1
f 746/1815/1 3116/3840/1 3267/3833/1 1546/762/1
f 3116/3840/1 1068/3839/1 3114/3834/1 3267/3833/1
f 3111/3826/1 3268/3829/1 3113/3832/1 1067/3827/1
f 745/1819/1 2089/760/1 3268/3829/1 3111/3826/1
f 2089/760/1 170/759/1 1722/3830/1 3268/3829/1
f 2086/1850/1 3269/3825/1 3112/3828/1 742/1851/1
f 267/755/1 1545/1820/1 3269/3825/1 2086/1850/1
f 1545/1820/1 745/1819/1 3111/3826/1 3269/3825/1
f 1542/750/1 3270/3821/1 1241/3824/1 89/751/1
f 742/1851/1 3112/3828/1 3270/3821/1 1542/750/1
f 3112/3828/1 1067/3827/1 3110/3822/1 3270/3821/1
f 3107/3814/1 3271/3817/1 3109/3820/1 1066/3815/1
f 741/1855/1 2085/748/1 3271/3817/1 3107/3814/1
f 2085/748/1 171/747/1 1723/3818/1 3271/3817/1
f 2082/1886/1 3272/3813/1 3108/3816/1 738/1887/1
f 266/743/1 1541/1856/1 3272/3813/1 2082/1886/1
f 1541/1856/1 741/1855/1 3107/3814/1 3272/3813/1
f 1538/738/1 3273/3809/1 1324/3812/1 172/739/1
f 738/1887/1 3108/3816/1 3273/3809/1 1538/738/1
f 3108/3816/1 1066/3815/1 3106/3810/1 3273/3809/1
f 3103/3802/268 3274/3805/268 3105/3808/268 1065/3803/268
f 737/1891/269 2081/736/269 3274/3805/269 3103/3802/269
f 2081/736/270 158/735/270 1710/3806/270 3274/3805/270
f 2078/1922/271 3275/3801/271 3104/3804/271 734/1923/271
f 265/731/272 1537/1892/272 3275/3801/272 2078/1922/272
f 1537/1892/273 737/1891/273 3103/3802/273 3275/3801/273
f 1534/726/1 3276/3797/1 1325/3800/1 173/727/1
f 734/1923/1 3104/3804/1 3276/3797/1 1534/726/1
f 3104/3804/274 1065/3803/274 3102/3798/274 3276/3797/274
f 3099/3790/1 3277/3793/1 3101/3796/1 1064/3791/1
f 733/1927/1 2077/724/1 3277/3793/1 3099/3790/1
f 2077/724/1 174/723/1 1726/3794/1 3277/3793/1
f 2074/1958/275 3278/3789/275 3100/3792/275 730/1959/275
f 264/719/1 1533/1928/1 3278/3789/1 2074/1958/1
f 1533/1928/1 733/1927/1 3099/3790/1 3278/3789/1
f 1530/714/276 3279/3785/276 1269/3788/276 117/715/276
f 730/1959/277 3100/3792/277 3279/3785/277 1530/714/277
f 3100/3792/278 1064/3791/278 3098/3786/278 3279/3785/278
f 3095/3778/1 3280/3781/1 3097/3784/1 1063/3779/1
f 729/1963/1 2073/712/1 3280/3781/1 3095/3778/1
f 2073/712/1 175/711/1 1727/3782/1 3280/3781/1
f 2070/1994/1 3281/3777/1 3096/3780/1 726/1995/1
f 263/707/1 1529/1964/1 3281/3777/1 2070/1994/1
f 1529/1964/1 729/1963/1 3095/3778/1 3281/3777/1
f 1526/702/1 3282/3773/1 1328/3776/1 176/703/1
f 726/1995/1 3096/3780/1 3282/3773/1 1526/702/1
f 3096/3780/1 1063/3779/1 3094/3774/1 3282/3773/1
f 3091/3766/1 3283/3769/1 3093/3772/1 1062/3767/1
f 725/1999/1 2069/700/1 3283/3769/1 3091/3766/1
f 2069/700/1 142/699/1 1694/3770/1 3283/3769/1
f 2066/2030/1 3284/3765/1 3092/3768/1 722/2031/1
f 262/695/1 1525/2000/1 3284/3765/1 2066/2030/1
f 1525/2000/1 725/1999/1 3091/3766/1 3284/3765/1
f 1522/690/1 3285/3761/1 1329/3764/1 177/691/1
f 722/2031/1 3092/3768/1 3285/3761/1 1522/690/1
f 3092/3768/1 1062/3767/1 3090/3762/1 3285/3761/1
f 3087/3754/1 3286/3757/1 3089/3760/1 1061/3755/1
f 721/2035/1 2065/688/1 3286/3757/1 3087/3754/1
f 2065/688/1 178/687/1 1730/3758/1 3286/3757/1
f 2062/2066/1 3287/3753/1 3088/3756/1 718/2067/1
f 261/683/1 1521/2036/1 3287/3753/1 2062/2066/1
f 1521/2036/1 721/2035/1 3087/3754/1 3287/3753/1
f 1518/678/1 3288/3749/1 1268/3752/1 116/679/1
f 718/2067/1 3088/3756/1 3288/3749/1 1518/678/1
f 3088/3756/1 1061/3755/1 3086/3750/1 3288/3749/1
f 3083/3742/1 3289/3745/1 3085/3748/1 1060/3743/1
f 717/2071/1 2061/676/1 3289/3745/1 3083/3742/1
f 2061/676/1 179/675/1 1731/3746/1 3289/3745/1
f 2058/2102/1 3290/3741/1 3084/3744/1 714/2103/1
f 260/671/1 1517/2072/1 3290/3741/1 2058/2102/1
f 1517/2072/1 717/2071/1 3083/3742/1 3290/3741/1
f 1514/666/1 3291/3737/1 1332/3740/1 180/667/1
f 714/2103/1 3084/3744/1 3291/3737/1 1514/666/1
f 3084/3744/1 1060/3743/1 3082/3738/1 3291/3737/1
f 3079/3730/1 3292/3733/1 3081/3736/1 1059/3731/1
f 713/2107/1 2057/664/1 3292/3733/1 3079/3730/1
f 2057/664/1 155/663/1 1707/3734/1 3292/3733/1
f 2054/2138/1 3293/3729/1 3080/3732/1 710/2139/1
f 259/659/1 1513/2108/1 3293/3729/1 2054/2138/1
f 1513/2108/1 713/2107/1 3079/3730/1 3293/3729/1
f 1510/654/1 3294/3725/1 1333/3728/1 181/655/1
f 710/2139/1 3080/3732/1 3294/3725/1 1510/654/1
f 3080/3732/1 1059/3731/1 3078/3726/1 3294/3725/1
f 3075/3718/1 3295/3721/1 3077/3724/1 1058/3719/1
f 709/2143/1 2053/652/1 3295/3721/1 3075/3718/1
f 2053/652/1 182/651/1 1734/3722/1 3295/3721/1
f 2050/2174/1 3296/3717/1 3076/3720/1 706/2175/1
f 258/647/1 1509/2144/1 3296/3717/1 2050/2174/1
f 1509/2144/1 709/2143/1 3075/3718/1 3296/3717/1
f 1506/642/1 3297/3713/1 1237/3716/1 85/643/1
f 706/2175/1 3076/3720/1 3297/3713/1 1506/642/1
f 3076/3720/1 1058/3719/1 3074/3714/1 3297/3713/1
f 3071/3706/1 3298/3709/1 3073/3712/1 1057/3707/1
f 705/2179/1 2049/640/1 3298/3709/1 3071/3706/1
f 2049/640/1 183/639/1 1735/3710/1 3298/3709/1
f 2046/2210/1 3299/3705/1 3072/3708/1 702/2211/1
f 257/635/1 1505/2180/1 3299/3705/1 2046/2210/1
f 1505/2180/1 705/2179/1 3071/3706/1 3299/3705/1
f 1502/630/1 3300/3701/1 1336/3704/1 184/631/1
f 702/2211/1 3072/3708/1 3300/3701/1 1502/630/1
f 3072/3708/1 1057/3707/1 3070/3702/1 3300/3701/1
f 3067/3694/279 3301/3697/279 3069/3700/279 1056/3695/279
f 701/2215/280 2045/628/280 3301/3697/280 3067/3694/280
f 2045/628/281 154/627/281 1706/3698/281 3301/3697/281
f 2042/2246/282 3302/3693/282 3068/3696/282 698/2247/282
f 256/623/283 1501/2216/283 3302/3693/283 2042/2246/283
f 1501/2216/284 701/2215/284 3067/3694/284 3302/3693/284
f 1498/618/1 3303/3689/1 1337/3692/1 185/619/1
f 698/2247/1 3068/3696/1 3303/3689/1 1498/618/1
f 3068/3696/285 1056/3695/285 3066/3690/285 3303/3689/285
f 3063/3682/1 3304/3685/1 3065/3688/1 1055/3683/1
f 697/2251/1 2041/616/1 3304/3685/1 3063/3682/1
f 2041/616/1 186/615/1 1738/3686/1 3304/3685/1
f 2038/2282/1 3305/3681/1 3064/3684/1 694/2283/1
f 255/611/1 1497/2252/1 3305/3681/1 2038/2282/1
f 1497/2252/1 697/2251/1 3063/3682/1 3305/3681/1
f 1494/606/1 3306/3677/1 1265/3680/1 113/607/1
f 694/2283/1 3064/3684/1 3306/3677/1 1494/606/1
f 3064/3684/1 1055/3683/1 3062/3678/1 3306/3677/1
f 3059/3670/1 3307/3673/1 3061/3676/1 1054/3671/1
f 693/2287/1 2037/604/1 3307/3673/1 3059/3670/1
f 2037/604/1 187/603/1 1739/3674/1 3307/3673/1
f 2034/2318/1 3308/3669/1 3060/3672/1 690/2319/1
f 254/599/1 1493/2288/1 3308/3669/1 2034/2318/1
f 1493/2288/1 693/2287/1 3059/3670/1 3308/3669/1
f 1490/594/1 3309/3665/1 1340/3668/1 188/595/1
f 690/2319/1 3060/3672/1 3309/3665/1 1490/594/1
f 3060/3672/1 1054/3671/1 3058/3666/1 3309/3665/1
f 3055/3658/1 3310/3661/1 3057/3664/1 1053/3659/1
f 689/2323/1 2033/592/1 3310/3661/1 3055/3658/1
f 2033/592/1 143/591/1 1695/3662/1 3310/3661/1
f 2030/2354/1 3311/3657/1 3056/3660/1 686/2355/1
f 253/587/1 1489/2324/1 3311/3657/1 2030/2354/1
f 1489/2324/1 689/2323/1 3055/3658/1 3311/3657/1
f 1486/582/1 3312/3653/1 1341/3656/1 189/583/1
f 686/2355/1 3056/3660/1 3312/3653/1 1486/582/1
f 3056/3660/1 1053/3659/1 3054/3654/1 3312/3653/1
f 3051/3646/1 3313/3649/1 3053/3652/1 1052/3647/1
f 685/2359/194 2029/580/194 3313/3649/194 3051/3646/194
f 2029/580/286 190/579/286 1742/3650/286 3313/3649/286
f 2026/2390/1 3314/3645/1 3052/3648/1 682/2391/1
f 252/575/1 1485/2360/1 3314/3645/1 2026/2390/1
f 1485/2360/1 685/2359/1 3051/3646/1 3314/3645/1
f 1482/570/1 3315/3641/1 1264/3644/1 112/571/1
f 682/2391/1 3052/3648/1 3315/3641/1 1482/570/1
f 3052/3648/1 1052/3647/1 3050/3642/1 3315/3641/1
f 3047/3634/287 3316/3637/287 3049/3640/287 1051/3635/287
f 681/2395/1 2025/568/1 3316/3637/1 3047/3634/1
f 2025/568/287 191/567/287 1743/3638/287 3316/3637/287
f 2022/2426/1 3317/3633/1 3048/3636/1 678/2427/1
f 251/563/1 1481/2396/1 3317/3633/1 2022/2426/1
f 1481/2396/1 681/2395/1 3047/3634/1 3317/3633/1
f 1478/558/1 3318/3629/1 1344/3632/1 192/559/1
f 678/2427/1 3048/3636/1 3318/3629/1 1478/558/1
f 3048/3636/288 1051/3635/288 3046/3630/288 3318/3629/288
f 3043/3622/289 3319/3625/289 3045/3628/289 1050/3623/289
f 677/2431/191 2021/556/191 3319/3625/191 3043/3622/191
f 2021/556/1 151/555/1 1703/3626/1 3319/3625/1
f 2018/2462/290 3320/3621/290 3044/3624/290 674/2463/290
f 250/551/291 1477/2432/291 3320/3621/291 2018/2462/291
f 1477/2432/292 677/2431/292 3043/3622/292 3320/3621/292
f 1474/546/293 3321/3617/293 1345/3620/293 193/547/293
f 674/2463/294 3044/3624/294 3321/3617/294 1474/546/294
f 3044/3624/295 1050/3623/295 3042/3618/295 3321/3617/295
f 3039/3610/1 3322/3613/1 3041/3616/1 1049/3611/1
f 673/2467/1 2017/544/1 3322/3613/1 3039/3610/1
f 2017/544/1 194/543/1 1746/3614/1 3322/3613/1
f 2014/2498/1 3323/3609/1 3040/3612/1 670/2499/1
f 249/539/1 1473/2468/1 3323/3609/1 2014/2498/1
f 1473/2468/1 673/2467/1 3039/3610/1 3323/3609/1
f 1470/534/1 3324/3605/1 1244/3608/1 92/535/1
f 670/2499/1 3040/3612/1 3324/3605/1 1470/534/1
f 3040/3612/1 1049/3611/1 3038/3606/1 3324/3605/1
f 3035/3598/1 3325/3601/1 3037/3604/1 1048/3599/1
f 669/2503/1 2013/532/1 3325/3601/1 3035/3598/1
f 2013/532/1 195/531/1 1747/3602/1 3325/3601/1
f 2010/2534/1 3326/3597/1 3036/3600/1 666/2535/1
f 248/527/1 1469/2504/1 3326/3597/1 2010/2534/1
f 1469/2504/1 669/2503/1 3035/3598/1 3326/3597/1
f 1466/522/1 3327/3593/1 1348/3596/1 196/523/1
f 666/2535/1 3036/3600/1 3327/3593/1 1466/522/1
f 3036/3600/1 1048/3599/1 3034/3594/1 3327/3593/1
f 3031/3586/1 3328/3589/1 3033/3592/1 1047/3587/1
f 665/2539/1 2009/520/1 3328/3589/1 3031/3586/1
f 2009/520/1 150/519/1 1702/3590/1 3328/3589/1
f 2006/2570/1 3329/3585/1 3032/3588/1 662/2571/1
f 247/515/1 1465/2540/1 3329/3585/1 2006/2570/1
f 1465/2540/1 665/2539/1 3031/3586/1 3329/3585/1
f 1462/510/1 3330/3581/1 1349/3584/1 197/511/1
f 662/2571/1 3032/3588/1 3330/3581/1 1462/510/1
f 3032/3588/1 1047/3587/1 3030/3582/1 3330/3581/1
f 3027/3574/1 3331/3577/1 3029/3580/1 1046/3575/1
f 661/2575/1 2005/508/1 3331/3577/1 3027/3574/1
f 2005/508/1 198/507/1 1750/3578/1 3331/3577/1
f 2002/2606/1 3332/3573/1 3028/3576/1 658/2607/1
f 246/503/1 1461/2576/1 3332/3573/1 2002/2606/1
f 1461/2576/1 661/2575/1 3027/3574/1 3332/3573/1
f 1458/498/1 3333/3569/1 1261/3572/1 109/499/1
f 658/2607/1 3028/3576/1 3333/3569/1 1458/498/1
f 3028/3576/1 1046/3575/1 3026/3570/1 3333/3569/1
f 3023/3562/1 3334/3565/1 3025/3568/1 1045/3563/1
f 657/2611/1 2001/496/1 3334/3565/1 3023/3562/1
f 2001/496/1 199/495/1 1751/3566/1 3334/3565/1
f 1998/2642/1 3335/3561/1 3024/3564/1 654/2643/1
f 245/491/1 1457/2612/1 3335/3561/1 1998/2642/1
f 1457/2612/1 657/2611/1 3023/3562/1 3335/3561/1
f 1454/486/1 3336/3557/1 1352/3560/1 200/487/1
f 654/2643/1 3024/3564/1 3336/3557/1 1454/486/1
f 3024/3564/1 1045/3563/1 3022/3558/1 3336/3557/1
f 3019/3550/1 3337/3553/1 3021/3556/1 1044/3551/1
f 653/2647/1 1997/484/1 3337/3553/1 3019/3550/1
f 1997/484/1 140/483/1 1692/3554/1 3337/3553/1
f 1994/2678/1 3338/3549/1 3020/3552/1 650/2679/1
f 244/479/1 1453/2648/1 3338/3549/1 1994/2678/1
f 1453/2648/1 653/2647/1 3019/3550/1 3338/3549/1
f 1450/474/1 3339/3545/1 1353/3548/1 201/475/1
f 650/2679/1 3020/3552/1 3339/3545/1 1450/474/1
f 3020/3552/1 1044/3551/1 3018/3546/1 3339/3545/1
f 3015/3538/296 3340/3541/296 3017/3544/296 1043/3539/296
f 649/2683/297 1993/472/297 3340/3541/297 3015/3538/297
f 1993/472/298 202/471/298 1754/3542/298 3340/3541/298
f 1990/2714/299 3341/3537/299 3016/3540/299 646/2715/299
f 243/467/300 1449/2684/300 3341/3537/300 1990/2714/300
f 1449/2684/301 649/2683/301 3015/3538/301 3341/3537/301
f 1446/462/302 3342/3533/302 1260/3536/302 108/463/302
f 646/2715/303 3016/3540/303 3342/3533/303 1446/462/303
f 3016/3540/304 1043/3539/304 3014/3534/304 3342/3533/304
f 3011/3526/1 3343/3529/1 3013/3532/1 1042/3527/1
f 645/2719/1 1989/460/1 3343/3529/1 3011/3526/1
f 1989/460/1 203/459/1 1755/3530/1 3343/3529/1
f 1986/2750/1 3344/3525/1 3012/3528/1 642/2751/1
f 242/455/1 1445/2720/1 3344/3525/1 1986/2750/1
f 1445/2720/1 645/2719/1 3011/3526/1 3344/3525/1
f 1442/450/1 3345/3521/1 1356/3524/1 204/451/1
f 642/2751/1 3012/3528/1 3345/3521/1 1442/450/1
f 3012/3528/1 1042/3527/1 3010/3522/1 3345/3521/1
f 3007/3514/1 3346/3517/1 3009/3520/1 1041/3515/1
f 641/2755/1 1985/448/1 3346/3517/1 3007/3514/1
f 1985/448/1 147/447/1 1699/3518/1 3346/3517/1
f 1982/2786/1 3347/3513/1 3008/3516/1 638/2787/1
f 241/443/1 1441/2756/1 3347/3513/1 1982/2786/1
f 1441/2756/1 641/2755/1 3007/3514/1 3347/3513/1
f 1438/438/305 3348/3509/305 1357/3512/305 205/439/305
f 638/2787/306 3008/3516/306 3348/3509/306 1438/438/306
f 3008/3516/307 1041/3515/307 3006/3510/307 3348/3509/307
f 3003/3502/1 3349/3505/1 3005/3508/1 1040/3503/1
f 637/2791/1 1981/436/1 3349/3505/1 3003/3502/1
f 1981/436/1 206/435/1 1758/3506/1 3349/3505/1
f 1978/2822/1 3350/3501/1 3004/3504/1 634/2823/1
f 240/431/1 1437/2792/1 3350/3501/1 1978/2822/1
f 1437/2792/1 637/2791/1 3003/3502/1 3350/3501/1
f 1434/426/1 3351/3497/1 1245/3500/1 93/427/1
f 634/2823/1 3004/3504/1 3351/3497/1 1434/426/1
f 3004/3504/1 1040/3503/1 3002/3498/1 3351/3497/1
f 2999/3490/1 3352/3493/1 3001/3496/1 1039/3491/1
f 633/2827/1 1977/424/1 3352/3493/1 2999/3490/1
f 1977/424/308 207/423/308 1759/3494/308 3352/3493/308
f 1974/2858/1 3353/3489/1 3000/3492/1 630/2859/1
f 239/419/1 1433/2828/1 3353/3489/1 1974/2858/1
f 1433/2828/1 633/2827/1 2999/3490/1 3353/3489/1
f 1430/414/1 3354/3485/1 1360/3488/1 208/415/1
f 630/2859/1 3000/3492/1 3354/3485/1 1430/414/1
f 3000/3492/1 1039/3491/1 2998/3486/1 3354/3485/1
f 2995/3478/309 3355/3481/309 2997/3484/309 1038/3479/309
f 629/2863/310 1973/412/310 3355/3481/310 2995/3478/310
f 1973/412/311 146/411/311 1698/3482/311 3355/3481/311
f 1970/2894/312 3356/3477/312 2996/3480/312 626/2895/312
f 238/407/313 1429/2864/313 3356/3477/313 1970/2894/313
f 1429/2864/314 629/2863/314 2995/3478/314 3356/3477/314
f 1426/402/315 3357/3473/315 1361/3476/315 209/403/315
f 626/2895/316 2996/3480/316 3357/3473/316 1426/402/316
f 2996/3480/317 1038/3479/317 2994/3474/317 3357/3473/317
f 2991/3466/1 3358/3469/1 2993/3472/1 1037/3467/1
f 625/2899/1 1969/400/1 3358/3469/1 2991/3466/1
f 1969/400/1 210/399/1 1762/3470/1 3358/3469/1
f 1966/2930/1 3359/3465/1 2992/3468/1 622/2931/1
f 237/395/1 1425/2900/1 3359/3465/1 1966/2930/1
f 1425/2900/1 625/2899/1 2991/3466/1 3359/3465/1
f 1422/390/1 3360/3461/1 1257/3464/1 105/391/1
f 622/2931/1 2992/3468/1 3360/3461/1 1422/390/1
f 2992/3468/1 1037/3467/1 2990/3462/1 3360/3461/1
f 2987/3454/318 3361/3457/318 2989/3460/318 1036/3455/318
f 621/2935/319 1965/388/319 3361/3457/319 2987/3454/319
f 1965/388/1 211/387/1 1763/3458/1 3361/3457/1
f 1962/2966/320 3362/3453/320 2988/3456/320 618/2967/320
f 236/383/321 1421/2936/321 3362/3453/321 1962/2966/321
f 1421/2936/322 621/2935/322 2987/3454/322 3362/3453/322
f 1418/378/323 3363/3449/323 1364/3452/323 212/379/323
f 618/2967/324 2988/3456/324 3363/3449/324 1418/378/324
f 2988/3456/325 1036/3455/325 2986/3450/325 3363/3449/325
f 2983/3442/1 3364/3445/1 2985/3448/1 1035/3443/1
f 617/2971/1 1961/376/1 3364/3445/1 2983/3442/1
f 1961/376/1 128/375/1 1680/3446/1 3364/3445/1
f 1958/3002/1 3365/3441/1 2984/3444/1 614/3003/1
f 235/371/1 1417/2972/1 3365/3441/1 1958/3002/1
f 1417/2972/1 617/2971/1 2983/3442/1 3365/3441/1
f 1414/366/1 3366/3437/1 1365/3440/1 213/367/1
f 614/3003/1 2984/3444/1 3366/3437/1 1414/366/1
f 2984/3444/1 1035/3443/1 2982/3438/1 3366/3437/1
f 2979/3430/326 3367/3433/326 2981/3436/326 1034/3431/326
f 613/3007/327 1957/364/327 3367/3433/327 2979/3430/327
f 1957/364/328 214/363/328 1766/3434/328 3367/3433/328
f 1954/3038/329 3368/3429/329 2980/3432/329 610/3039/329
f 234/359/330 1413/3008/330 3368/3429/330 1954/3038/330
f 1413/3008/331 613/3007/331 2979/3430/331 3368/3429/331
f 1410/354/332 3369/3425/332 1256/3428/332 104/355/332
f 610/3039/333 2980/3432/333 3369/3425/333 1410/354/333
f 2980/3432/334 1034/3431/334 2978/3426/334 3369/3425/334
f 2975/3418/1 3370/3421/1 2977/3424/1 1033/3419/1
f 609/3043/1 1953/352/1 3370/3421/1 2975/3418/1
f 1953/352/1 215/351/1 1767/3422/1 3370/3421/1
f 1950/3074/1 3371/3417/1 2976/3420/1 606/3075/1
f 233/347/1 1409/3044/1 3371/3417/1 1950/3074/1
f 1409/3044/1 609/3043/1 2975/3418/1 3371/3417/1
f 1406/342/1 3372/3413/1 1368/3416/1 216/343/1
f 606/3075/1 2976/3420/1 3372/3413/1 1406/342/1
f 2976/3420/1 1033/3419/1 2974/3414/1 3372/3413/1
f 2971/3406/1 3373/3409/1 2973/3412/1 1032/3407/1
f 605/3079/1 1949/340/1 3373/3409/1 2971/3406/1
f 1949/340/1 131/339/1 1683/3410/1 3373/3409/1
f 1946/3110/1 3374/3405/1 2972/3408/1 602/3111/1
f 232/335/1 1405/3080/1 3374/3405/1 1946/3110/1
f 1405/3080/1 605/3079/1 2971/3406/1 3374/3405/1
f 1402/330/1 3375/3401/1 1369/3404/1 217/331/1
f 602/3111/1 2972/3408/1 3375/3401/1 1402/330/1
f 2972/3408/1 1032/3407/1 2970/3402/1 3375/3401/1
f 2967/3394/1 3376/3397/1 2969/3400/1 1031/3395/1
f 601/3115/1 1945/328/1 3376/3397/1 2967/3394/1
f 1945/328/1 218/327/1 1770/3398/1 3376/3397/1
f 1942/3146/1 3377/3393/1 2968/3396/1 598/3147/1
f 231/323/1 1401/3116/1 3377/3393/1 1942/3146/1
f 1401/3116/1 601/3115/1 2967/3394/1 3377/3393/1
f 1398/318/1 3378/3389/1 1249/3392/1 97/319/1
f 598/3147/1 2968/3396/1 3378/3389/1 1398/318/1
f 2968/3396/1 1031/3395/1 2966/3390/1 3378/3389/1
f 2963/3382/1 3379/3385/1 2965/3388/1 1030/3383/1
f 597/3151/1 1941/316/1 3379/3385/1 2963/3382/1
f 1941/316/1 219/315/1 1771/3386/1 3379/3385/1
f 1938/3182/1 3380/3381/1 2964/3384/1 594/3183/1
f 230/311/160 1397/3152/160 3380/3381/160 1938/3182/160
f 1397/3152/1 597/3151/1 2963/3382/1 3380/3381/1
f 1394/306/1 3381/3377/1 1372/3380/1 220/307/1
f 594/3183/1 2964/3384/1 3381/3377/1 1394/306/1
f 2964/3384/1 1030/3383/1 2962/3378/1 3381/3377/1
f 2959/3370/1 3382/3373/1 2961/3376/1 1029/3371/1
f 593/3187/1 1937/304/1 3382/3373/1 2959/3370/1
f 1937/304/1 130/303/1 1682/3374/1 3382/3373/1
f 1934/3218/1 3383/3369/1 2960/3372/1 590/3219/1
f 229/299/1 1393/3188/1 3383/3369/1 1934/3218/1
f 1393/3188/1 593/3187/1 2959/3370/1 3383/3369/1
f 1390/294/1 3384/3365/1 1373/3368/1 221/295/1
f 590/3219/1 2960/3372/1 3384/3365/1 1390/294/1
f 2960/3372/1 1029/3371/1 2958/3366/1 3384/3365/1
f 2955/3358/1 3385/3361/1 2957/3364/1 1028/3359/1
f 589/3223/1 1933/292/1 3385/3361/1 2955/3358/1
f 1933/292/1 222/291/1 1774/3362/1 3385/3361/1
f 1930/3254/1 3386/3357/1 2956/3360/1 586/3255/1
f 228/287/1 1389/3224/1 3386/3357/1 1930/3254/1
f 1389/3224/1 589/3223/1 2955/3358/1 3386/3357/1
f 1386/282/1 3387/3353/1 1253/3356/1 101/283/1
f 586/3255/1 2956/3360/1 3387/3353/1 1386/282/1
f 2956/3360/1 1028/3359/1 2954/3354/1 3387/3353/1
f 2951/3346/335 3388/3349/335 2953/3352/335 1027/3347/335
f 585/3259/336 1929/280/336 3388/3349/336 2951/3346/336
f 1929/280/337 223/279/337 1775/3350/337 3388/3349/337
f 1926/3290/338 3389/3345/338 2952/3348/338 582/3291/338
f 227/275/339 1385/3260/339 3389/3345/339 1926/3290/339
f 1385/3260/340 585/3259/340 2951/3346/340 3389/3345/340
f 1382/270/341 3390/3341/341 1376/3344/341 224/271/341
f 582/3291/342 2952/3348/342 3390/3341/342 1382/270/342
f 2952/3348/343 1027/3347/343 2950/3342/343 3390/3341/343
f 2947/3334/1 3391/3337/1 2949/3340/1 1026/3335/1
f 581/3295/1 1925/268/1 3391/3337/1 2947/3334/1
f 1925/268/1 124/267/1 1676/3338/1 3391/3337/1
f 1922/3326/1 3392/3333/1 2948/3336/1 578/3327/1
f 226/263/1 1381/3296/1 3392/3333/1 1922/3326/1
f 1381/3296/1 581/3295/1 2947/3334/1 3392/3333/1
f 1378/258/1 3393/3329/1 1377/3332/1 225/259/1
f 578/3327/1 2948/3336/1 3393/3329/1 1378/258/1
f 2948/3336/1 1026/3335/1 2946/3330/1 3393/3329/1
f 2943/3322/1 3394/3325/1 2945/3328/1 1025/3323/1
f 580/3307/138 1924/264/138 3394/3325/138 2943/3322/138
f 1924/264/1 226/263/1 1922/3326/1 3394/3325/1
f 1775/3350/344 3395/3321/344 2944/3324/344 431/3351/344
f 223/279/345 1380/3308/345 3395/3321/345 1775/3350/345
f 1380/3308/346 580/3307/346 2943/3322/346 3395/3321/346
f 1231/250/99 3396/3317/99 1233/3320/99 81/251/99
f 431/3351/347 2944/3324/347 3396/3317/347 1231/250/347
f 2944/3324/348 1025/3323/348 2942/3318/348 3396/3317/348
f 2939/3310/349 3397/3313/349 2941/3316/349 1024/3311/349
f 369/1591/350 1713/836/350 3397/3313/350 2939/3310/350
f 1713/836/1 161/835/1 1923/3314/1 3397/3313/1
f 1919/3266/351 3398/3309/351 2940/3312/351 575/3267/351
f 65/67/352 1169/1592/352 3398/3309/352 1919/3266/352
f 1169/1592/353 369/1591/353 2939/3310/353 3398/3309/353
f 1375/278/354 3399/3305/354 1380/3308/354 223/279/354
f 575/3267/355 2940/3312/355 3399/3305/355 1375/278/355
f 2940/3312/356 1024/3311/356 2938/3306/356 3399/3305/356
f 2935/3298/1 3400/3301/1 2937/3304/1 1023/3299/1
f 513/3907/1 1857/64/1 3400/3301/1 2935/3298/1
f 1857/64/1 12/63/1 1820/3302/1 3400/3301/1
f 1923/3314/1 3401/3297/1 2936/3300/1 579/3315/1
f 161/835/1 1313/3908/1 3401/3297/1 1923/3314/1
f 1313/3908/1 513/3907/1 2935/3298/1 3401/3297/1
f 1379/262/1 3402/3293/1 1381/3296/1 226/263/1
f 579/3315/1 2936/3300/1 3402/3293/1 1379/262/1
f 2936/3300/1 1023/3299/1 2934/3294/1 3402/3293/1
f 2931/3286/357 3403/3289/357 2933/3292/357 1022/3287/357
f 584/3271/358 1928/276/358 3403/3289/358 2931/3286/358
f 1928/276/359 227/275/359 1926/3290/359 3403/3289/359
f 1710/3806/360 3404/3285/360 2932/3288/360 366/3807/360
f 158/735/361 1384/3272/361 3404/3285/361 1710/3806/361
f 1384/3272/362 584/3271/362 2931/3286/362 3404/3285/362
f 1166/98/363 3405/3281/363 1232/3284/363 62/99/363
f 366/3807/364 2932/3288/364 3405/3281/364 1166/98/364
f 2932/3288/365 1022/3287/365 2930/3282/365 3405/3281/365
f 2927/3274/366 3406/3277/366 2929/3280/366 1021/3275/366
f 329/1627/367 1673/824/367 3406/3277/367 2927/3274/367
f 1673/824/368 121/823/368 1927/3278/368 3406/3277/368
f 1854/1898/369 3407/3273/369 2928/3276/369 510/1899/369
f 25/59/370 1129/1628/370 3407/3273/370 1854/1898/370
f 1129/1628/371 329/1627/371 2927/3274/371 3407/3273/371
f 1310/734/372 3408/3269/372 1384/3272/372 158/735/372
f 510/1899/373 2928/3276/373 3408/3269/373 1310/734/373
f 2928/3276/374 1021/3275/374 2926/3270/374 3408/3269/374
f 2923/3262/375 3409/3265/375 2925/3268/375 1020/3263/375
f 473/3895/376 1817/68/376 3409/3265/376 2923/3262/376
f 1817/68/377 65/67/377 1919/3266/377 3409/3265/377
f 1927/3278/378 3410/3261/378 2924/3264/378 583/3279/378
f 121/823/379 1273/3896/379 3410/3261/379 1927/3278/379
f 1273/3896/380 473/3895/380 2923/3262/380 3410/3261/380
f 1383/274/381 3411/3257/381 1385/3260/381 227/275/381
f 583/3279/382 2924/3264/382 3411/3257/382 1383/274/382
f 2924/3264/383 1020/3263/383 2922/3258/383 3411/3257/383
f 2919/3250/1 3412/3253/1 2921/3256/1 1019/3251/1
f 588/3235/1 1932/288/1 3412/3253/1 2919/3250/1
f 1932/288/1 228/287/1 1930/3254/1 3412/3253/1
f 1670/3938/1 3413/3249/1 2920/3252/1 326/3939/1
f 118/867/1 1388/3236/1 3413/3249/1 1670/3938/1
f 1388/3236/1 588/3235/1 2919/3250/1 3413/3249/1
f 1126/54/1 3414/3245/1 1109/3248/1 17/55/1
f 326/3939/1 2920/3252/1 3414/3245/1 1126/54/1
f 2920/3252/1 1019/3251/1 2918/3246/1 3414/3245/1
f 2915/3238/1 3415/3241/1 2917/3244/1 1018/3239/1
f 432/3283/384 1776/272/384 3415/3241/384 2915/3238/384
f 1776/272/385 224/271/385 1931/3242/385 3415/3241/385
f 1814/1502/1 3416/3237/1 2916/3240/1 470/1503/1
f 62/99/386 1232/3284/386 3416/3237/386 1814/1502/386
f 1232/3284/387 432/3283/387 2915/3238/387 3416/3237/387
f 1270/866/1 3417/3233/1 1388/3236/1 118/867/1
f 470/1503/1 2916/3240/1 3417/3233/1 1270/866/1
f 2916/3240/1 1018/3239/1 2914/3234/1 3417/3233/1
f 2911/3226/1 3418/3229/1 2913/3232/1 1017/3227/1
f 576/3343/388 1920/252/388 3418/3229/388 2911/3226/388
f 1920/252/1 81/251/1 1918/3230/1 3418/3229/1
f 1931/3242/1 3419/3225/1 2912/3228/1 587/3243/1
f 224/271/389 1376/3344/389 3419/3225/389 1931/3242/389
f 1376/3344/390 576/3343/390 2911/3226/390 3419/3225/390
f 1387/286/1 3420/3221/1 1389/3224/1 228/287/1
f 587/3243/1 2912/3228/1 3420/3221/1 1387/286/1
f 2912/3228/1 1017/3227/1 2910/3222/1 3420/3221/1
f 2907/3214/1 3421/3217/1 2909/3220/1 1016/3215/1
f 592/3199/1 1936/300/1 3421/3217/1 2907/3214/1
f 1936/300/1 229/299/1 1934/3218/1 3421/3217/1
f 1771/3386/1 3422/3213/1 2908/3216/1 427/3387/1
f 219/315/1 1392/3200/1 3422/3213/1 1771/3386/1
f 1392/3200/1 592/3199/1 2907/3214/1 3422/3213/1
f 1227/238/1 3423/3209/1 1229/3212/1 80/239/1
f 427/3387/1 2908/3216/1 3423/3209/1 1227/238/1
f 2908/3216/1 1016/3215/1 2906/3210/1 3423/3209/1
f 2903/3202/1 3424/3205/1 2905/3208/1 1015/3203/1
f 365/1483/1 1709/872/1 3424/3205/1 2903/3202/1
f 1709/872/1 157/871/1 1935/3206/1 3424/3205/1
f 1915/3158/1 3425/3201/1 2904/3204/1 571/3159/1
f 61/103/1 1165/1484/1 3425/3201/1 1915/3158/1
f 1165/1484/1 365/1483/1 2903/3202/1 3425/3201/1
f 1371/314/1 3426/3197/1 1392/3200/1 219/315/1
f 571/3159/1 2904/3204/1 3426/3197/1 1371/314/1
f 2904/3204/1 1015/3203/1 2902/3198/1 3426/3197/1
f 2899/3190/1 3427/3193/1 2901/3196/1 1014/3191/1
f 509/3943/1 1853/52/1 3427/3193/1 2899/3190/1
f 1853/52/1 18/51/1 1826/3194/1 3427/3193/1
f 1935/3206/1 3428/3189/1 2900/3192/1 591/3207/1
f 157/871/1 1309/3944/1 3428/3189/1 1935/3206/1
f 1309/3944/1 509/3943/1 2899/3190/1 3428/3189/1
f 1391/298/1 3429/3185/1 1393/3188/1 229/299/1
f 591/3207/1 2900/3192/1 3429/3185/1 1391/298/1
f 2900/3192/1 1014/3191/1 2898/3186/1 3429/3185/1
f 2895/3178/391 3430/3181/391 2897/3184/391 1013/3179/391
f 596/3163/392 1940/312/392 3430/3181/392 2895/3178/392
f 1940/312/79 230/311/79 1938/3182/79 3430/3181/79
f 1706/3698/393 3431/3177/393 2896/3180/393 362/3699/393
f 154/627/394 1396/3164/394 3431/3177/394 1706/3698/394
f 1396/3164/395 596/3163/395 2895/3178/395 3431/3177/395
f 1162/134/1 3432/3173/1 1228/3176/1 58/135/1
f 362/3699/396 2896/3180/396 3432/3173/396 1162/134/396
f 2896/3180/397 1013/3179/397 2894/3174/397 3432/3173/397
f 2891/3166/398 3433/3169/398 2893/3172/398 1012/3167/398
f 325/1951/399 1669/716/399 3433/3169/399 2891/3166/399
f 1669/716/400 117/715/400 1939/3170/400 3433/3169/400
f 1850/2222/401 3434/3165/401 2892/3168/401 506/2223/401
f 24/47/402 1125/1952/402 3434/3165/402 1850/2222/402
f 1125/1952/403 325/1951/403 2891/3166/403 3434/3165/403
f 1306/626/404 3435/3161/404 1396/3164/404 154/627/404
f 506/2223/405 2892/3168/405 3435/3161/405 1306/626/405
f 2892/3168/406 1012/3167/406 2890/3162/406 3435/3161/406
f 2887/3154/1 3436/3157/1 2889/3160/1 1011/3155/1
f 469/3787/1 1813/104/1 3436/3157/1 2887/3154/1
f 1813/104/1 61/103/1 1915/3158/1 3436/3157/1
f 1939/3170/407 3437/3153/407 2888/3156/407 595/3171/407
f 117/715/408 1269/3788/408 3437/3153/408 1939/3170/408
f 1269/3788/409 469/3787/409 2887/3154/409 3437/3153/409
f 1395/310/410 3438/3149/410 1397/3152/410 230/311/410
f 595/3171/411 2888/3156/411 3438/3149/411 1395/310/411
f 2888/3156/412 1011/3155/412 2886/3150/412 3438/3149/412
f 2883/3142/1 3439/3145/1 2885/3148/1 1010/3143/1
f 600/3127/1 1944/324/1 3439/3145/1 2883/3142/1
f 1944/324/1 231/323/1 1942/3146/1 3439/3145/1
f 1666/3974/1 3440/3141/1 2884/3144/1 322/3975/1
f 114/903/1 1400/3128/1 3440/3141/1 1666/3974/1
f 1400/3128/1 600/3127/1 2883/3142/1 3440/3141/1
f 1122/42/1 3441/3137/1 1105/3140/1 13/43/1
f 322/3975/1 2884/3144/1 3441/3137/1 1122/42/1
f 2884/3144/1 1010/3143/1 2882/3138/1 3441/3137/1
f 2879/3130/1 3442/3133/1 2881/3136/1 1009/3131/1
f 428/3175/1 1772/308/1 3442/3133/1 2879/3130/1
f 1772/308/1 220/307/1 1943/3134/1 3442/3133/1
f 1810/1394/1 3443/3129/1 2880/3132/1 466/1395/1
f 58/135/1 1228/3176/1 3443/3129/1 1810/1394/1
f 1228/3176/1 428/3175/1 2879/3130/1 3443/3129/1
f 1266/902/1 3444/3125/1 1400/3128/1 114/903/1
f 466/1395/1 2880/3132/1 3444/3125/1 1266/902/1
f 2880/3132/1 1009/3131/1 2878/3126/1 3444/3125/1
f 2875/3118/1 3445/3121/1 2877/3124/1 1008/3119/1
f 572/3379/1 1916/240/1 3445/3121/1 2875/3118/1
f 1916/240/1 80/239/1 1914/3122/1 3445/3121/1
f 1943/3134/1 3446/3117/1 2876/3120/1 599/3135/1
f 220/307/1 1372/3380/1 3446/3117/1 1943/3134/1
f 1372/3380/1 572/3379/1 2875/3118/1 3446/3117/1
f 1399/322/1 3447/3113/1 1401/3116/1 231/323/1
f 599/3135/1 2876/3120/1 3447/3113/1 1399/322/1
f 2876/3120/1 1008/3119/1 2874/3114/1 3447/3113/1
f 2871/3106/1 3448/3109/1 2873/3112/1 1007/3107/1
f 604/3091/1 1948/336/1 3448/3109/1 2871/3106/1
f 1948/336/1 232/335/1 1946/3110/1 3448/3109/1
f 1767/3422/1 3449/3105/1 2872/3108/1 423/3423/1
f 215/351/1 1404/3092/1 3449/3105/1 1767/3422/1
f 1404/3092/1 604/3091/1 2871/3106/1 3449/3105/1
f 1223/226/1 3450/3101/1 1225/3104/1 79/227/1
f 423/3423/1 2872/3108/1 3450/3101/1 1223/226/1
f 2872/3108/1 1007/3107/1 2870/3102/1 3450/3101/1
f 2867/3094/1 3451/3097/1 2869/3100/1 1006/3095/1
f 361/1375/1 1705/908/1 3451/3097/1 2867/3094/1
f 1705/908/1 153/907/1 1947/3098/1 3451/3097/1
f 1911/3050/1 3452/3093/1 2868/3096/1 567/3051/1
f 57/139/1 1161/1376/1 3452/3093/1 1911/3050/1
f 1161/1376/1 361/1375/1 2867/3094/1 3452/3093/1
f 1367/350/1 3453/3089/1 1404/3092/1 215/351/1
f 567/3051/1 2868/3096/1 3453/3089/1 1367/350/1
f 2868/3096/1 1006/3095/1 2866/3090/1 3453/3089/1
f 2863/3082/1 3454/3085/1 2865/3088/1 1005/3083/1
f 505/3979/1 1849/40/1 3454/3085/1 2863/3082/1
f 1849/40/1 19/39/1 1827/3086/1 3454/3085/1
f 1947/3098/1 3455/3081/1 2864/3084/1 603/3099/1
f 153/907/1 1305/3980/1 3455/3081/1 1947/3098/1
f 1305/3980/1 505/3979/1 2863/3082/1 3455/3081/1
f 1403/334/1 3456/3077/1 1405/3080/1 232/335/1
f 603/3099/1 2864/3084/1 3456/3077/1 1403/334/1
f 2864/3084/1 1005/3083/1 2862/3078/1 3456/3077/1
f 2859/3070/1 3457/3073/1 2861/3076/1 1004/3071/1
f 608/3055/1 1952/348/1 3457/3073/1 2859/3070/1
f 1952/348/1 233/347/1 1950/3074/1 3457/3073/1
f 1702/3590/1 3458/3069/1 2860/3072/1 358/3591/1
f 150/519/1 1408/3056/1 3458/3069/1 1702/3590/1
f 1408/3056/1 608/3055/1 2859/3070/1 3458/3069/1
f 1158/170/1 3459/3065/1 1224/3068/1 54/171/1
f 358/3591/1 2860/3072/1 3459/3065/1 1158/170/1
f 2860/3072/1 1004/3071/1 2858/3066/1 3459/3065/1
f 2855/3058/1 3460/3061/1 2857/3064/1 1003/3059/1
f 321/2275/1 1665/608/1 3460/3061/1 2855/3058/1
f 1665/608/1 113/607/1 1951/3062/1 3460/3061/1
f 1846/2546/1 3461/3057/1 2856/3060/1 502/2547/1
f 23/35/1 1121/2276/1 3461/3057/1 1846/2546/1
f 1121/2276/1 321/2275/1 2855/3058/1 3461/3057/1
f 1302/518/1 3462/3053/1 1408/3056/1 150/519/1
f 502/2547/1 2856/3060/1 3462/3053/1 1302/518/1
f 2856/3060/1 1003/3059/1 2854/3054/1 3462/3053/1
f 2851/3046/1 3463/3049/1 2853/3052/1 1002/3047/1
f 465/3679/1 1809/140/1 3463/3049/1 2851/3046/1
f 1809/140/1 57/139/1 1911/3050/1 3463/3049/1
f 1951/3062/1 3464/3045/1 2852/3048/1 607/3063/1
f 113/607/1 1265/3680/1 3464/3045/1 1951/3062/1
f 1265/3680/1 465/3679/1 2851/3046/1 3464/3045/1
f 1407/346/1 3465/3041/1 1409/3044/1 233/347/1
f 607/3063/1 2852/3048/1 3465/3041/1 1407/346/1
f 2852/3048/1 1002/3047/1 2850/3042/1 3465/3041/1
f 2847/3034/413 3466/3037/413 2849/3040/413 1001/3035/413
f 612/3019/414 1956/360/414 3466/3037/414 2847/3034/414
f 1956/360/415 234/359/415 1954/3038/415 3466/3037/415
f 1662/4010/416 3467/3033/416 2848/3036/416 318/4011/416
f 110/939/417 1412/3020/417 3467/3033/417 1662/4010/417
f 1412/3020/418 612/3019/418 2847/3034/418 3467/3033/418
f 1118/30/419 3468/3029/419 1112/3032/419 20/31/419
f 318/4011/420 2848/3036/420 3468/3029/420 1118/30/420
f 2848/3036/421 1001/3035/421 2846/3030/421 3468/3029/421
f 2843/3022/422 3469/3025/422 2845/3028/422 1000/3023/422
f 424/3067/423 1768/344/423 3469/3025/423 2843/3022/423
f 1768/344/424 216/343/424 1955/3026/424 3469/3025/424
f 1806/1286/425 3470/3021/425 2844/3024/425 462/1287/425
f 54/171/72 1224/3068/72 3470/3021/72 1806/1286/72
f 1224/3068/426 424/3067/426 2843/3022/426 3470/3021/426
f 1262/938/427 3471/3017/427 1412/3020/427 110/939/427
f 462/1287/428 2844/3024/428 3471/3017/428 1262/938/428
f 2844/3024/429 1000/3023/429 2842/3018/429 3471/3017/429
f 2839/3010/430 3472/3013/430 2841/3016/430 999/3011/430
f 568/3415/1 1912/228/1 3472/3013/1 2839/3010/1
f 1912/228/1 79/227/1 1910/3014/1 3472/3013/1
f 1955/3026/431 3473/3009/431 2840/3012/431 611/3027/431
f 216/343/432 1368/3416/432 3473/3009/432 1955/3026/432
f 1368/3416/33 568/3415/33 2839/3010/33 3473/3009/33
f 1411/358/433 3474/3005/433 1413/3008/433 234/359/433
f 611/3027/434 2840/3012/434 3474/3005/434 1411/358/434
f 2840/3012/435 999/3011/435 2838/3006/435 3474/3005/435
f 2835/2998/1 3475/3001/1 2837/3004/1 998/2999/1
f 616/2983/1 1960/372/1 3475/3001/1 2835/2998/1
f 1960/372/1 235/371/1 1958/3002/1 3475/3001/1
f 1763/3458/1 3476/2997/1 2836/3000/1 419/3459/1
f 211/387/1 1416/2984/1 3476/2997/1 1763/3458/1
f 1416/2984/1 616/2983/1 2835/2998/1 3476/2997/1
f 1219/214/1 3477/2993/1 1221/2996/1 78/215/1
f 419/3459/1 2836/3000/1 3477/2993/1 1219/214/1
f 2836/3000/1 998/2999/1 2834/2994/1 3477/2993/1
f 2831/2986/1 3478/2989/1 2833/2992/1 997/2987/1
f 357/1267/1 1701/944/1 3478/2989/1 2831/2986/1
f 1701/944/1 149/943/1 1959/2990/1 3478/2989/1
f 1907/2942/1 3479/2985/1 2832/2988/1 563/2943/1
f 53/175/1 1157/1268/1 3479/2985/1 1907/2942/1
f 1157/1268/1 357/1267/1 2831/2986/1 3479/2985/1
f 1363/386/1 3480/2981/1 1416/2984/1 211/387/1
f 563/2943/1 2832/2988/1 3480/2981/1 1363/386/1
f 2832/2988/1 997/2987/1 2830/2982/1 3480/2981/1
f 2827/2974/1 3481/2977/1 2829/2980/1 996/2975/1
f 501/4015/1 1845/28/1 3481/2977/1 2827/2974/1
f 1845/28/1 16/27/1 1824/2978/1 3481/2977/1
f 1959/2990/1 3482/2973/1 2828/2976/1 615/2991/1
f 149/943/1 1301/4016/1 3482/2973/1 1959/2990/1
f 1301/4016/1 501/4015/1 2827/2974/1 3482/2973/1
f 1415/370/1 3483/2969/1 1417/2972/1 235/371/1
f 615/2991/1 2828/2976/1 3483/2969/1 1415/370/1
f 2828/2976/1 996/2975/1 2826/2970/1 3483/2969/1
f 2823/2962/436 3484/2965/436 2825/2968/436 995/2963/436
f 620/2947/437 1964/384/437 3484/2965/437 2823/2962/437
f 1964/384/438 236/383/438 1962/2966/438 3484/2965/438
f 1698/3482/439 3485/2961/439 2824/2964/439 354/3483/439
f 146/411/440 1420/2948/440 3485/2961/440 1698/3482/440
f 1420/2948/441 620/2947/441 2823/2962/441 3485/2961/441
f 1154/206/442 3486/2957/442 1220/2960/442 50/207/442
f 354/3483/443 2824/2964/443 3486/2957/443 1154/206/443
f 2824/2964/444 995/2963/444 2822/2958/444 3486/2957/444
f 2819/2950/445 3487/2953/445 2821/2956/445 994/2951/445
f 317/2599/446 1661/500/446 3487/2953/446 2819/2950/446
f 1661/500/447 109/499/447 1963/2954/447 3487/2953/447
f 1842/2870/448 3488/2949/448 2820/2952/448 498/2871/448
f 22/23/449 1117/2600/449 3488/2949/449 1842/2870/449
f 1117/2600/450 317/2599/450 2819/2950/450 3488/2949/450
f 1298/410/451 3489/2945/451 1420/2948/451 146/411/451
f 498/2871/452 2820/2952/452 3489/2945/452 1298/410/452
f 2820/2952/453 994/2951/453 2818/2946/453 3489/2945/453
f 2815/2938/1 3490/2941/1 2817/2944/1 993/2939/1
f 461/3571/1 1805/176/1 3490/2941/1 2815/2938/1
f 1805/176/1 53/175/1 1907/2942/1 3490/2941/1
f 1963/2954/454 3491/2937/454 2816/2940/454 619/2955/454
f 109/499/455 1261/3572/455 3491/2937/455 1963/2954/455
f 1261/3572/1 461/3571/1 2815/2938/1 3491/2937/1
f 1419/382/456 3492/2933/456 1421/2936/456 236/383/456
f 619/2955/457 2816/2940/457 3492/2933/457 1419/382/457
f 2816/2940/458 993/2939/458 2814/2934/458 3492/2933/458
f 2811/2926/1 3493/2929/1 2813/2932/1 992/2927/1
f 624/2911/459 1968/396/459 3493/2929/459 2811/2926/459
f 1968/396/99 237/395/99 1966/2930/99 3493/2929/99
f 1658/4046/460 3494/2925/460 2812/2928/460 314/4047/460
f 106/975/461 1424/2912/461 3494/2925/461 1658/4046/461
f 1424/2912/462 624/2911/462 2811/2926/462 3494/2925/462
f 1114/18/1 3495/2921/1 1113/2924/1 21/19/1
f 314/4047/1 2812/2928/1 3495/2921/1 1114/18/1
f 2812/2928/1 992/2927/1 2810/2922/1 3495/2921/1
f 2807/2914/463 3496/2917/463 2809/2920/463 991/2915/463
f 420/2959/464 1764/380/464 3496/2917/464 2807/2914/464
f 1764/380/465 212/379/465 1967/2918/465 3496/2917/465
f 1802/1178/466 3497/2913/466 2808/2916/466 458/1179/466
f 50/207/467 1220/2960/467 3497/2913/467 1802/1178/467
f 1220/2960/468 420/2959/468 2807/2914/468 3497/2913/468
f 1258/974/469 3498/2909/469 1424/2912/469 106/975/469
f 458/1179/470 2808/2916/470 3498/2909/470 1258/974/470
f 2808/2916/471 991/2915/471 2806/2910/471 3498/2909/471
f 2803/2902/1 3499/2905/1 2805/2908/1 990/2903/1
f 564/3451/138 1908/216/138 3499/2905/138 2803/2902/138
f 1908/216/1 78/215/1 1906/2906/1 3499/2905/1
f 1967/2918/472 3500/2901/472 2804/2904/472 623/2919/472
f 212/379/473 1364/3452/473 3500/2901/473 1967/2918/473
f 1364/3452/474 564/3451/474 2803/2902/474 3500/2901/474
f 1423/394/475 3501/2897/475 1425/2900/475 237/395/475
f 623/2919/476 2804/2904/476 3501/2897/476 1423/394/476
f 2804/2904/99 990/2903/99 2802/2898/99 3501/2897/99
f 2799/2890/477 3502/2893/477 2801/2896/477 989/2891/477
f 628/2875/478 1972/408/478 3502/2893/478 2799/2890/478
f 1972/408/479 238/407/479 1970/2894/479 3502/2893/479
f 1759/3494/480 3503/2889/480 2800/2892/480 415/3495/480
f 207/423/481 1428/2876/481 3503/2889/481 1759/3494/481
f 1428/2876/482 628/2875/482 2799/2890/482 3503/2889/482
f 1215/202/483 3504/2885/483 1217/2888/483 77/203/483
f 415/3495/484 2800/2892/484 3504/2885/484 1215/202/484
f 2800/2892/485 989/2891/485 2798/2886/485 3504/2885/485
f 2795/2878/486 3505/2881/486 2797/2884/486 988/2879/486
f 356/1231/487 1700/956/487 3505/2881/487 2795/2878/487
f 1700/956/488 148/955/488 1971/2882/488 3505/2881/488
f 1903/2834/489 3506/2877/489 2796/2880/489 559/2835/489
f 52/187/490 1156/1232/490 3506/2877/490 1903/2834/490
f 1156/1232/491 356/1231/491 2795/2878/491 3506/2877/491
f 1359/422/492 3507/2873/492 1428/2876/492 207/423/492
f 559/2835/493 2796/2880/493 3507/2873/493 1359/422/493
f 2796/2880/494 988/2879/494 2794/2874/494 3507/2873/494
f 2791/2866/495 3508/2869/495 2793/2872/495 987/2867/495
f 500/4027/496 1844/24/496 3508/2869/496 2791/2866/496
f 1844/24/497 22/23/497 1842/2870/497 3508/2869/497
f 1971/2882/498 3509/2865/498 2792/2868/498 627/2883/498
f 148/955/499 1300/4028/499 3509/2865/499 1971/2882/499
f 1300/4028/500 500/4027/500 2791/2866/500 3509/2865/500
f 1427/406/501 3510/2861/501 1429/2864/501 238/407/501
f 627/2883/502 2792/2868/502 3510/2861/502 1427/406/502
f 2792/2868/503 987/2867/503 2790/2862/503 3510/2861/503
f 2787/2854/1 3511/2857/1 2789/2860/1 986/2855/1
f 632/2839/1 1976/420/1 3511/2857/1 2787/2854/1
f 1976/420/1 239/419/1 1974/2858/1 3511/2857/1
f 1683/3410/1 3512/2853/1 2788/2856/1 339/3411/1
f 131/339/1 1432/2840/1 3512/2853/1 1683/3410/1
f 1432/2840/1 632/2839/1 2787/2854/1 3512/2853/1
f 1139/230/1 3513/2849/1 1216/2852/1 35/231/1
f 339/3411/1 2788/2856/1 3513/2849/1 1139/230/1
f 2788/2856/1 986/2855/1 2786/2850/1 3513/2849/1
f 2783/2842/1 3514/2845/1 2785/2848/1 985/2843/1
f 316/2707/1 1660/464/1 3514/2845/1 2783/2842/1
f 1660/464/1 108/463/1 1975/2846/1 3514/2845/1
f 1827/3086/1 3515/2841/1 2784/2844/1 483/3087/1
f 19/39/1 1116/2708/1 3515/2841/1 1827/3086/1
f 1116/2708/1 316/2707/1 2783/2842/1 3515/2841/1
f 1283/338/1 3516/2837/1 1432/2840/1 131/339/1
f 483/3087/1 2784/2844/1 3516/2837/1 1283/338/1
f 2784/2844/1 985/2843/1 2782/2838/1 3516/2837/1
f 2779/2830/504 3517/2833/504 2781/2836/504 984/2831/504
f 460/3535/505 1804/188/505 3517/2833/505 2779/2830/505
f 1804/188/506 52/187/506 1903/2834/506 3517/2833/506
f 1975/2846/1 3518/2829/1 2780/2832/1 631/2847/1
f 108/463/1 1260/3536/1 3518/2829/1 1975/2846/1
f 1260/3536/507 460/3535/507 2779/2830/507 3518/2829/507
f 1431/418/1 3519/2825/1 1433/2828/1 239/419/1
f 631/2847/1 2780/2832/1 3519/2825/1 1431/418/1
f 2780/2832/1 984/2831/1 2778/2826/1 3519/2825/1
f 2775/2818/1 3520/2821/1 2777/2824/1 983/2819/1
f 636/2803/1 1980/432/1 3520/2821/1 2775/2818/1
f 1980/432/1 240/431/1 1978/2822/1 3520/2821/1
f 1643/4070/1 3521/2817/1 2776/2820/1 299/4071/1
f 91/999/1 1436/2804/1 3521/2817/1 1643/4070/1
f 1436/2804/1 636/2803/1 2775/2818/1 3521/2817/1
f 1099/10/1 3522/2813/1 1101/2816/1 9/11/1
f 299/4071/1 2776/2820/1 3522/2813/1 1099/10/1
f 2776/2820/1 983/2819/1 2774/2814/1 3522/2813/1
f 2771/2806/1 3523/2809/1 2773/2812/1 982/2807/1
f 416/2851/1 1760/416/1 3523/2809/1 2771/2806/1
f 1760/416/1 208/415/1 1979/2810/1 3523/2809/1
f 1787/1106/1 3524/2805/1 2772/2808/1 443/1107/1
f 35/231/1 1216/2852/1 3524/2805/1 1787/1106/1
f 1216/2852/1 416/2851/1 2771/2806/1 3524/2805/1
f 1243/998/1 3525/2801/1 1436/2804/1 91/999/1
f 443/1107/1 2772/2808/1 3525/2801/1 1243/998/1
f 2772/2808/1 982/2807/1 2770/2802/1 3525/2801/1
f 2767/2794/1 3526/2797/1 2769/2800/1 981/2795/1
f 560/3487/1 1904/204/1 3526/2797/1 2767/2794/1
f 1904/204/221 77/203/221 1902/2798/221 3526/2797/221
f 1979/2810/1 3527/2793/1 2768/2796/1 635/2811/1
f 208/415/1 1360/3488/1 3527/2793/1 1979/2810/1
f 1360/3488/1 560/3487/1 2767/2794/1 3527/2793/1
f 1435/430/1 3528/2789/1 1437/2792/1 240/431/1
f 635/2811/1 2768/2796/1 3528/2789/1 1435/430/1
f 2768/2796/1 981/2795/1 2766/2790/1 3528/2789/1
f 2763/2782/1 3529/2785/1 2765/2788/1 980/2783/1
f 640/2767/1 1984/444/1 3529/2785/1 2763/2782/1
f 1984/444/1 241/443/1 1982/2786/1 3529/2785/1
f 1755/3530/1 3530/2781/1 2764/2784/1 411/3531/1
f 203/459/1 1440/2768/1 3530/2781/1 1755/3530/1
f 1440/2768/1 640/2767/1 2763/2782/1 3530/2781/1
f 1211/190/508 3531/2777/508 1213/2780/508 76/191/508
f 411/3531/509 2764/2784/509 3531/2777/509 1211/190/509
f 2764/2784/510 980/2783/510 2762/2778/510 3531/2777/510
f 2759/2770/1 3532/2773/1 2761/2776/1 979/2771/1
f 447/4097/1 1247/4098/1 3532/2773/1 2759/2770/1
f 1247/4098/1 95/4099/1 1983/2774/1 3532/2773/1
f 1899/2726/1 3533/2769/1 2760/2772/1 555/2727/1
f 39/4100/1 1791/4101/1 3533/2769/1 1899/2726/1
f 1791/4101/1 447/4097/1 2759/2770/1 3533/2769/1
f 1355/458/1 3534/2765/1 1440/2768/1 203/459/1
f 555/2727/1 2760/2772/1 3534/2765/1 1355/458/1
f 2760/2772/1 979/2771/1 2758/2766/1 3534/2765/1
f 2755/2758/1 3535/2761/1 2757/2764/1 978/2759/1
f 303/4102/1 1103/4103/1 3535/2761/1 2755/2758/1
f 1103/4103/1 11/4104/1 1843/2762/1 3535/2761/1
f 1983/2774/1 3536/2757/1 2756/2760/1 639/2775/1
f 95/4099/1 1647/4105/1 3536/2757/1 1983/2774/1
f 1647/4105/1 303/4102/1 2755/2758/1 3536/2757/1
f 1439/442/1 3537/2753/1 1441/2756/1 241/443/1
f 639/2775/1 2756/2760/1 3537/2753/1 1439/442/1
f 2756/2760/1 978/2759/1 2754/2754/1 3537/2753/1
f 2751/2746/1 3538/2749/1 2753/2752/1 977/2747/1
f 644/2731/1 1988/456/1 3538/2749/1 2751/2746/1
f 1988/456/1 242/455/1 1986/2750/1 3538/2749/1
f 1695/3662/1 3539/2745/1 2752/2748/1 351/3663/1
f 143/591/1 1444/2732/1 3539/2745/1 1695/3662/1
f 1444/2732/1 644/2731/1 2751/2746/1 3539/2745/1
f 1151/146/1 3540/2741/1 1212/2744/1 47/147/1
f 351/3663/1 2752/2748/1 3540/2741/1 1151/146/1
f 2752/2748/1 977/2747/1 2750/2742/1 3540/2741/1
f 2747/2734/1 3541/2737/1 2749/2740/1 976/2735/1
f 487/4106/1 1287/4107/1 3541/2737/1 2747/2734/1
f 1287/4107/1 135/4108/1 1987/2738/1 3541/2737/1
f 1839/2330/1 3542/2733/1 2748/2736/1 495/2331/1
f 6/4109/1 1831/4110/1 3542/2733/1 1839/2330/1
f 1831/4110/1 487/4106/1 2747/2734/1 3542/2733/1
f 1295/590/1 3543/2729/1 1444/2732/1 143/591/1
f 495/2331/1 2748/2736/1 3543/2729/1 1295/590/1
f 2748/2736/1 976/2735/1 2746/2730/1 3543/2729/1
f 2743/2722/1 3544/2725/1 2745/2728/1 975/2723/1
f 343/4111/1 1143/4112/1 3544/2725/1 2743/2722/1
f 1143/4112/1 39/4100/1 1899/2726/1 3544/2725/1
f 1987/2738/1 3545/2721/1 2744/2724/1 643/2739/1
f 135/4108/1 1687/4113/1 3545/2721/1 1987/2738/1
f 1687/4113/1 343/4111/1 2743/2722/1 3545/2721/1
f 1443/454/1 3546/2717/1 1445/2720/1 242/455/1
f 643/2739/1 2744/2724/1 3546/2717/1 1443/454/1
f 2744/2724/1 975/2723/1 2742/2718/1 3546/2717/1
f 2739/2710/1 3547/2713/1 2741/2716/1 974/2711/1
f 648/2695/1 1992/468/1 3547/2713/1 2739/2710/1
f 1992/468/1 243/467/1 1990/2714/1 3547/2713/1
f 1655/3986/1 3548/2709/1 2740/2712/1 311/3987/1
f 103/915/1 1448/2696/1 3548/2709/1 1655/3986/1
f 1448/2696/1 648/2695/1 2739/2710/1 3548/2709/1
f 1111/38/1 3549/2705/1 1116/2708/1 19/39/1
f 311/3987/1 2740/2712/1 3549/2705/1 1111/38/1
f 2740/2712/1 974/2711/1 2738/2706/1 3549/2705/1
f 2735/2698/1 3550/2701/1 2737/2704/1 973/2699/1
f 412/2743/1 1756/452/1 3550/2701/1 2735/2698/1
f 1756/452/1 204/451/1 1991/2702/1 3550/2701/1
f 1799/1358/1 3551/2697/1 2736/2700/1 455/1359/1
f 47/147/1 1212/2744/1 3551/2697/1 1799/1358/1
f 1212/2744/1 412/2743/1 2735/2698/1 3551/2697/1
f 1255/914/1 3552/2693/1 1448/2696/1 103/915/1
f 455/1359/1 2736/2700/1 3552/2693/1 1255/914/1
f 2736/2700/1 973/2699/1 2734/2694/1 3552/2693/1
f 2731/2686/511 3553/2689/511 2733/2692/511 972/2687/511
f 556/3523/83 1900/192/83 3553/2689/83 2731/2686/83
f 1900/192/512 76/191/512 1898/2690/512 3553/2689/512
f 1991/2702/1 3554/2685/1 2732/2688/1 647/2703/1
f 204/451/1 1356/3524/1 3554/2685/1 1991/2702/1
f 1356/3524/288 556/3523/288 2731/2686/288 3554/2685/288
f 1447/466/513 3555/2681/513 1449/2684/513 243/467/513
f 647/2703/509 2732/2688/509 3555/2681/509 1447/466/509
f 2732/2688/514 972/2687/514 2730/2682/514 3555/2681/514
f 2727/2674/1 3556/2677/1 2729/2680/1 971/2675/1
f 652/2659/1 1996/480/1 3556/2677/1 2727/2674/1
f 1996/480/1 244/479/1 1994/2678/1 3556/2677/1
f 1751/3566/1 3557/2673/1 2728/2676/1 407/3567/1
f 199/495/1 1452/2660/1 3557/2673/1 1751/3566/1
f 1452/2660/1 652/2659/1 2727/2674/1 3557/2673/1
f 1207/178/1 3558/2669/1 1209/2672/1 75/179/1
f 407/3567/1 2728/2676/1 3558/2669/1 1207/178/1
f 2728/2676/1 971/2675/1 2726/2670/1 3558/2669/1
f 2723/2662/1 3559/2665/1 2725/2668/1 970/2663/1
f 435/4114/1 1235/4115/1 3559/2665/1 2723/2662/1
f 1235/4115/1 83/4116/1 1995/2666/1 3559/2665/1
f 1895/2618/1 3560/2661/1 2724/2664/1 551/2619/1
f 27/4117/1 1779/4118/1 3560/2661/1 1895/2618/1
f 1779/4118/1 435/4114/1 2723/2662/1 3560/2661/1
f 1351/494/1 3561/2657/1 1452/2660/1 199/495/1
f 551/2619/1 2724/2664/1 3561/2657/1 1351/494/1
f 2724/2664/1 970/2663/1 2722/2658/1 3561/2657/1
f 2719/2650/1 3562/2653/1 2721/2656/1 969/2651/1
f 291/4119/1 1091/4120/1 3562/2653/1 2719/2650/1
f 1091/4120/1 2/4121/1 1836/2654/1 3562/2653/1
f 1995/2666/1 3563/2649/1 2720/2652/1 651/2667/1
f 83/4116/1 1635/4122/1 3563/2649/1 1995/2666/1
f 1635/4122/1 291/4119/1 2719/2650/1 3563/2649/1
f 1451/478/1 3564/2645/1 1453/2648/1 244/479/1
f 651/2667/1 2720/2652/1 3564/2645/1 1451/478/1
f 2720/2652/1 969/2651/1 2718/2646/1 3564/2645/1
f 2715/2638/1 3565/2641/1 2717/2644/1 968/2639/1
f 656/2623/1 2000/492/1 3565/2641/1 2715/2638/1
f 2000/492/1 245/491/1 1998/2642/1 3565/2641/1
f 1699/3518/1 3566/2637/1 2716/2640/1 355/3519/1
f 147/447/1 1456/2624/1 3566/2637/1 1699/3518/1
f 1456/2624/1 656/2623/1 2715/2638/1 3566/2637/1
f 1155/194/1 3567/2633/1 1208/2636/1 51/195/1
f 355/3519/1 2716/2640/1 3567/2633/1 1155/194/1
f 2716/2640/1 968/2639/1 2714/2634/1 3567/2633/1
f 2711/2626/1 3568/2629/1 2713/2632/1 967/2627/1
f 475/4123/1 1275/4124/1 3568/2629/1 2711/2626/1
f 1275/4124/1 123/4125/1 1999/2630/1 3568/2629/1
f 1843/2762/1 3569/2625/1 2712/2628/1 499/2763/1
f 11/4104/1 1819/4126/1 3569/2625/1 1843/2762/1
f 1819/4126/1 475/4123/1 2711/2626/1 3569/2625/1
f 1299/446/1 3570/2621/1 1456/2624/1 147/447/1
f 499/2763/1 2712/2628/1 3570/2621/1 1299/446/1
f 2712/2628/1 967/2627/1 2710/2622/1 3570/2621/1
f 2707/2614/1 3571/2617/1 2709/2620/1 966/2615/1
f 331/4127/1 1131/4128/1 3571/2617/1 2707/2614/1
f 1131/4128/1 27/4117/1 1895/2618/1 3571/2617/1
f 1999/2630/1 3572/2613/1 2708/2616/1 655/2631/1
f 123/4125/1 1675/4129/1 3572/2613/1 1999/2630/1
f 1675/4129/1 331/4127/1 2707/2614/1 3572/2613/1
f 1455/490/1 3573/2609/1 1457/2612/1 245/491/1
f 655/2631/1 2708/2616/1 3573/2609/1 1455/490/1
f 2708/2616/1 966/2615/1 2706/2610/1 3573/2609/1
f 2703/2602/1 3574/2605/1 2705/2608/1 965/2603/1
f 660/2587/1 2004/504/1 3574/2605/1 2703/2602/1
f 2004/504/1 246/503/1 2002/2606/1 3574/2605/1
f 1659/4034/515 3575/2601/515 2704/2604/515 315/4035/515
f 107/963/516 1460/2588/516 3575/2601/516 1659/4034/516
f 1460/2588/517 660/2587/517 2703/2602/517 3575/2601/517
f 1115/22/518 3576/2597/518 1117/2600/518 22/23/518
f 315/4035/519 2704/2604/519 3576/2597/519 1115/22/519
f 2704/2604/520 965/2603/520 2702/2598/520 3576/2597/520
f 2699/2590/1 3577/2593/1 2701/2596/1 964/2591/1
f 408/2635/1 1752/488/1 3577/2593/1 2699/2590/1
f 1752/488/1 200/487/1 2003/2594/1 3577/2593/1
f 1803/1214/521 3578/2589/521 2700/2592/521 459/1215/521
f 51/195/12 1208/2636/12 3578/2589/12 1803/1214/12
f 1208/2636/1 408/2635/1 2699/2590/1 3578/2589/1
f 1259/962/522 3579/2585/522 1460/2588/522 107/963/522
f 459/1215/523 2700/2592/523 3579/2585/523 1259/962/523
f 2700/2592/307 964/2591/307 2698/2586/307 3579/2585/307
f 2695/2578/1 3580/2581/1 2697/2584/1 963/2579/1
f 552/3559/1 1896/180/1 3580/2581/1 2695/2578/1
f 1896/180/1 75/179/1 1894/2582/1 3580/2581/1
f 2003/2594/1 3581/2577/1 2696/2580/1 659/2595/1
f 200/487/1 1352/3560/1 3581/2577/1 2003/2594/1
f 1352/3560/1 552/3559/1 2695/2578/1 3581/2577/1
f 1459/502/1 3582/2573/1 1461/2576/1 246/503/1
f 659/2595/1 2696/2580/1 3582/2573/1 1459/502/1
f 2696/2580/1 963/2579/1 2694/2574/1 3582/2573/1
f 2691/2566/1 3583/2569/1 2693/2572/1 962/2567/1
f 664/2551/1 2008/516/1 3583/2569/1 2691/2566/1
f 2008/516/1 247/515/1 2006/2570/1 3583/2569/1
f 1747/3602/1 3584/2565/1 2692/2568/1 403/3603/1
f 195/531/1 1464/2552/1 3584/2565/1 1747/3602/1
f 1464/2552/1 664/2551/1 2691/2566/1 3584/2565/1
f 1203/166/1 3585/2561/1 1205/2564/1 74/167/1
f 403/3603/1 2692/2568/1 3585/2561/1 1203/166/1
f 2692/2568/1 962/2567/1 2690/2562/1 3585/2561/1
f 2687/2554/1 3586/2557/1 2689/2560/1 961/2555/1
f 360/1339/1 1704/920/1 3586/2557/1 2687/2554/1
f 1704/920/1 152/919/1 2007/2558/1 3586/2557/1
f 1891/2510/1 3587/2553/1 2688/2556/1 547/2511/1
f 56/151/1 1160/1340/1 3587/2553/1 1891/2510/1
f 1160/1340/1 360/1339/1 2687/2554/1 3587/2553/1
f 1347/530/1 3588/2549/1 1464/2552/1 195/531/1
f 547/2511/1 2688/2556/1 3588/2549/1 1347/530/1
f 2688/2556/1 961/2555/1 2686/2550/1 3588/2549/1
f 2683/2542/1 3589/2545/1 2685/2548/1 960/2543/1
f 504/3991/1 1848/36/1 3589/2545/1 2683/2542/1
f 1848/36/1 23/35/1 1846/2546/1 3589/2545/1
f 2007/2558/1 3590/2541/1 2684/2544/1 663/2559/1
f 152/919/1 1304/3992/1 3590/2541/1 2007/2558/1
f 1304/3992/1 504/3991/1 2683/2542/1 3590/2541/1
f 1463/514/1 3591/2537/1 1465/2540/1 247/515/1
f 663/2559/1 2684/2544/1 3591/2537/1 1463/514/1
f 2684/2544/1 960/2543/1 2682/2538/1 3591/2537/1
f 2679/2530/1 3592/2533/1 2681/2536/1 959/2531/1
f 668/2515/1 2012/528/1 3592/2533/1 2679/2530/1
f 2012/528/1 248/527/1 2010/2534/1 3592/2533/1
f 1246/4130/1 3593/2529/1 2680/2532/1 446/4131/1
f 94/4132/1 1468/2516/1 3593/2529/1 1246/4130/1
f 1468/2516/1 668/2515/1 2679/2530/1 3593/2529/1
f 1790/4133/1 3594/2525/1 1204/2528/1 38/4134/1
f 446/4131/1 2680/2532/1 3594/2525/1 1790/4133/1
f 2680/2532/1 959/2531/1 2678/2526/1 3594/2525/1
f 2675/2518/1 3595/2521/1 2677/2524/1 958/2519/1
f 320/2383/1 1664/572/1 3595/2521/1 2675/2518/1
f 1664/572/1 112/571/1 2011/2522/1 3595/2521/1
f 1102/4135/1 3596/2517/1 2676/2520/1 302/4136/1
f 10/4137/1 1120/2384/1 3596/2517/1 1102/4135/1
f 1120/2384/1 320/2383/1 2675/2518/1 3596/2517/1
f 1646/4138/1 3597/2513/1 1468/2516/1 94/4132/1
f 302/4136/1 2676/2520/1 3597/2513/1 1646/4138/1
f 2676/2520/1 958/2519/1 2674/2514/1 3597/2513/1
f 2671/2506/1 3598/2509/1 2673/2512/1 957/2507/1
f 464/3643/1 1808/152/1 3598/2509/1 2671/2506/1
f 1808/152/1 56/151/1 1891/2510/1 3598/2509/1
f 2011/2522/1 3599/2505/1 2672/2508/1 667/2523/1
f 112/571/1 1264/3644/1 3599/2505/1 2011/2522/1
f 1264/3644/1 464/3643/1 2671/2506/1 3599/2505/1
f 1467/526/1 3600/2501/1 1469/2504/1 248/527/1
f 667/2523/1 2672/2508/1 3600/2501/1 1467/526/1
f 2672/2508/1 957/2507/1 2670/2502/1 3600/2501/1
f 2667/2494/1 3601/2497/1 2669/2500/1 956/2495/1
f 672/2479/1 2016/540/1 3601/2497/1 2667/2494/1
f 2016/540/1 249/539/1 2014/2498/1 3601/2497/1
f 1286/4139/1 3602/2493/1 2668/2496/1 486/4140/1
f 134/4141/1 1472/2480/1 3602/2493/1 1286/4139/1
f 1472/2480/1 672/2479/1 2667/2494/1 3602/2493/1
f 1830/4142/1 3603/2489/1 1100/2492/1 5/4143/1
f 486/4140/1 2668/2496/1 3603/2489/1 1830/4142/1
f 2668/2496/1 956/2495/1 2666/2490/1 3603/2489/1
f 2663/2482/1 3604/2485/1 2665/2488/1 955/2483/1
f 404/2527/1 1748/524/1 3604/2485/1 2663/2482/1
f 1748/524/1 196/523/1 2015/2486/1 3604/2485/1
f 1142/4144/1 3605/2481/1 2664/2484/1 342/4145/1
f 38/4134/1 1204/2528/1 3605/2481/1 1142/4144/1
f 1204/2528/1 404/2527/1 2663/2482/1 3605/2481/1
f 1686/4146/1 3606/2477/1 1472/2480/1 134/4141/1
f 342/4145/1 2664/2484/1 3606/2477/1 1686/4146/1
f 2664/2484/1 955/2483/1 2662/2478/1 3606/2477/1
f 2659/2470/1 3607/2473/1 2661/2476/1 954/2471/1
f 548/3595/1 1892/168/1 3607/2473/1 2659/2470/1
f 1892/168/1 74/167/1 1890/2474/1 3607/2473/1
f 2015/2486/1 3608/2469/1 2660/2472/1 671/2487/1
f 196/523/1 1348/3596/1 3608/2469/1 2015/2486/1
f 1348/3596/1 548/3595/1 2659/2470/1 3608/2469/1
f 1471/538/1 3609/2465/1 1473/2468/1 249/539/1
f 671/2487/1 2660/2472/1 3609/2465/1 1471/538/1
f 2660/2472/1 954/2471/1 2658/2466/1 3609/2465/1
f 2655/2458/524 3610/2461/524 2657/2464/524 953/2459/524
f 676/2443/525 2020/552/525 3610/2461/525 2655/2458/525
f 2020/552/526 250/551/526 2018/2462/526 3610/2461/526
f 1743/3638/527 3611/2457/527 2656/2460/527 399/3639/527
f 191/567/528 1476/2444/528 3611/2457/528 1743/3638/528
f 1476/2444/529 676/2443/529 2655/2458/529 3611/2457/529
f 1199/154/530 3612/2453/530 1201/2456/530 73/155/530
f 399/3639/531 2656/2460/531 3612/2453/531 1199/154/531
f 2656/2460/532 953/2459/532 2654/2454/532 3612/2453/532
f 2651/2446/1 3613/2449/1 2653/2452/1 952/2447/1
f 451/4147/1 1251/4148/1 3613/2449/1 2651/2446/1
f 1251/4148/1 99/4149/1 2019/2450/1 3613/2449/1
f 1887/2402/1 3614/2445/1 2652/2448/1 543/2403/1
f 43/4150/1 1795/4151/1 3614/2445/1 1887/2402/1
f 1795/4151/1 451/4147/1 2651/2446/1 3614/2445/1
f 1343/566/288 3615/2441/288 1476/2444/288 191/567/288
f 543/2403/1 2652/2448/1 3615/2441/1 1343/566/1
f 2652/2448/1 952/2447/1 2650/2442/1 3615/2441/1
f 2647/2434/1 3616/2437/1 2649/2440/1 951/2435/1
f 307/4152/1 1107/4153/1 3616/2437/1 2647/2434/1
f 1107/4153/1 15/4154/1 1847/2438/1 3616/2437/1
f 2019/2450/1 3617/2433/1 2648/2436/1 675/2451/1
f 99/4149/1 1651/4155/1 3617/2433/1 2019/2450/1
f 1651/4155/1 307/4152/1 2647/2434/1 3617/2433/1
f 1475/550/533 3618/2429/533 1477/2432/533 250/551/533
f 675/2451/1 2648/2436/1 3618/2429/1 1475/550/1
f 2648/2436/1 951/2435/1 2646/2430/1 3618/2429/1
f 2643/2422/1 3619/2425/1 2645/2428/1 950/2423/1
f 680/2407/1 2024/564/1 3619/2425/1 2643/2422/1
f 2024/564/1 251/563/1 2022/2426/1 3619/2425/1
f 1234/4156/1 3620/2421/1 2644/2424/1 434/4157/1
f 82/4158/1 1480/2408/1 3620/2421/1 1234/4156/1
f 1480/2408/1 680/2407/1 2643/2422/1 3620/2421/1
f 1778/4159/1 3621/2417/1 1200/2420/1 26/4160/1
f 434/4157/1 2644/2424/1 3621/2417/1 1778/4159/1
f 2644/2424/1 950/2423/1 2642/2418/1 3621/2417/1
f 2639/2410/1 3622/2413/1 2641/2416/1 949/2411/1
f 491/4161/1 1291/4162/1 3622/2413/1 2639/2410/1
f 1291/4162/1 139/4163/1 2023/2414/1 3622/2413/1
f 1090/4164/1 3623/2409/1 2640/2412/1 290/4165/1
f 1/4166/1 1835/4167/1 3623/2409/1 1090/4164/1
f 1835/4167/1 491/4161/1 2639/2410/1 3623/2409/1
f 1634/4168/1 3624/2405/1 1480/2408/1 82/4158/1
f 290/4165/1 2640/2412/1 3624/2405/1 1634/4168/1
f 2640/2412/1 949/2411/1 2638/2406/1 3624/2405/1
f 2635/2398/1 3625/2401/1 2637/2404/1 948/2399/1
f 347/4169/1 1147/4170/1 3625/2401/1 2635/2398/1
f 1147/4170/1 43/4150/1 1887/2402/1 3625/2401/1
f 2023/2414/1 3626/2397/1 2636/2400/1 679/2415/1
f 139/4163/1 1691/4171/1 3626/2397/1 2023/2414/1
f 1691/4171/1 347/4169/1 2635/2398/1 3626/2397/1
f 1479/562/1 3627/2393/1 1481/2396/1 251/563/1
f 679/2415/1 2636/2400/1 3627/2393/1 1479/562/1
f 2636/2400/1 948/2399/1 2634/2394/1 3627/2393/1
f 2631/2386/1 3628/2389/1 2633/2392/1 947/2387/1
f 684/2371/1 2028/576/1 3628/2389/1 2631/2386/1
f 2028/576/1 252/575/1 2026/2390/1 3628/2389/1
f 1274/4172/1 3629/2385/1 2632/2388/1 474/4173/1
f 122/4174/1 1484/2372/1 3629/2385/1 1274/4172/1
f 1484/2372/1 684/2371/1 2631/2386/1 3629/2385/1
f 1818/4175/1 3630/2381/1 1120/2384/1 10/4137/1
f 474/4173/1 2632/2388/1 3630/2381/1 1818/4175/1
f 2632/2388/1 947/2387/1 2630/2382/1 3630/2381/1
f 2627/2374/1 3631/2377/1 2629/2380/1 946/2375/1
f 400/2419/1 1744/560/1 3631/2377/1 2627/2374/1
f 1744/560/1 192/559/1 2027/2378/1 3631/2377/1
f 1130/4176/1 3632/2373/1 2628/2376/1 330/4177/1
f 26/4160/1 1200/2420/1 3632/2373/1 1130/4176/1
f 1200/2420/1 400/2419/1 2627/2374/1 3632/2373/1
f 1674/4178/1 3633/2369/1 1484/2372/1 122/4174/1
f 330/4177/1 2628/2376/1 3633/2369/1 1674/4178/1
f 2628/2376/1 946/2375/1 2626/2370/1 3633/2369/1
f 2623/2362/534 3634/2365/534 2625/2368/534 945/2363/534
f 544/3631/535 1888/156/535 3634/2365/535 2623/2362/535
f 1888/156/536 73/155/536 1886/2366/536 3634/2365/536
f 2027/2378/1 3635/2361/1 2624/2364/1 683/2379/1
f 192/559/1 1344/3632/1 3635/2361/1 2027/2378/1
f 1344/3632/537 544/3631/537 2623/2362/537 3635/2361/537
f 1483/574/1 3636/2357/1 1485/2360/1 252/575/1
f 683/2379/1 2624/2364/1 3636/2357/1 1483/574/1
f 2624/2364/538 945/2363/538 2622/2358/538 3636/2357/538
f 2619/2350/1 3637/2353/1 2621/2356/1 944/2351/1
f 688/2335/1 2032/588/1 3637/2353/1 2619/2350/1
f 2032/588/1 253/587/1 2030/2354/1 3637/2353/1
f 1739/3674/1 3638/2349/1 2620/2352/1 395/3675/1
f 187/603/1 1488/2336/1 3638/2349/1 1739/3674/1
f 1488/2336/1 688/2335/1 2619/2350/1 3638/2349/1
f 1195/142/1 3639/2345/1 1197/2348/1 72/143/1
f 395/3675/1 2620/2352/1 3639/2345/1 1195/142/1
f 2620/2352/1 944/2351/1 2618/2346/1 3639/2345/1
f 2615/2338/1 3640/2341/1 2617/2344/1 943/2339/1
f 439/4179/1 1239/4180/1 3640/2341/1 2615/2338/1
f 1239/4180/1 87/4181/1 2031/2342/1 3640/2341/1
f 1883/2294/1 3641/2337/1 2616/2340/1 539/2295/1
f 31/4182/1 1783/4183/1 3641/2337/1 1883/2294/1
f 1783/4183/1 439/4179/1 2615/2338/1 3641/2337/1
f 1339/602/1 3642/2333/1 1488/2336/1 187/603/1
f 539/2295/1 2616/2340/1 3642/2333/1 1339/602/1
f 2616/2340/1 943/2339/1 2614/2334/1 3642/2333/1
f 2611/2326/1 3643/2329/1 2613/2332/1 942/2327/1
f 295/4184/1 1095/4185/1 3643/2329/1 2611/2326/1
f 1095/4185/1 6/4109/1 1839/2330/1 3643/2329/1
f 2031/2342/1 3644/2325/1 2612/2328/1 687/2343/1
f 87/4181/1 1639/4186/1 3644/2325/1 2031/2342/1
f 1639/4186/1 295/4184/1 2611/2326/1 3644/2325/1
f 1487/586/1 3645/2321/1 1489/2324/1 253/587/1
f 687/2343/1 2612/2328/1 3645/2321/1 1487/586/1
f 2612/2328/1 942/2327/1 2610/2322/1 3645/2321/1
f 2607/2314/1 3646/2317/1 2609/2320/1 941/2315/1
f 692/2299/1 2036/600/1 3646/2317/1 2607/2314/1
f 2036/600/1 254/599/1 2034/2318/1 3646/2317/1
f 1703/3626/1 3647/2313/1 2608/2316/1 359/3627/1
f 151/555/1 1492/2300/1 3647/2313/1 1703/3626/1
f 1492/2300/1 692/2299/1 2607/2314/1 3647/2313/1
f 1159/158/539 3648/2309/539 1196/2312/539 55/159/539
f 359/3627/12 2608/2316/12 3648/2309/12 1159/158/12
f 2608/2316/1 941/2315/1 2606/2310/1 3648/2309/1
f 2603/2302/1 3649/2305/1 2605/2308/1 940/2303/1
f 479/4187/1 1279/4188/1 3649/2305/1 2603/2302/1
f 1279/4188/1 127/4189/1 2035/2306/1 3649/2305/1
f 1847/2438/1 3650/2301/1 2604/2304/1 503/2439/1
f 15/4154/1 1823/4190/1 3650/2301/1 1847/2438/1
f 1823/4190/1 479/4187/1 2603/2302/1 3650/2301/1
f 1303/554/1 3651/2297/1 1492/2300/1 151/555/1
f 503/2439/1 2604/2304/1 3651/2297/1 1303/554/1
f 2604/2304/1 940/2303/1 2602/2298/1 3651/2297/1
f 2599/2290/1 3652/2293/1 2601/2296/1 939/2291/1
f 335/4191/1 1135/4192/1 3652/2293/1 2599/2290/1
f 1135/4192/1 31/4182/1 1883/2294/1 3652/2293/1
f 2035/2306/1 3653/2289/1 2600/2292/1 691/2307/1
f 127/4189/1 1679/4193/1 3653/2289/1 2035/2306/1
f 1679/4193/1 335/4191/1 2599/2290/1 3653/2289/1
f 1491/598/1 3654/2285/1 1493/2288/1 254/599/1
f 691/2307/1 2600/2292/1 3654/2285/1 1491/598/1
f 2600/2292/1 939/2291/1 2598/2286/1 3654/2285/1
f 2595/2278/1 3655/2281/1 2597/2284/1 938/2279/1
f 696/2263/1 2040/612/1 3655/2281/1 2595/2278/1
f 2040/612/1 255/611/1 2038/2282/1 3655/2281/1
f 1663/3998/1 3656/2277/1 2596/2280/1 319/3999/1
f 111/927/1 1496/2264/1 3656/2277/1 1663/3998/1
f 1496/2264/1 696/2263/1 2595/2278/1 3656/2277/1
f 1119/34/1 3657/2273/1 1121/2276/1 23/35/1
f 319/3999/1 2596/2280/1 3657/2273/1 1119/34/1
f 2596/2280/1 938/2279/1 2594/2274/1 3657/2273/1
f 2591/2266/1 3658/2269/1 2593/2272/1 937/2267/1
f 396/2311/1 1740/596/1 3658/2269/1 2591/2266/1
f 1740/596/1 188/595/1 2039/2270/1 3658/2269/1
f 1807/1322/540 3659/2265/540 2592/2268/540 463/1323/540
f 55/159/541 1196/2312/541 3659/2265/541 1807/1322/541
f 1196/2312/1 396/2311/1 2591/2266/1 3659/2265/1
f 1263/926/244 3660/2261/244 1496/2264/244 111/927/244
f 463/1323/542 2592/2268/542 3660/2261/542 1263/926/542
f 2592/2268/1 937/2267/1 2590/2262/1 3660/2261/1
f 2587/2254/1 3661/2257/1 2589/2260/1 936/2255/1
f 540/3667/1 1884/144/1 3661/2257/1 2587/2254/1
f 1884/144/1 72/143/1 1882/2258/1 3661/2257/1
f 2039/2270/1 3662/2253/1 2588/2256/1 695/2271/1
f 188/595/1 1340/3668/1 3662/2253/1 2039/2270/1
f 1340/3668/1 540/3667/1 2587/2254/1 3662/2253/1
f 1495/610/1 3663/2249/1 1497/2252/1 255/611/1
f 695/2271/1 2588/2256/1 3663/2249/1 1495/610/1
f 2588/2256/1 936/2255/1 2586/2250/1 3663/2249/1
f 2583/2242/1 3664/2245/1 2585/2248/1 935/2243/1
f 700/2227/1 2044/624/1 3664/2245/1 2583/2242/1
f 2044/624/282 256/623/282 2042/2246/282 3664/2245/282
f 1735/3710/1 3665/2241/1 2584/2244/1 391/3711/1
f 183/639/1 1500/2228/1 3665/2241/1 1735/3710/1
f 1500/2228/1 700/2227/1 2583/2242/1 3665/2241/1
f 1191/130/1 3666/2237/1 1193/2240/1 71/131/1
f 391/3711/1 2584/2244/1 3666/2237/1 1191/130/1
f 2584/2244/1 935/2243/1 2582/2238/1 3666/2237/1
f 2579/2230/543 3667/2233/543 2581/2236/543 934/2231/543
f 364/1447/544 1708/884/544 3667/2233/544 2579/2230/544
f 1708/884/545 156/883/545 2043/2234/545 3667/2233/545
f 1879/2186/1 3668/2229/1 2580/2232/1 535/2187/1
f 60/115/1 1164/1448/1 3668/2229/1 1879/2186/1
f 1164/1448/1 364/1447/1 2579/2230/1 3668/2229/1
f 1335/638/1 3669/2225/1 1500/2228/1 183/639/1
f 535/2187/1 2580/2232/1 3669/2225/1 1335/638/1
f 2580/2232/1 934/2231/1 2578/2226/1 3669/2225/1
f 2575/2218/546 3670/2221/546 2577/2224/546 933/2219/546
f 508/3955/547 1852/48/547 3670/2221/547 2575/2218/547
f 1852/48/548 24/47/548 1850/2222/548 3670/2221/548
f 2043/2234/549 3671/2217/549 2576/2220/549 699/2235/549
f 156/883/550 1308/3956/550 3671/2217/550 2043/2234/550
f 1308/3956/551 508/3955/551 2575/2218/551 3671/2217/551
f 1499/622/552 3672/2213/552 1501/2216/552 256/623/552
f 699/2235/553 2576/2220/553 3672/2213/553 1499/622/553
f 2576/2220/554 933/2219/554 2574/2214/554 3672/2213/554
f 2571/2206/1 3673/2209/1 2573/2212/1 932/2207/1
f 704/2191/1 2048/636/1 3673/2209/1 2571/2206/1
f 2048/636/1 257/635/1 2046/2210/1 3673/2209/1
f 1250/4194/1 3674/2205/1 2572/2208/1 450/4195/1
f 98/4196/1 1504/2192/1 3674/2205/1 1250/4194/1
f 1504/2192/1 704/2191/1 2571/2206/1 3674/2205/1
f 1794/4197/1 3675/2201/1 1192/2204/1 42/4198/1
f 450/4195/1 2572/2208/1 3675/2201/1 1794/4197/1
f 2572/2208/1 932/2207/1 2570/2202/1 3675/2201/1
f 2567/2194/1 3676/2197/1 2569/2200/1 931/2195/1
f 324/2059/1 1668/680/1 3676/2197/1 2567/2194/1
f 1668/680/1 116/679/1 2047/2198/1 3676/2197/1
f 1106/4199/1 3677/2193/1 2568/2196/1 306/4200/1
f 14/4201/1 1124/2060/1 3677/2193/1 1106/4199/1
f 1124/2060/1 324/2059/1 2567/2194/1 3677/2193/1
f 1650/4202/1 3678/2189/1 1504/2192/1 98/4196/1
f 306/4200/1 2568/2196/1 3678/2189/1 1650/4202/1
f 2568/2196/1 931/2195/1 2566/2190/1 3678/2189/1
f 2563/2182/1 3679/2185/1 2565/2188/1 930/2183/1
f 468/3751/1 1812/116/1 3679/2185/1 2563/2182/1
f 1812/116/1 60/115/1 1879/2186/1 3679/2185/1
f 2047/2198/1 3680/2181/1 2564/2184/1 703/2199/1
f 116/679/1 1268/3752/1 3680/2181/1 2047/2198/1
f 1268/3752/1 468/3751/1 2563/2182/1 3680/2181/1
f 1503/634/1 3681/2177/1 1505/2180/1 257/635/1
f 703/2199/1 2564/2184/1 3681/2177/1 1503/634/1
f 2564/2184/1 930/2183/1 2562/2178/1 3681/2177/1
f 2559/2170/1 3682/2173/1 2561/2176/1 929/2171/1
f 708/2155/1 2052/648/1 3682/2173/1 2559/2170/1
f 2052/648/1 258/647/1 2050/2174/1 3682/2173/1
f 1290/4203/1 3683/2169/1 2560/2172/1 490/4204/1
f 138/4205/1 1508/2156/1 3683/2169/1 1290/4203/1
f 1508/2156/1 708/2155/1 2559/2170/1 3683/2169/1
f 1834/4206/1 3684/2165/1 1093/2168/1 3/4207/1
f 490/4204/1 2560/2172/1 3684/2165/1 1834/4206/1
f 2560/2172/1 929/2171/1 2558/2166/1 3684/2165/1
f 2555/2158/1 3685/2161/1 2557/2164/1 928/2159/1
f 392/2203/1 1736/632/1 3685/2161/1 2555/2158/1
f 1736/632/1 184/631/1 2051/2162/1 3685/2161/1
f 1146/4208/1 3686/2157/1 2556/2160/1 346/4209/1
f 42/4198/1 1192/2204/1 3686/2157/1 1146/4208/1
f 1192/2204/1 392/2203/1 2555/2158/1 3686/2157/1
f 1690/4210/1 3687/2153/1 1508/2156/1 138/4205/1
f 346/4209/1 2556/2160/1 3687/2153/1 1690/4210/1
f 2556/2160/1 928/2159/1 2554/2154/1 3687/2153/1
f 2551/2146/1 3688/2149/1 2553/2152/1 927/2147/1
f 536/3703/1 1880/132/1 3688/2149/1 2551/2146/1
f 1880/132/1 71/131/1 1878/2150/1 3688/2149/1
f 2051/2162/1 3689/2145/1 2552/2148/1 707/2163/1
f 184/631/1 1336/3704/1 3689/2145/1 2051/2162/1
f 1336/3704/1 536/3703/1 2551/2146/1 3689/2145/1
f 1507/646/1 3690/2141/1 1509/2144/1 258/647/1
f 707/2163/1 2552/2148/1 3690/2141/1 1507/646/1
f 2552/2148/1 927/2147/1 2550/2142/1 3690/2141/1
f 2547/2134/1 3691/2137/1 2549/2140/1 926/2135/1
f 712/2119/1 2056/660/1 3691/2137/1 2547/2134/1
f 2056/660/1 259/659/1 2054/2138/1 3691/2137/1
f 1731/3746/1 3692/2133/1 2548/2136/1 387/3747/1
f 179/675/1 1512/2120/1 3692/2133/1 1731/3746/1
f 1512/2120/1 712/2119/1 2547/2134/1 3692/2133/1
f 1187/118/1 3693/2129/1 1189/2132/1 70/119/1
f 387/3747/1 2548/2136/1 3693/2129/1 1187/118/1
f 2548/2136/1 926/2135/1 2546/2130/1 3693/2129/1
f 2543/2122/1 3694/2125/1 2545/2128/1 925/2123/1
f 340/1303/1 1684/932/1 3694/2125/1 2543/2122/1
f 1684/932/1 132/931/1 2055/2126/1 3694/2125/1
f 1875/2078/1 3695/2121/1 2544/2124/1 531/2079/1
f 36/163/1 1140/1304/1 3695/2121/1 1875/2078/1
f 1140/1304/1 340/1303/1 2543/2122/1 3695/2121/1
f 1331/674/1 3696/2117/1 1512/2120/1 179/675/1
f 531/2079/1 2544/2124/1 3696/2117/1 1331/674/1
f 2544/2124/1 925/2123/1 2542/2118/1 3696/2117/1
f 2539/2110/555 3697/2113/555 2541/2116/555 924/2111/555
f 484/4003/556 1828/32/556 3697/2113/556 2539/2110/556
f 1828/32/557 20/31/557 1851/2114/557 3697/2113/557
f 2055/2126/1 3698/2109/1 2540/2112/1 711/2127/1
f 132/931/1 1284/4004/1 3698/2109/1 2055/2126/1
f 1284/4004/558 484/4003/558 2539/2110/558 3698/2109/558
f 1511/658/1 3699/2105/1 1513/2108/1 259/659/1
f 711/2127/1 2540/2112/1 3699/2105/1 1511/658/1
f 2540/2112/1 924/2111/1 2538/2106/1 3699/2105/1
f 2535/2098/1 3700/2101/1 2537/2104/1 923/2099/1
f 716/2083/1 2060/672/1 3700/2101/1 2535/2098/1
f 2060/672/1 260/671/1 2058/2102/1 3700/2101/1
f 1238/4211/1 3701/2097/1 2536/2100/1 438/4212/1
f 86/4213/1 1516/2084/1 3701/2097/1 1238/4211/1
f 1516/2084/1 716/2083/1 2535/2098/1 3701/2097/1
f 1782/4214/1 3702/2093/1 1188/2096/1 30/4215/1
f 438/4212/1 2536/2100/1 3702/2093/1 1782/4214/1
f 2536/2100/1 923/2099/1 2534/2094/1 3702/2093/1
f 2531/2086/1 3703/2089/1 2533/2092/1 922/2087/1
f 300/2491/1 1644/536/1 3703/2089/1 2531/2086/1
f 1644/536/1 92/535/1 2059/2090/1 3703/2089/1
f 1094/4216/1 3704/2085/1 2532/2088/1 294/4217/1
f 5/4143/1 1100/2492/1 3704/2085/1 1094/4216/1
f 1100/2492/1 300/2491/1 2531/2086/1 3704/2085/1
f 1638/4218/1 3705/2081/1 1516/2084/1 86/4213/1
f 294/4217/1 2532/2088/1 3705/2081/1 1638/4218/1
f 2532/2088/1 922/2087/1 2530/2082/1 3705/2081/1
f 2527/2074/1 3706/2077/1 2529/2080/1 921/2075/1
f 444/3607/1 1788/164/1 3706/2077/1 2527/2074/1
f 1788/164/1 36/163/1 1875/2078/1 3706/2077/1
f 2059/2090/1 3707/2073/1 2528/2076/1 715/2091/1
f 92/535/1 1244/3608/1 3707/2073/1 2059/2090/1
f 1244/3608/1 444/3607/1 2527/2074/1 3707/2073/1
f 1515/670/1 3708/2069/1 1517/2072/1 260/671/1
f 715/2091/1 2528/2076/1 3708/2069/1 1515/670/1
f 2528/2076/1 921/2075/1 2526/2070/1 3708/2069/1
f 2523/2062/1 3709/2065/1 2525/2068/1 920/2063/1
f 720/2047/1 2064/684/1 3709/2065/1 2523/2062/1
f 2064/684/1 261/683/1 2062/2066/1 3709/2065/1
f 1278/4219/1 3710/2061/1 2524/2064/1 478/4220/1
f 126/4221/1 1520/2048/1 3710/2061/1 1278/4219/1
f 1520/2048/1 720/2047/1 2523/2062/1 3710/2061/1
f 1822/4222/1 3711/2057/1 1124/2060/1 14/4201/1
f 478/4220/1 2524/2064/1 3711/2057/1 1822/4222/1
f 2524/2064/1 920/2063/1 2522/2058/1 3711/2057/1
f 2519/2050/1 3712/2053/1 2521/2056/1 919/2051/1
f 388/2095/1 1732/668/1 3712/2053/1 2519/2050/1
f 1732/668/1 180/667/1 2063/2054/1 3712/2053/1
f 1134/4223/1 3713/2049/1 2520/2052/1 334/4224/1
f 30/4215/1 1188/2096/1 3713/2049/1 1134/4223/1
f 1188/2096/1 388/2095/1 2519/2050/1 3713/2049/1
f 1678/4225/1 3714/2045/1 1520/2048/1 126/4221/1
f 334/4224/1 2520/2052/1 3714/2045/1 1678/4225/1
f 2520/2052/1 919/2051/1 2518/2046/1 3714/2045/1
f 2515/2038/1 3715/2041/1 2517/2044/1 918/2039/1
f 532/3739/1 1876/120/1 3715/2041/1 2515/2038/1
f 1876/120/1 70/119/1 1874/2042/1 3715/2041/1
f 2063/2054/1 3716/2037/1 2516/2040/1 719/2055/1
f 180/667/1 1332/3740/1 3716/2037/1 2063/2054/1
f 1332/3740/1 532/3739/1 2515/2038/1 3716/2037/1
f 1519/682/1 3717/2033/1 1521/2036/1 261/683/1
f 719/2055/1 2516/2040/1 3717/2033/1 1519/682/1
f 2516/2040/1 918/2039/1 2514/2034/1 3717/2033/1
f 2511/2026/1 3718/2029/1 2513/2032/1 917/2027/1
f 724/2011/1 2068/696/1 3718/2029/1 2511/2026/1
f 2068/696/1 262/695/1 2066/2030/1 3718/2029/1
f 1727/3782/1 3719/2025/1 2512/2028/1 383/3783/1
f 175/711/1 1524/2012/1 3719/2025/1 1727/3782/1
f 1524/2012/1 724/2011/1 2511/2026/1 3719/2025/1
f 1183/106/1 3720/2021/1 1185/2024/1 69/107/1
f 383/3783/1 2512/2028/1 3720/2021/1 1183/106/1
f 2512/2028/1 917/2027/1 2510/2022/1 3720/2021/1
f 2507/2014/1 3721/2017/1 2509/2020/1 916/2015/1
f 352/1123/1 1696/992/1 3721/2017/1 2507/2014/1
f 1696/992/1 144/991/1 2067/2018/1 3721/2017/1
f 1871/1970/1 3722/2013/1 2508/2016/1 527/1971/1
f 48/223/99 1152/1124/99 3722/2013/99 1871/1970/99
f 1152/1124/1 352/1123/1 2507/2014/1 3722/2013/1
f 1327/710/1 3723/2009/1 1524/2012/1 175/711/1
f 527/1971/1 2508/2016/1 3723/2009/1 1327/710/1
f 2508/2016/1 916/2015/1 2506/2010/1 3723/2009/1
f 2503/2002/1 3724/2005/1 2505/2008/1 915/2003/1
f 496/4063/1 1840/12/1 3724/2005/1 2503/2002/1
f 1840/12/1 9/11/1 1838/2006/1 3724/2005/1
f 2067/2018/1 3725/2001/1 2504/2004/1 723/2019/1
f 144/991/1 1296/4064/1 3725/2001/1 2067/2018/1
f 1296/4064/1 496/4063/1 2503/2002/1 3725/2001/1
f 1523/694/1 3726/1997/1 1525/2000/1 262/695/1
f 723/2019/1 2504/2004/1 3726/1997/1 1523/694/1
f 2504/2004/1 915/2003/1 2502/1998/1 3726/1997/1
f 2499/1990/1 3727/1993/1 2501/1996/1 914/1991/1
f 728/1975/1 2072/708/1 3727/1993/1 2499/1990/1
f 2072/708/1 263/707/1 2070/1994/1 3727/1993/1
f 1707/3734/1 3728/1989/1 2500/1992/1 363/3735/1
f 155/663/1 1528/1976/1 3728/1989/1 1707/3734/1
f 1528/1976/1 728/1975/1 2499/1990/1 3728/1989/1
f 1163/122/1 3729/1985/1 1184/1988/1 59/123/1
f 363/3735/1 2500/1992/1 3729/1985/1 1163/122/1
f 2500/1992/1 914/1991/1 2498/1986/1 3729/1985/1
f 2495/1978/559 3730/1981/559 2497/1984/559 913/1979/559
f 312/3031/560 1656/356/560 3730/1981/560 2495/1978/560
f 1656/356/561 104/355/561 2071/1982/561 3730/1981/561
f 1851/2114/562 3731/1977/562 2496/1980/562 507/2115/562
f 20/31/563 1112/3032/563 3731/1977/563 1851/2114/563
f 1112/3032/564 312/3031/564 2495/1978/564 3731/1977/564
f 1307/662/558 3732/1973/558 1528/1976/558 155/663/558
f 507/2115/565 2496/1980/565 3732/1973/565 1307/662/565
f 2496/1980/566 913/1979/566 2494/1974/566 3732/1973/566
f 2491/1966/567 3733/1969/567 2493/1972/567 912/1967/567
f 456/3427/568 1800/224/568 3733/1969/568 2491/1966/568
f 1800/224/569 48/223/569 1871/1970/569 3733/1969/569
f 2071/1982/570 3734/1965/570 2492/1968/570 727/1983/570
f 104/355/571 1256/3428/571 3734/1965/571 2071/1982/571
f 1256/3428/572 456/3427/572 2491/1966/572 3734/1965/572
f 1527/706/573 3735/1961/573 1529/1964/573 263/707/573
f 727/1983/574 2492/1968/574 3735/1961/574 1527/706/574
f 2492/1968/575 912/1967/575 2490/1962/575 3735/1961/575
f 2487/1954/576 3736/1957/576 2489/1960/576 911/1955/576
f 732/1939/577 2076/720/577 3736/1957/577 2487/1954/577
f 2076/720/275 264/719/275 2074/1958/275 3736/1957/275
f 1667/3962/578 3737/1953/578 2488/1956/578 323/3963/578
f 115/891/579 1532/1940/579 3737/1953/579 1667/3962/579
f 1532/1940/580 732/1939/580 2487/1954/580 3737/1953/580
f 1123/46/581 3738/1949/581 1125/1952/581 24/47/581
f 323/3963/582 2488/1956/582 3738/1949/582 1123/46/582
f 2488/1956/583 911/1955/583 2486/1950/583 3738/1949/583
f 2483/1942/1 3739/1945/1 2485/1948/1 910/1943/1
f 384/1987/1 1728/704/1 3739/1945/1 2483/1942/1
f 1728/704/1 176/703/1 2075/1946/1 3739/1945/1
f 1811/1430/1 3740/1941/1 2484/1944/1 467/1431/1
f 59/123/1 1184/1988/1 3740/1941/1 1811/1430/1
f 1184/1988/1 384/1987/1 2483/1942/1 3740/1941/1
f 1267/890/584 3741/1937/584 1532/1940/584 115/891/584
f 467/1431/1 2484/1944/1 3741/1937/1 1267/890/1
f 2484/1944/1 910/1943/1 2482/1938/1 3741/1937/1
f 2479/1930/1 3742/1933/1 2481/1936/1 909/1931/1
f 528/3775/1 1872/108/1 3742/1933/1 2479/1930/1
f 1872/108/1 69/107/1 1870/1934/1 3742/1933/1
f 2075/1946/1 3743/1929/1 2480/1932/1 731/1947/1
f 176/703/1 1328/3776/1 3743/1929/1 2075/1946/1
f 1328/3776/1 528/3775/1 2479/1930/1 3743/1929/1
f 1531/718/1 3744/1925/1 1533/1928/1 264/719/1
f 731/1947/1 2480/1932/1 3744/1925/1 1531/718/1
f 2480/1932/1 909/1931/1 2478/1926/1 3744/1925/1
f 2475/1918/1 3745/1921/1 2477/1924/1 908/1919/1
f 736/1903/1 2080/732/1 3745/1921/1 2475/1918/1
f 2080/732/1 265/731/1 2078/1922/1 3745/1921/1
f 1723/3818/1 3746/1917/1 2476/1920/1 379/3819/1
f 171/747/1 1536/1904/1 3746/1917/1 1723/3818/1
f 1536/1904/1 736/1903/1 2475/1918/1 3746/1917/1
f 1179/94/1 3747/1913/1 1181/1916/1 68/95/1
f 379/3819/1 2476/1920/1 3747/1913/1 1179/94/1
f 2476/1920/1 908/1919/1 2474/1914/1 3747/1913/1
f 2471/1906/1 3748/1909/1 2473/1912/1 907/1907/1
f 368/1555/1 1712/848/1 3748/1909/1 2471/1906/1
f 1712/848/585 160/847/585 2079/1910/585 3748/1909/585
f 1867/1862/1 3749/1905/1 2472/1908/1 523/1863/1
f 64/79/1 1168/1556/1 3749/1905/1 1867/1862/1
f 1168/1556/1 368/1555/1 2471/1906/1 3749/1905/1
f 1323/746/1 3750/1901/1 1536/1904/1 171/747/1
f 523/1863/1 2472/1908/1 3750/1901/1 1323/746/1
f 2472/1908/1 907/1907/1 2470/1902/1 3750/1901/1
f 2467/1894/586 3751/1897/586 2469/1900/586 906/1895/586
f 512/3919/587 1856/60/587 3751/1897/587 2467/1894/587
f 1856/60/588 25/59/588 1854/1898/588 3751/1897/588
f 2079/1910/589 3752/1893/589 2468/1896/589 735/1911/589
f 160/847/590 1312/3920/590 3752/1893/590 2079/1910/590
f 1312/3920/591 512/3919/591 2467/1894/591 3752/1893/591
f 1535/730/592 3753/1889/592 1537/1892/592 265/731/592
f 735/1911/593 2468/1896/593 3753/1889/593 1535/730/593
f 2468/1896/594 906/1895/594 2466/1890/594 3753/1889/594
f 2463/1882/1 3754/1885/1 2465/1888/1 905/1883/1
f 740/1867/1 2084/744/1 3754/1885/1 2463/1882/1
f 2084/744/1 266/743/1 2082/1886/1 3754/1885/1
f 1682/3374/1 3755/1881/1 2464/1884/1 338/3375/1
f 130/303/1 1540/1868/1 3755/1881/1 1682/3374/1
f 1540/1868/1 740/1867/1 2463/1882/1 3755/1881/1
f 1138/242/1 3756/1877/1 1180/1880/1 34/243/1
f 338/3375/1 2464/1884/1 3756/1877/1 1138/242/1
f 2464/1884/1 905/1883/1 2462/1878/1 3756/1877/1
f 2459/1870/1 3757/1873/1 2461/1876/1 904/1871/1
f 328/1735/1 1672/788/1 3757/1873/1 2459/1870/1
f 1672/788/1 120/787/1 2083/1874/1 3757/1873/1
f 1826/3194/1 3758/1869/1 2460/1872/1 482/3195/1
f 18/51/1 1128/1736/1 3758/1869/1 1826/3194/1
f 1128/1736/1 328/1735/1 2459/1870/1 3758/1869/1
f 1282/302/1 3759/1865/1 1540/1868/1 130/303/1
f 482/3195/1 2460/1872/1 3759/1865/1 1282/302/1
f 2460/1872/1 904/1871/1 2458/1866/1 3759/1865/1
f 2455/1858/1 3760/1861/1 2457/1864/1 903/1859/1
f 472/3859/1 1816/80/1 3760/1861/1 2455/1858/1
f 1816/80/1 64/79/1 1867/1862/1 3760/1861/1
f 2083/1874/1 3761/1857/1 2456/1860/1 739/1875/1
f 120/787/1 1272/3860/1 3761/1857/1 2083/1874/1
f 1272/3860/1 472/3859/1 2455/1858/1 3761/1857/1
f 1539/742/1 3762/1853/1 1541/1856/1 266/743/1
f 739/1875/1 2456/1860/1 3762/1853/1 1539/742/1
f 2456/1860/1 903/1859/1 2454/1854/1 3762/1853/1
f 2451/1846/1 3763/1849/1 2453/1852/1 902/1847/1
f 744/1831/1 2088/756/1 3763/1849/1 2451/1846/1
f 2088/756/1 267/755/1 2086/1850/1 3763/1849/1
f 1642/4082/1 3764/1845/1 2452/1848/1 298/4083/1
f 90/1011/1 1544/1832/1 3764/1845/1 1642/4082/1
f 1544/1832/1 744/1831/1 2451/1846/1 3764/1845/1
f 1098/6/1 3765/1841/1 1097/1844/1 8/7/1
f 298/4083/1 2452/1848/1 3765/1841/1 1098/6/1
f 2452/1848/1 902/1847/1 2450/1842/1 3765/1841/1
f 2447/1834/1 3766/1837/1 2449/1840/1 901/1835/1
f 380/1879/1 1724/740/1 3766/1837/1 2447/1834/1
f 1724/740/1 172/739/1 2087/1838/1 3766/1837/1
f 1786/1070/1 3767/1833/1 2448/1836/1 442/1071/1
f 34/243/1 1180/1880/1 3767/1833/1 1786/1070/1
f 1180/1880/1 380/1879/1 2447/1834/1 3767/1833/1
f 1242/1010/1 3768/1829/1 1544/1832/1 90/1011/1
f 442/1071/1 2448/1836/1 3768/1829/1 1242/1010/1
f 2448/1836/1 901/1835/1 2446/1830/1 3768/1829/1
f 2443/1822/1 3769/1825/1 2445/1828/1 900/1823/1
f 524/3811/1 1868/96/1 3769/1825/1 2443/1822/1
f 1868/96/1 68/95/1 1866/1826/1 3769/1825/1
f 2087/1838/1 3770/1821/1 2444/1824/1 743/1839/1
f 172/739/1 1324/3812/1 3770/1821/1 2087/1838/1
f 1324/3812/1 524/3811/1 2443/1822/1 3770/1821/1
f 1543/754/1 3771/1817/1 1545/1820/1 267/755/1
f 743/1839/1 2444/1824/1 3771/1817/1 1543/754/1
f 2444/1824/1 900/1823/1 2442/1818/1 3771/1817/1
f 2439/1810/1 3772/1813/1 2441/1816/1 899/1811/1
f 748/1795/1 2092/768/1 3772/1813/1 2439/1810/1
f 2092/768/1 268/767/1 2090/1814/1 3772/1813/1
f 1719/3854/1 3773/1809/1 2440/1812/1 375/3855/1
f 167/783/1 1548/1796/1 3773/1809/1 1719/3854/1
f 1548/1796/1 748/1795/1 2439/1810/1 3773/1809/1
f 1175/82/1 3774/1805/1 1177/1808/1 67/83/1
f 375/3855/1 2440/1812/1 3774/1805/1 1175/82/1
f 2440/1812/1 899/1811/1 2438/1806/1 3774/1805/1
f 2435/1798/1 3775/1801/1 2437/1804/1 898/1799/1
f 341/1195/1 1685/968/1 3775/1801/1 2435/1798/1
f 1685/968/1 133/967/1 2091/1802/1 3775/1801/1
f 1863/1754/1 3776/1797/1 2436/1800/1 519/1755/1
f 37/199/1 1141/1196/1 3776/1797/1 1863/1754/1
f 1141/1196/1 341/1195/1 2435/1798/1 3776/1797/1
f 1319/782/1 3777/1793/1 1548/1796/1 167/783/1
f 519/1755/1 2436/1800/1 3777/1793/1 1319/782/1
f 2436/1800/1 898/1799/1 2434/1794/1 3777/1793/1
f 2431/1786/1 3778/1789/1 2433/1792/1 897/1787/1
f 485/4039/1 1829/20/1 3778/1789/1 2431/1786/1
f 1829/20/1 21/19/1 1855/1790/1 3778/1789/1
f 2091/1802/1 3779/1785/1 2432/1788/1 747/1803/1
f 133/967/1 1285/4040/1 3779/1785/1 2091/1802/1
f 1285/4040/1 485/4039/1 2431/1786/1 3779/1785/1
f 1547/766/1 3780/1781/1 1549/1784/1 268/767/1
f 747/1803/1 2432/1788/1 3780/1781/1 1547/766/1
f 2432/1788/1 897/1787/1 2430/1782/1 3780/1781/1
f 2427/1774/1 3781/1777/1 2429/1780/1 896/1775/1
f 752/1759/1 2096/780/1 3781/1777/1 2427/1774/1
f 2096/780/1 269/779/1 2094/1778/1 3781/1777/1
f 1694/3770/1 3782/1773/1 2428/1776/1 350/3771/1
f 142/699/1 1552/1760/1 3782/1773/1 1694/3770/1
f 1552/1760/1 752/1759/1 2427/1774/1 3782/1773/1
f 1150/110/1 3783/1769/1 1176/1772/1 46/111/1
f 350/3771/1 2428/1776/1 3783/1769/1 1150/110/1
f 2428/1776/1 896/1775/1 2426/1770/1 3783/1769/1
f 2423/1762/1 3784/1765/1 2425/1768/1 895/1763/1
f 301/2815/1 1645/428/1 3784/1765/1 2423/1762/1
f 1645/428/1 93/427/1 2095/1766/1 3784/1765/1
f 1838/2006/1 3785/1761/1 2424/1764/1 494/2007/1
f 9/11/1 1101/2816/1 3785/1761/1 1838/2006/1
f 1101/2816/1 301/2815/1 2423/1762/1 3785/1761/1
f 1294/698/1 3786/1757/1 1552/1760/1 142/699/1
f 494/2007/1 2424/1764/1 3786/1757/1 1294/698/1
f 2424/1764/1 895/1763/1 2422/1758/1 3786/1757/1
f 2419/1750/1 3787/1753/1 2421/1756/1 894/1751/1
f 445/3499/1 1789/200/1 3787/1753/1 2419/1750/1
f 1789/200/1 37/199/1 1863/1754/1 3787/1753/1
f 2095/1766/1 3788/1749/1 2420/1752/1 751/1767/1
f 93/427/1 1245/3500/1 3788/1749/1 2095/1766/1
f 1245/3500/1 445/3499/1 2419/1750/1 3788/1749/1
f 1551/778/1 3789/1745/1 1553/1748/1 269/779/1
f 751/1767/1 2420/1752/1 3789/1745/1 1551/778/1
f 2420/1752/1 894/1751/1 2418/1746/1 3789/1745/1
f 2415/1738/1 3790/1741/1 2417/1744/1 893/1739/1
f 756/1723/1 2100/792/1 3790/1741/1 2415/1738/1
f 2100/792/1 270/791/1 2098/1742/1 3790/1741/1
f 1654/3950/1 3791/1737/1 2416/1740/1 310/3951/1
f 102/879/1 1556/1724/1 3791/1737/1 1654/3950/1
f 1556/1724/1 756/1723/1 2415/1738/1 3791/1737/1
f 1110/50/1 3792/1733/1 1128/1736/1 18/51/1
f 310/3951/1 2416/1740/1 3792/1733/1 1110/50/1
f 2416/1740/1 893/1739/1 2414/1734/1 3792/1733/1
f 2411/1726/1 3793/1729/1 2413/1732/1 892/1727/1
f 376/1771/1 1720/776/1 3793/1729/1 2411/1726/1
f 1720/776/1 168/775/1 2099/1730/1 3793/1729/1
f 1798/1466/1 3794/1725/1 2412/1728/1 454/1467/1
f 46/111/1 1176/1772/1 3794/1725/1 1798/1466/1
f 1176/1772/1 376/1771/1 2411/1726/1 3794/1725/1
f 1254/878/1 3795/1721/1 1556/1724/1 102/879/1
f 454/1467/1 2412/1728/1 3795/1721/1 1254/878/1
f 2412/1728/1 892/1727/1 2410/1722/1 3795/1721/1
f 2407/1714/1 3796/1717/1 2409/1720/1 891/1715/1
f 520/3847/1 1864/84/1 3796/1717/1 2407/1714/1
f 1864/84/1 67/83/1 1862/1718/1 3796/1717/1
f 2099/1730/1 3797/1713/1 2408/1716/1 755/1731/1
f 168/775/1 1320/3848/1 3797/1713/1 2099/1730/1
f 1320/3848/1 520/3847/1 2407/1714/1 3797/1713/1
f 1555/790/1 3798/1709/1 1557/1712/1 270/791/1
f 755/1731/1 2408/1716/1 3798/1709/1 1555/790/1
f 2408/1716/1 891/1715/1 2406/1710/1 3798/1709/1
f 2403/1702/1 3799/1705/1 2405/1708/1 890/1703/1
f 760/1687/1 2104/804/1 3799/1705/1 2403/1702/1
f 2104/804/1 271/803/1 2102/1706/1 3799/1705/1
f 1715/3890/1 3800/1701/1 2404/1704/1 371/3891/1
f 163/819/1 1560/1688/1 3800/1701/1 1715/3890/1
f 1560/1688/1 760/1687/1 2403/1702/1 3800/1701/1
f 1171/70/1 3801/1697/1 1173/1700/1 66/71/1
f 371/3891/1 2404/1704/1 3801/1697/1 1171/70/1
f 2404/1704/1 890/1703/1 2402/1698/1 3801/1697/1
f 2399/1690/1 3802/1693/1 2401/1696/1 889/1691/1
f 353/1159/1 1697/980/1 3802/1693/1 2399/1690/1
f 1697/980/1 145/979/1 2103/1694/1 3802/1693/1
f 1859/1646/1 3803/1689/1 2400/1692/1 515/1647/1
f 49/211/1 1153/1160/1 3803/1689/1 1859/1646/1
f 1153/1160/1 353/1159/1 2399/1690/1 3803/1689/1
f 1315/818/1 3804/1685/1 1560/1688/1 163/819/1
f 515/1647/1 2400/1692/1 3804/1685/1 1315/818/1
f 2400/1692/1 889/1691/1 2398/1686/1 3804/1685/1
f 2395/1678/1 3805/1681/1 2397/1684/1 888/1679/1
f 497/4051/1 1841/16/1 3805/1681/1 2395/1678/1
f 1841/16/1 7/15/1 1832/1682/1 3805/1681/1
f 2103/1694/1 3806/1677/1 2396/1680/1 759/1695/1
f 145/979/1 1297/4052/1 3806/1677/1 2103/1694/1
f 1297/4052/1 497/4051/1 2395/1678/1 3806/1677/1
f 1559/802/1 3807/1673/1 1561/1676/1 271/803/1
f 759/1695/1 2396/1680/1 3807/1673/1 1559/802/1
f 2396/1680/1 888/1679/1 2394/1674/1 3807/1673/1
f 2391/1666/1 3808/1669/1 2393/1672/1 887/1667/1
f 764/1651/1 2108/816/1 3808/1669/1 2391/1666/1
f 2108/816/1 272/815/1 2106/1670/1 3808/1669/1
f 1711/3842/1 3809/1665/1 2392/1668/1 367/3843/1
f 159/771/1 1564/1652/1 3809/1665/1 1711/3842/1
f 1564/1652/1 764/1651/1 2391/1666/1 3809/1665/1
f 1167/86/1 3810/1661/1 1172/1664/1 63/87/1
f 367/3843/1 2392/1668/1 3810/1661/1 1167/86/1
f 2392/1668/1 887/1667/1 2390/1662/1 3810/1661/1
f 2387/1654/1 3811/1657/1 2389/1660/1 886/1655/1
f 313/2923/1 1657/392/1 3811/1657/1 2387/1654/1
f 1657/392/1 105/391/1 2107/1658/1 3811/1657/1
f 1855/1790/1 3812/1653/1 2388/1656/1 511/1791/1
f 21/19/1 1113/2924/1 3812/1653/1 1855/1790/1
f 1113/2924/1 313/2923/1 2387/1654/1 3812/1653/1
f 1311/770/1 3813/1649/1 1564/1652/1 159/771/1
f 511/1791/1 2388/1656/1 3813/1649/1 1311/770/1
f 2388/1656/1 886/1655/1 2386/1650/1 3813/1649/1
f 2383/1642/1 3814/1645/1 2385/1648/1 885/1643/1
f 457/3463/1 1801/212/1 3814/1645/1 2383/1642/1
f 1801/212/1 49/211/1 1859/1646/1 3814/1645/1
f 2107/1658/1 3815/1641/1 2384/1644/1 763/1659/1
f 105/391/1 1257/3464/1 3815/1641/1 2107/1658/1
f 1257/3464/1 457/3463/1 2383/1642/1 3815/1641/1
f 1563/814/1 3816/1637/1 1565/1640/1 272/815/1
f 763/1659/1 2384/1644/1 3816/1637/1 1563/814/1
f 2384/1644/1 885/1643/1 2382/1638/1 3816/1637/1
f 2379/1630/595 3817/1633/595 2381/1636/595 884/1631/595
f 768/1615/596 2112/828/596 3817/1633/596 2379/1630/596
f 2112/828/597 273/827/597 2110/1634/597 3817/1633/597
f 1671/3926/598 3818/1629/598 2380/1632/598 327/3927/598
f 119/855/599 1568/1616/599 3818/1629/599 1671/3926/599
f 1568/1616/600 768/1615/600 2379/1630/600 3818/1629/600
f 1127/58/601 3819/1625/601 1129/1628/601 25/59/601
f 327/3927/602 2380/1632/602 3819/1625/602 1127/58/602
f 2380/1632/603 884/1631/603 2378/1626/603 3819/1625/603
f 2375/1618/1 3820/1621/1 2377/1624/1 883/1619/1
f 372/1663/1 1716/812/1 3820/1621/1 2375/1618/1
f 1716/812/1 164/811/1 2111/1622/1 3820/1621/1
f 1815/1538/1 3821/1617/1 2376/1620/1 471/1539/1
f 63/87/1 1172/1664/1 3821/1617/1 1815/1538/1
f 1172/1664/1 372/1663/1 2375/1618/1 3821/1617/1
f 1271/854/604 3822/1613/604 1568/1616/604 119/855/604
f 471/1539/605 2376/1620/605 3822/1613/605 1271/854/605
f 2376/1620/606 883/1619/606 2374/1614/606 3822/1613/606
f 2371/1606/1 3823/1609/1 2373/1612/1 882/1607/1
f 516/3883/1 1860/72/1 3823/1609/1 2371/1606/1
f 1860/72/1 66/71/1 1858/1610/1 3823/1609/1
f 2111/1622/1 3824/1605/1 2372/1608/1 767/1623/1
f 164/811/1 1316/3884/1 3824/1605/1 2111/1622/1
f 1316/3884/1 516/3883/1 2371/1606/1 3824/1605/1
f 1567/826/607 3825/1601/607 1569/1604/607 273/827/607
f 767/1623/608 2372/1608/608 3825/1601/608 1567/826/608
f 2372/1608/609 882/1607/609 2370/1602/609 3825/1601/609
f 2367/1594/1 3826/1597/1 2369/1600/1 881/1595/1
f 772/1579/1 2116/840/1 3826/1597/1 2367/1594/1
f 2116/840/1 274/839/1 2114/1598/1 3826/1597/1
f 1714/3902/610 3827/1593/610 2368/1596/610 370/3903/610
f 162/831/611 1572/1580/611 3827/1593/611 1714/3902/611
f 1572/1580/1 772/1579/1 2367/1594/1 3827/1593/1
f 1170/66/612 3828/1589/612 1169/1592/612 65/67/612
f 370/3903/613 2368/1596/613 3828/1589/613 1170/66/613
f 2368/1596/614 881/1595/614 2366/1590/614 3828/1589/614
f 2363/1582/1 3829/1585/1 2365/1588/1 880/1583/1
f 373/1699/1 1717/800/1 3829/1585/1 2363/1582/1
f 1717/800/1 165/799/1 2115/1586/1 3829/1585/1
f 1858/1610/1 3830/1581/1 2364/1584/1 514/1611/1
f 66/71/1 1173/1700/1 3830/1581/1 1858/1610/1
f 1173/1700/1 373/1699/1 2363/1582/1 3830/1581/1
f 1314/830/1 3831/1577/1 1572/1580/1 162/831/1
f 514/1611/1 2364/1584/1 3831/1577/1 1314/830/1
f 2364/1584/1 880/1583/1 2362/1578/1 3831/1577/1
f 2359/1570/1 3832/1573/1 2361/1576/1 879/1571/1
f 517/3871/1 1861/76/1 3832/1573/1 2359/1570/1
f 1861/76/1 40/75/1 1792/1574/1 3832/1573/1
f 2115/1586/1 3833/1569/1 2360/1572/1 771/1587/1
f 165/799/1 1317/3872/1 3833/1569/1 2115/1586/1
f 1317/3872/1 517/3871/1 2359/1570/1 3833/1569/1
f 1571/838/1 3834/1565/1 1573/1568/1 274/839/1
f 771/1587/1 2360/1572/1 3834/1565/1 1571/838/1
f 2360/1572/1 879/1571/1 2358/1566/1 3834/1565/1
f 2355/1558/1 3835/1561/1 2357/1564/1 878/1559/1
f 776/1543/1 2120/852/1 3835/1561/1 2355/1558/1
f 2120/852/1 275/851/1 2118/1562/1 3835/1561/1
f 1718/3866/1 3836/1557/1 2356/1560/1 374/3867/1
f 166/795/1 1576/1544/1 3836/1557/1 1718/3866/1
f 1576/1544/1 776/1543/1 2355/1558/1 3836/1557/1
f 1174/78/1 3837/1553/1 1168/1556/1 64/79/1
f 374/3867/1 2356/1560/1 3837/1553/1 1174/78/1
f 2356/1560/1 878/1559/1 2354/1554/1 3837/1553/1
f 2351/1546/1 3838/1549/1 2353/1552/1 877/1547/1
f 377/1807/1 1721/764/1 3838/1549/1 2351/1546/1
f 1721/764/1 169/763/1 2119/1550/1 3838/1549/1
f 1862/1718/1 3839/1545/1 2352/1548/1 518/1719/1
f 67/83/1 1177/1808/1 3839/1545/1 1862/1718/1
f 1177/1808/1 377/1807/1 2351/1546/1 3839/1545/1
f 1318/794/1 3840/1541/1 1576/1544/1 166/795/1
f 518/1719/1 2352/1548/1 3840/1541/1 1318/794/1
f 2352/1548/1 877/1547/1 2350/1542/1 3840/1541/1
f 2347/1534/1 3841/1537/1 2349/1540/1 876/1535/1
f 521/3835/1 1865/88/1 3841/1537/1 2347/1534/1
f 1865/88/1 63/87/1 1815/1538/1 3841/1537/1
f 2119/1550/1 3842/1533/1 2348/1536/1 775/1551/1
f 169/763/1 1321/3836/1 3842/1533/1 2119/1550/1
f 1321/3836/1 521/3835/1 2347/1534/1 3842/1533/1
f 1575/850/1 3843/1529/1 1577/1532/1 275/851/1
f 775/1551/1 2348/1536/1 3843/1529/1 1575/850/1
f 2348/1536/1 876/1535/1 2346/1530/1 3843/1529/1
f 2343/1522/1 3844/1525/1 2345/1528/1 875/1523/1
f 780/1507/1 2124/864/1 3844/1525/1 2343/1522/1
f 2124/864/1 276/863/1 2122/1526/1 3844/1525/1
f 1722/3830/1 3845/1521/1 2344/1524/1 378/3831/1
f 170/759/1 1580/1508/1 3845/1521/1 1722/3830/1
f 1580/1508/1 780/1507/1 2343/1522/1 3845/1521/1
f 1178/90/1 3846/1517/1 1137/1520/1 33/91/1
f 378/3831/1 2344/1524/1 3846/1517/1 1178/90/1
f 2344/1524/1 875/1523/1 2342/1518/1 3846/1517/1
f 2339/1510/1 3847/1513/1 2341/1516/1 874/1511/1
f 381/1915/1 1725/728/1 3847/1513/1 2339/1510/1
f 1725/728/1 173/727/1 2123/1514/1 3847/1513/1
f 1866/1826/1 3848/1509/1 2340/1512/1 522/1827/1
f 68/95/1 1181/1916/1 3848/1509/1 1866/1826/1
f 1181/1916/1 381/1915/1 2339/1510/1 3848/1509/1
f 1322/758/1 3849/1505/1 1580/1508/1 170/759/1
f 522/1827/1 2340/1512/1 3849/1505/1 1322/758/1
f 2340/1512/1 874/1511/1 2338/1506/1 3849/1505/1
f 2335/1498/1 3850/1501/1 2337/1504/1 873/1499/1
f 525/3799/1 1869/100/1 3850/1501/1 2335/1498/1
f 1869/100/60 62/99/60 1814/1502/60 3850/1501/60
f 2123/1514/1 3851/1497/1 2336/1500/1 779/1515/1
f 173/727/1 1325/3800/1 3851/1497/1 2123/1514/1
f 1325/3800/1 525/3799/1 2335/1498/1 3851/1497/1
f 1579/862/1 3852/1493/1 1581/1496/1 276/863/1
f 779/1515/1 2336/1500/1 3852/1493/1 1579/862/1
f 2336/1500/1 873/1499/1 2334/1494/1 3852/1493/1
f 2331/1486/1 3853/1489/1 2333/1492/1 872/1487/1
f 784/1471/1 2128/876/1 3853/1489/1 2331/1486/1
f 2128/876/1 277/875/1 2126/1490/1 3853/1489/1
f 1726/3794/1 3854/1485/1 2332/1488/1 382/3795/1
f 174/723/1 1584/1472/1 3854/1485/1 1726/3794/1
f 1584/1472/1 784/1471/1 2331/1486/1 3854/1485/1
f 1182/102/1 3855/1481/1 1165/1484/1 61/103/1
f 382/3795/1 2332/1488/1 3855/1481/1 1182/102/1
f 2332/1488/1 872/1487/1 2330/1482/1 3855/1481/1
f 2327/1474/1 3856/1477/1 2329/1480/1 871/1475/1
f 385/2023/1 1729/692/1 3856/1477/1 2327/1474/1
f 1729/692/1 177/691/1 2127/1478/1 3856/1477/1
f 1870/1934/1 3857/1473/1 2328/1476/1 526/1935/1
f 69/107/1 1185/2024/1 3857/1473/1 1870/1934/1
f 1185/2024/1 385/2023/1 2327/1474/1 3857/1473/1
f 1326/722/1 3858/1469/1 1584/1472/1 174/723/1
f 526/1935/1 2328/1476/1 3858/1469/1 1326/722/1
f 2328/1476/1 871/1475/1 2326/1470/1 3858/1469/1
f 2323/1462/1 3859/1465/1 2325/1468/1 870/1463/1
f 529/3763/1 1873/112/1 3859/1465/1 2323/1462/1
f 1873/112/1 46/111/1 1798/1466/1 3859/1465/1
f 2127/1478/1 3860/1461/1 2324/1464/1 783/1479/1
f 177/691/1 1329/3764/1 3860/1461/1 2127/1478/1
f 1329/3764/1 529/3763/1 2323/1462/1 3860/1461/1
f 1583/874/1 3861/1457/1 1585/1460/1 277/875/1
f 783/1479/1 2324/1464/1 3861/1457/1 1583/874/1
f 2324/1464/1 870/1463/1 2322/1458/1 3861/1457/1
f 2319/1450/1 3862/1453/1 2321/1456/1 869/1451/1
f 788/1435/1 2132/888/1 3862/1453/1 2319/1450/1
f 2132/888/1 278/887/1 2130/1454/1 3862/1453/1
f 1730/3758/1 3863/1449/1 2320/1452/1 386/3759/1
f 178/687/1 1588/1436/1 3863/1449/1 1730/3758/1
f 1588/1436/1 788/1435/1 2319/1450/1 3863/1449/1
f 1186/114/1 3864/1445/1 1164/1448/1 60/115/1
f 386/3759/1 2320/1452/1 3864/1445/1 1186/114/1
f 2320/1452/1 869/1451/1 2318/1446/1 3864/1445/1
f 2315/1438/1 3865/1441/1 2317/1444/1 868/1439/1
f 389/2131/1 1733/656/1 3865/1441/1 2315/1438/1
f 1733/656/1 181/655/1 2131/1442/1 3865/1441/1
f 1874/2042/1 3866/1437/1 2316/1440/1 530/2043/1
f 70/119/1 1189/2132/1 3866/1437/1 1874/2042/1
f 1189/2132/1 389/2131/1 2315/1438/1 3866/1437/1
f 1330/686/1 3867/1433/1 1588/1436/1 178/687/1
f 530/2043/1 2316/1440/1 3867/1433/1 1330/686/1
f 2316/1440/1 868/1439/1 2314/1434/1 3867/1433/1
f 2311/1426/1 3868/1429/1 2313/1432/1 867/1427/1
f 533/3727/1 1877/124/1 3868/1429/1 2311/1426/1
f 1877/124/1 59/123/1 1811/1430/1 3868/1429/1
f 2131/1442/1 3869/1425/1 2312/1428/1 787/1443/1
f 181/655/1 1333/3728/1 3869/1425/1 2131/1442/1
f 1333/3728/1 533/3727/1 2311/1426/1 3869/1425/1
f 1587/886/1 3870/1421/1 1589/1424/1 278/887/1
f 787/1443/1 2312/1428/1 3870/1421/1 1587/886/1
f 2312/1428/1 867/1427/1 2310/1422/1 3870/1421/1
f 2307/1414/1 3871/1417/1 2309/1420/1 866/1415/1
f 792/1399/1 2136/900/1 3871/1417/1 2307/1414/1
f 2136/900/1 279/899/1 2134/1418/1 3871/1417/1
f 1734/3722/1 3872/1413/1 2308/1416/1 390/3723/1
f 182/651/1 1592/1400/1 3872/1413/1 1734/3722/1
f 1592/1400/1 792/1399/1 2307/1414/1 3872/1413/1
f 1190/126/1 3873/1409/1 1133/1412/1 29/127/1
f 390/3723/1 2308/1416/1 3873/1409/1 1190/126/1
f 2308/1416/1 866/1415/1 2306/1410/1 3873/1409/1
f 2303/1402/1 3874/1405/1 2305/1408/1 865/1403/1
f 393/2239/1 1737/620/1 3874/1405/1 2303/1402/1
f 1737/620/1 185/619/1 2135/1406/1 3874/1405/1
f 1878/2150/1 3875/1401/1 2304/1404/1 534/2151/1
f 71/131/1 1193/2240/1 3875/1401/1 1878/2150/1
f 1193/2240/1 393/2239/1 2303/1402/1 3875/1401/1
f 1334/650/1 3876/1397/1 1592/1400/1 182/651/1
f 534/2151/1 2304/1404/1 3876/1397/1 1334/650/1
f 2304/1404/1 865/1403/1 2302/1398/1 3876/1397/1
f 2299/1390/1 3877/1393/1 2301/1396/1 864/1391/1
f 537/3691/1 1881/136/1 3877/1393/1 2299/1390/1
f 1881/136/1 58/135/1 1810/1394/1 3877/1393/1
f 2135/1406/1 3878/1389/1 2300/1392/1 791/1407/1
f 185/619/1 1337/3692/1 3878/1389/1 2135/1406/1
f 1337/3692/1 537/3691/1 2299/1390/1 3878/1389/1
f 1591/898/1 3879/1385/1 1593/1388/1 279/899/1
f 791/1407/1 2300/1392/1 3879/1385/1 1591/898/1
f 2300/1392/1 864/1391/1 2298/1386/1 3879/1385/1
f 2295/1378/1 3880/1381/1 2297/1384/1 863/1379/1
f 796/1363/1 2140/912/1 3880/1381/1 2295/1378/1
f 2140/912/1 280/911/1 2138/1382/1 3880/1381/1
f 1738/3686/1 3881/1377/1 2296/1380/1 394/3687/1
f 186/615/1 1596/1364/1 3881/1377/1 1738/3686/1
f 1596/1364/1 796/1363/1 2295/1378/1 3881/1377/1
f 1194/138/1 3882/1373/1 1161/1376/1 57/139/1
f 394/3687/1 2296/1380/1 3882/1373/1 1194/138/1
f 2296/1380/1 863/1379/1 2294/1374/1 3882/1373/1
f 2291/1366/1 3883/1369/1 2293/1372/1 862/1367/1
f 397/2347/1 1741/584/1 3883/1369/1 2291/1366/1
f 1741/584/1 189/583/1 2139/1370/1 3883/1369/1
f 1882/2258/1 3884/1365/1 2292/1368/1 538/2259/1
f 72/143/1 1197/2348/1 3884/1365/1 1882/2258/1
f 1197/2348/1 397/2347/1 2291/1366/1 3884/1365/1
f 1338/614/1 3885/1361/1 1596/1364/1 186/615/1
f 538/2259/1 2292/1368/1 3885/1361/1 1338/614/1
f 2292/1368/1 862/1367/1 2290/1362/1 3885/1361/1
f 2287/1354/1 3886/1357/1 2289/1360/1 861/1355/1
f 541/3655/1 1885/148/1 3886/1357/1 2287/1354/1
f 1885/148/1 47/147/1 1799/1358/1 3886/1357/1
f 2139/1370/1 3887/1353/1 2288/1356/1 795/1371/1
f 189/583/1 1341/3656/1 3887/1353/1 2139/1370/1
f 1341/3656/1 541/3655/1 2287/1354/1 3887/1353/1
f 1595/910/1 3888/1349/1 1597/1352/1 280/911/1
f 795/1371/1 2288/1356/1 3888/1349/1 1595/910/1
f 2288/1356/1 861/1355/1 2286/1350/1 3888/1349/1
f 2283/1342/615 3889/1345/615 2285/1348/615 860/1343/615
f 800/1327/616 2144/924/616 3889/1345/616 2283/1342/616
f 2144/924/617 281/923/617 2142/1346/617 3889/1345/617
f 1742/3650/618 3890/1341/618 2284/1344/618 398/3651/618
f 190/579/619 1600/1328/619 3890/1341/619 1742/3650/619
f 1600/1328/620 800/1327/620 2283/1342/620 3890/1341/620
f 1198/150/1 3891/1337/1 1160/1340/1 56/151/1
f 398/3651/110 2284/1344/110 3891/1337/110 1198/150/110
f 2284/1344/621 860/1343/621 2282/1338/621 3891/1337/621
f 2279/1330/283 3892/1333/283 2281/1336/283 859/1331/283
f 401/2455/622 1745/548/622 3892/1333/622 2279/1330/622
f 1745/548/623 193/547/623 2143/1334/623 3892/1333/623
f 1886/2366/624 3893/1329/624 2280/1332/624 542/2367/624
f 73/155/625 1201/2456/625 3893/1329/625 1886/2366/625
f 1201/2456/626 401/2455/626 2279/1330/626 3893/1329/626
f 1342/578/627 3894/1325/627 1600/1328/627 190/579/627
f 542/2367/628 2280/1332/628 3894/1325/628 1342/578/628
f 2280/1332/629 859/1331/629 2278/1326/629 3894/1325/629
f 2275/1318/630 3895/1321/630 2277/1324/630 858/1319/630
f 545/3619/631 1889/160/631 3895/1321/631 2275/1318/631
f 1889/160/632 55/159/632 1807/1322/632 3895/1321/632
f 2143/1334/633 3896/1317/633 2276/1320/633 799/1335/633
f 193/547/634 1345/3620/634 3896/1317/634 2143/1334/634
f 1345/3620/635 545/3619/635 2275/1318/635 3896/1317/635
f 1599/922/636 3897/1313/636 1601/1316/636 281/923/636
f 799/1335/637 2276/1320/637 3897/1313/637 1599/922/637
f 2276/1320/638 858/1319/638 2274/1314/638 3897/1313/638
f 2271/1306/1 3898/1309/1 2273/1312/1 857/1307/1
f 804/1291/1 2148/936/1 3898/1309/1 2271/1306/1
f 2148/936/1 282/935/1 2146/1310/1 3898/1309/1
f 1746/3614/1 3899/1305/1 2272/1308/1 402/3615/1
f 194/543/1 1604/1292/1 3899/1305/1 1746/3614/1
f 1604/1292/1 804/1291/1 2271/1306/1 3899/1305/1
f 1202/162/1 3900/1301/1 1140/1304/1 36/163/1
f 402/3615/1 2272/1308/1 3900/1301/1 1202/162/1
f 2272/1308/1 857/1307/1 2270/1302/1 3900/1301/1
f 2267/1294/1 3901/1297/1 2269/1300/1 856/1295/1
f 405/2563/1 1749/512/1 3901/1297/1 2267/1294/1
f 1749/512/1 197/511/1 2147/1298/1 3901/1297/1
f 1890/2474/1 3902/1293/1 2268/1296/1 546/2475/1
f 74/167/1 1205/2564/1 3902/1293/1 1890/2474/1
f 1205/2564/1 405/2563/1 2267/1294/1 3902/1293/1
f 1346/542/1 3903/1289/1 1604/1292/1 194/543/1
f 546/2475/1 2268/1296/1 3903/1289/1 1346/542/1
f 2268/1296/1 856/1295/1 2266/1290/1 3903/1289/1
f 2263/1282/1 3904/1285/1 2265/1288/1 855/1283/1
f 549/3583/1 1893/172/1 3904/1285/1 2263/1282/1
f 1893/172/1 54/171/1 1806/1286/1 3904/1285/1
f 2147/1298/1 3905/1281/1 2264/1284/1 803/1299/1
f 197/511/1 1349/3584/1 3905/1281/1 2147/1298/1
f 1349/3584/1 549/3583/1 2263/1282/1 3905/1281/1
f 1603/934/1 3906/1277/1 1605/1280/1 282/935/1
f 803/1299/1 2264/1284/1 3906/1277/1 1603/934/1
f 2264/1284/1 855/1283/1 2262/1278/1 3906/1277/1
f 2259/1270/1 3907/1273/1 2261/1276/1 854/1271/1
f 808/1255/1 2152/948/1 3907/1273/1 2259/1270/1
f 2152/948/1 283/947/1 2150/1274/1 3907/1273/1
f 1750/3578/1 3908/1269/1 2260/1272/1 406/3579/1
f 198/507/1 1608/1256/1 3908/1269/1 1750/3578/1
f 1608/1256/1 808/1255/1 2259/1270/1 3908/1269/1
f 1206/174/1 3909/1265/1 1157/1268/1 53/175/1
f 406/3579/1 2260/1272/1 3909/1265/1 1206/174/1
f 2260/1272/1 854/1271/1 2258/1266/1 3909/1265/1
f 2255/1258/1 3910/1261/1 2257/1264/1 853/1259/1
f 409/2671/1 1753/476/1 3910/1261/1 2255/1258/1
f 1753/476/1 201/475/1 2151/1262/1 3910/1261/1
f 1894/2582/1 3911/1257/1 2256/1260/1 550/2583/1
f 75/179/1 1209/2672/1 3911/1257/1 1894/2582/1
f 1209/2672/1 409/2671/1 2255/1258/1 3911/1257/1
f 1350/506/1 3912/1253/1 1608/1256/1 198/507/1
f 550/2583/1 2256/1260/1 3912/1253/1 1350/506/1
f 2256/1260/1 853/1259/1 2254/1254/1 3912/1253/1
f 2251/1246/1 3913/1249/1 2253/1252/1 852/1247/1
f 553/3547/1 1897/184/1 3913/1249/1 2251/1246/1
f 1897/184/1 44/183/1 1796/1250/1 3913/1249/1
f 2151/1262/1 3914/1245/1 2252/1248/1 807/1263/1
f 201/475/1 1353/3548/1 3914/1245/1 2151/1262/1
f 1353/3548/1 553/3547/1 2251/1246/1 3914/1245/1
f 1607/946/1 3915/1241/1 1609/1244/1 283/947/1
f 807/1263/1 2252/1248/1 3915/1241/1 1607/946/1
f 2252/1248/1 852/1247/1 2250/1242/1 3915/1241/1
f 2247/1234/639 3916/1237/639 2249/1240/639 851/1235/639
f 812/1219/640 2156/960/640 3916/1237/640 2247/1234/640
f 2156/960/641 284/959/641 2154/1238/641 3916/1237/641
f 1754/3542/642 3917/1233/642 2248/1236/642 410/3543/642
f 202/471/643 1612/1220/643 3917/1233/643 1754/3542/643
f 1612/1220/644 812/1219/644 2247/1234/644 3917/1233/644
f 1210/186/645 3918/1229/645 1156/1232/645 52/187/645
f 410/3543/646 2248/1236/646 3918/1229/646 1210/186/646
f 2248/1236/647 851/1235/647 2246/1230/647 3918/1229/647
f 2243/1222/648 3919/1225/648 2245/1228/648 850/1223/648
f 413/2779/649 1757/440/649 3919/1225/649 2243/1222/649
f 1757/440/650 205/439/650 2155/1226/650 3919/1225/650
f 1898/2690/651 3920/1221/651 2244/1224/651 554/2691/651
f 76/191/652 1213/2780/652 3920/1221/652 1898/2690/652
f 1213/2780/653 413/2779/653 2243/1222/653 3920/1221/653
f 1354/470/654 3921/1217/654 1612/1220/654 202/471/654
f 554/2691/655 2244/1224/655 3921/1217/655 1354/470/655
f 2244/1224/656 850/1223/656 2242/1218/656 3921/1217/656
f 2239/1210/657 3922/1213/657 2241/1216/657 849/1211/657
f 557/3511/658 1901/196/658 3922/1213/658 2239/1210/658
f 1901/196/275 51/195/275 1803/1214/275 3922/1213/275
f 2155/1226/659 3923/1209/659 2240/1212/659 811/1227/659
f 205/439/660 1357/3512/660 3923/1209/660 2155/1226/660
f 1357/3512/661 557/3511/661 2239/1210/661 3923/1209/661
f 1611/958/662 3924/1205/662 1613/1208/662 284/959/662
f 811/1227/663 2240/1212/663 3924/1205/663 1611/958/663
f 2240/1212/664 849/1211/664 2238/1206/664 3924/1205/664
f 2235/1198/1 3925/1201/1 2237/1204/1 848/1199/1
f 816/1183/558 2160/972/558 3925/1201/558 2235/1198/558
f 2160/972/665 285/971/665 2158/1202/665 3925/1201/665
f 1758/3506/1 3926/1197/1 2236/1200/1 414/3507/1
f 206/435/1 1616/1184/1 3926/1197/1 1758/3506/1
f 1616/1184/1 816/1183/1 2235/1198/1 3926/1197/1
f 1214/198/1 3927/1193/1 1141/1196/1 37/199/1
f 414/3507/1 2236/1200/1 3927/1193/1 1214/198/1
f 2236/1200/1 848/1199/1 2234/1194/1 3927/1193/1
f 2231/1186/666 3928/1189/666 2233/1192/666 847/1187/666
f 417/2887/667 1761/404/667 3928/1189/667 2231/1186/667
f 1761/404/668 209/403/668 2159/1190/668 3928/1189/668
f 1902/2798/669 3929/1185/669 2232/1188/669 558/2799/669
f 77/203/670 1217/2888/670 3929/1185/670 1902/2798/670
f 1217/2888/671 417/2887/671 2231/1186/671 3929/1185/671
f 1358/434/1 3930/1181/1 1616/1184/1 206/435/1
f 558/2799/558 2232/1188/558 3930/1181/558 1358/434/558
f 2232/1188/672 847/1187/672 2230/1182/672 3930/1181/672
f 2227/1174/673 3931/1177/673 2229/1180/673 846/1175/673
f 561/3475/674 1905/208/674 3931/1177/674 2227/1174/674
f 1905/208/675 50/207/675 1802/1178/675 3931/1177/675
f 2159/1190/676 3932/1173/676 2228/1176/676 815/1191/676
f 209/403/677 1361/3476/677 3932/1173/677 2159/1190/677
f 1361/3476/678 561/3475/678 2227/1174/678 3932/1173/678
f 1615/970/679 3933/1169/679 1617/1172/679 285/971/679
f 815/1191/680 2228/1176/680 3933/1169/680 1615/970/680
f 2228/1176/681 846/1175/681 2226/1170/681 3933/1169/681
f 2223/1162/1 3934/1165/1 2225/1168/1 845/1163/1
f 820/1147/1 2164/984/1 3934/1165/1 2223/1162/1
f 2164/984/1 286/983/1 2162/1166/1 3934/1165/1
f 1762/3470/1 3935/1161/1 2224/1164/1 418/3471/1
f 210/399/1 1620/1148/1 3935/1161/1 1762/3470/1
f 1620/1148/1 820/1147/1 2223/1162/1 3935/1161/1
f 1218/210/1 3936/1157/1 1153/1160/1 49/211/1
f 418/3471/1 2224/1164/1 3936/1157/1 1218/210/1
f 2224/1164/1 845/1163/1 2222/1158/1 3936/1157/1
f 2219/1150/1 3937/1153/1 2221/1156/1 844/1151/1
f 421/2995/1 1765/368/1 3937/1153/1 2219/1150/1
f 1765/368/1 213/367/1 2163/1154/1 3937/1153/1
f 1906/2906/1 3938/1149/1 2220/1152/1 562/2907/1
f 78/215/1 1221/2996/1 3938/1149/1 1906/2906/1
f 1221/2996/1 421/2995/1 2219/1150/1 3938/1149/1
f 1362/398/1 3939/1145/1 1620/1148/1 210/399/1
f 562/2907/1 2220/1152/1 3939/1145/1 1362/398/1
f 2220/1152/1 844/1151/1 2218/1146/1 3939/1145/1
f 2215/1138/1 3940/1141/1 2217/1144/1 843/1139/1
f 565/3439/1 1909/220/1 3940/1141/1 2215/1138/1
f 1909/220/1 32/219/1 1784/1142/1 3940/1141/1
f 2163/1154/1 3941/1137/1 2216/1140/1 819/1155/1
f 213/367/1 1365/3440/1 3941/1137/1 2163/1154/1
f 1365/3440/1 565/3439/1 2215/1138/1 3941/1137/1
f 1619/982/1 3942/1133/1 1621/1136/1 286/983/1
f 819/1155/1 2216/1140/1 3942/1133/1 1619/982/1
f 2216/1140/1 843/1139/1 2214/1134/1 3942/1133/1
f 2211/1126/1 3943/1129/1 2213/1132/1 842/1127/1
f 824/1111/1 2168/996/1 3943/1129/1 2211/1126/1
f 2168/996/1 287/995/1 2166/1130/1 3943/1129/1
f 1766/3434/682 3944/1125/682 2212/1128/682 422/3435/682
f 214/363/683 1624/1112/683 3944/1125/683 1766/3434/683
f 1624/1112/1 824/1111/1 2211/1126/1 3944/1125/1
f 1222/222/684 3945/1121/684 1152/1124/684 48/223/684
f 422/3435/685 2212/1128/685 3945/1121/685 1222/222/685
f 2212/1128/1 842/1127/1 2210/1122/1 3945/1121/1
f 2207/1114/1 3946/1117/1 2209/1120/1 841/1115/1
f 425/3103/1 1769/332/1 3946/1117/1 2207/1114/1
f 1769/332/1 217/331/1 2167/1118/1 3946/1117/1
f 1910/3014/1 3947/1113/1 2208/1116/1 566/3015/1
f 79/227/1 1225/3104/1 3947/1113/1 1910/3014/1
f 1225/3104/1 425/3103/1 2207/1114/1 3947/1113/1
f 1366/362/33 3948/1109/33 1624/1112/33 214/363/33
f 566/3015/1 2208/1116/1 3948/1109/1 1366/362/1
f 2208/1116/1 841/1115/1 2206/1110/1 3948/1109/1
f 2203/1102/1 3949/1105/1 2205/1108/1 840/1103/1
f 569/3403/1 1913/232/1 3949/1105/1 2203/1102/1
f 1913/232/1 35/231/1 1787/1106/1 3949/1105/1
f 2167/1118/1 3950/1101/1 2204/1104/1 823/1119/1
f 217/331/1 1369/3404/1 3950/1101/1 2167/1118/1
f 1369/3404/1 569/3403/1 2203/1102/1 3950/1101/1
f 1623/994/1 3951/1097/1 1625/1100/1 287/995/1
f 823/1119/1 2204/1104/1 3951/1097/1 1623/994/1
f 2204/1104/1 840/1103/1 2202/1098/1 3951/1097/1
f 2199/1090/1 3952/1093/1 2201/1096/1 839/1091/1
f 828/1075/1 2172/1008/1 3952/1093/1 2199/1090/1
f 2172/1008/1 288/1007/1 2170/1094/1 3952/1093/1
f 1770/3398/1 3953/1089/1 2200/1092/1 426/3399/1
f 218/327/1 1628/1076/1 3953/1089/1 1770/3398/1
f 1628/1076/1 828/1075/1 2199/1090/1 3953/1089/1
f 1226/234/1 3954/1085/1 1145/1088/1 41/235/1
f 426/3399/1 2200/1092/1 3954/1085/1 1226/234/1
f 2200/1092/1 839/1091/1 2198/1086/1 3954/1085/1
f 2195/1078/1 3955/1081/1 2197/1084/1 838/1079/1
f 429/3211/1 1773/296/1 3955/1081/1 2195/1078/1
f 1773/296/1 221/295/1 2171/1082/1 3955/1081/1
f 1914/3122/1 3956/1077/1 2196/1080/1 570/3123/1
f 80/239/1 1229/3212/1 3956/1077/1 1914/3122/1
f 1229/3212/1 429/3211/1 2195/1078/1 3956/1077/1
f 1370/326/1 3957/1073/1 1628/1076/1 218/327/1
f 570/3123/1 2196/1080/1 3957/1073/1 1370/326/1
f 2196/1080/1 838/1079/1 2194/1074/1 3957/1073/1
f 2191/1066/1 3958/1069/1 2193/1072/1 837/1067/1
f 573/3367/1 1917/244/1 3958/1069/1 2191/1066/1
f 1917/244/1 34/243/1 1786/1070/1 3958/1069/1
f 2171/1082/1 3959/1065/1 2192/1068/1 827/1083/1
f 221/295/1 1373/3368/1 3959/1065/1 2171/1082/1
f 1373/3368/1 573/3367/1 2191/1066/1 3959/1065/1
f 1627/1006/1 3960/1061/1 1629/1064/1 288/1007/1
f 827/1083/1 2192/1068/1 3960/1061/1 1627/1006/1
f 2192/1068/1 837/1067/1 2190/1062/1 3960/1061/1
f 2187/1054/1 3961/1057/1 2189/1060/1 836/1055/1
f 832/1039/1 2176/1020/1 3961/1057/1 2187/1054/1
f 2176/1020/1 289/1019/1 2174/1058/1 3961/1057/1
f 1774/3362/1 3962/1053/1 2188/1056/1 430/3363/1
f 222/291/1 1632/1040/1 3962/1053/1 1774/3362/1
f 1632/1040/1 832/1039/1 2187/1054/1 3962/1053/1
f 1230/246/1 3963/1049/1 1149/1052/1 45/247/1
f 430/3363/1 2188/1056/1 3963/1049/1 1230/246/1
f 2188/1056/1 836/1055/1 2186/1050/1 3963/1049/1
f 2183/1042/1 3964/1045/1 2185/1048/1 835/1043/1
f 433/3319/1 1777/260/1 3964/1045/1 2183/1042/1
f 1777/260/1 225/259/1 2175/1046/1 3964/1045/1
f 1918/3230/1 3965/1041/1 2184/1044/1 574/3231/1
f 81/251/1 1233/3320/1 3965/1041/1 1918/3230/1
f 1233/3320/1 433/3319/1 2183/1042/1 3965/1041/1
f 1374/290/1 3966/1037/1 1632/1040/1 222/291/1
f 574/3231/1 2184/1044/1 3966/1037/1 1374/290/1
f 2184/1044/1 835/1043/1 2182/1038/1 3966/1037/1
f 2179/1030/1 3967/1033/1 2181/1036/1 834/1031/1
f 577/3331/1 1921/256/1 3967/1033/1 2179/1030/1
f 1921/256/1 28/255/1 1780/1034/1 3967/1033/1
f 2175/1046/1 3968/1029/1 2180/1032/1 831/1047/1
f 225/259/1 1377/3332/1 3968/1029/1 2175/1046/1
f 1377/3332/1 577/3331/1 2179/1030/1 3968/1029/1
f 1631/1018/1 3969/1025/1 1633/1028/1 289/1019/1
f 831/1047/1 2180/1032/1 3969/1025/1 1631/1018/1
f 2180/1032/1 834/1031/1 2178/1026/1 3969/1025/1
f 2178/1026/1 3970/1021/1 2177/1024/1 833/1027/1
f 834/1031/1 2181/1036/1 3970/1021/1 2178/1026/1
f 2181/1036/1 436/1035/1 1236/1022/1 3970/1021/1
f 2182/1038/1 3971/1017/1 2176/1020/1 832/1039/1
f 835/1043/1 2185/1048/1 3971/1017/1 2182/1038/1
f 2185/1048/1 831/1047/1 1631/1018/1 3971/1017/1
f 2186/1050/1 3972/1013/1 1693/1016/1 349/1051/1
f 836/1055/1 2189/1060/1 3972/1013/1 2186/1050/1
f 2189/1060/1 830/1059/1 1630/1014/1 3972/1013/1
f 2190/1062/1 3973/1009/1 2173/1012/1 829/1063/1
f 837/1067/1 2193/1072/1 3973/1009/1 2190/1062/1
f 2193/1072/1 442/1071/1 1242/1010/1 3973/1009/1
f 2194/1074/1 3974/1005/1 2172/1008/1 828/1075/1
f 838/1079/1 2197/1084/1 3974/1005/1 2194/1074/1
f 2197/1084/1 827/1083/1 1627/1006/1 3974/1005/1
f 2198/1086/1 3975/1001/1 1689/1004/1 345/1087/1
f 839/1091/1 2201/1096/1 3975/1001/1 2198/1086/1
f 2201/1096/1 826/1095/1 1626/1002/1 3975/1001/1
f 2202/1098/1 3976/997/1 2169/1000/1 825/1099/1
f 840/1103/1 2205/1108/1 3976/997/1 2202/1098/1
f 2205/1108/1 443/1107/1 1243/998/1 3976/997/1
f 2206/1110/1 3977/993/1 2168/996/1 824/1111/1
f 841/1115/1 2209/1120/1 3977/993/1 2206/1110/1
f 2209/1120/1 823/1119/1 1623/994/1 3977/993/1
f 2210/1122/1 3978/989/1 1696/992/1 352/1123/1
f 842/1127/1 2213/1132/1 3978/989/1 2210/1122/1
f 2213/1132/1 822/1131/1 1622/990/1 3978/989/1
f 2214/1134/1 3979/985/1 2165/988/1 821/1135/1
f 843/1139/1 2217/1144/1 3979/985/1 2214/1134/1
f 2217/1144/1 440/1143/1 1240/986/1 3979/985/1
f 2218/1146/1 3980/981/1 2164/984/1 820/1147/1
f 844/1151/1 2221/1156/1 3980/981/1 2218/1146/1
f 2221/1156/1 819/1155/1 1619/982/1 3980/981/1
f 2222/1158/1 3981/977/1 1697/980/1 353/1159/1
f 845/1163/1 2225/1168/1 3981/977/1 2222/1158/1
f 2225/1168/1 818/1167/1 1618/978/1 3981/977/1
f 2226/1170/686 3982/973/686 2161/976/686 817/1171/686
f 846/1175/687 2229/1180/687 3982/973/687 2226/1170/687
f 2229/1180/688 458/1179/688 1258/974/688 3982/973/688
f 2230/1182/689 3983/969/689 2160/972/689 816/1183/689
f 847/1187/690 2233/1192/690 3983/969/690 2230/1182/690
f 2233/1192/691 815/1191/691 1615/970/691 3983/969/691
f 2234/1194/1 3984/965/1 1685/968/1 341/1195/1
f 848/1199/1 2237/1204/1 3984/965/1 2234/1194/1
f 2237/1204/1 814/1203/1 1614/966/1 3984/965/1
f 2238/1206/692 3985/961/692 2157/964/692 813/1207/692
f 849/1211/693 2241/1216/693 3985/961/693 2238/1206/693
f 2241/1216/694 459/1215/694 1259/962/694 3985/961/694
f 2242/1218/695 3986/957/695 2156/960/695 812/1219/695
f 850/1223/696 2245/1228/696 3986/957/696 2242/1218/696
f 2245/1228/697 811/1227/697 1611/958/697 3986/957/697
f 2246/1230/698 3987/953/698 1700/956/698 356/1231/698
f 851/1235/699 2249/1240/699 3987/953/699 2246/1230/699
f 2249/1240/700 810/1239/700 1610/954/700 3987/953/700
f 2250/1242/1 3988/949/1 2153/952/1 809/1243/1
f 852/1247/1 2253/1252/1 3988/949/1 2250/1242/1
f 2253/1252/1 452/1251/1 1252/950/1 3988/949/1
f 2254/1254/1 3989/945/1 2152/948/1 808/1255/1
f 853/1259/1 2257/1264/1 3989/945/1 2254/1254/1
f 2257/1264/1 807/1263/1 1607/946/1 3989/945/1
f 2258/1266/1 3990/941/1 1701/944/1 357/1267/1
f 854/1271/1 2261/1276/1 3990/941/1 2258/1266/1
f 2261/1276/1 806/1275/1 1606/942/1 3990/941/1
f 2262/1278/701 3991/937/701 2149/940/701 805/1279/701
f 855/1283/73 2265/1288/73 3991/937/73 2262/1278/73
f 2265/1288/702 462/1287/702 1262/938/702 3991/937/702
f 2266/1290/1 3992/933/1 2148/936/1 804/1291/1
f 856/1295/1 2269/1300/1 3992/933/1 2266/1290/1
f 2269/1300/1 803/1299/1 1603/934/1 3992/933/1
f 2270/1302/1 3993/929/1 1684/932/1 340/1303/1
f 857/1307/1 2273/1312/1 3993/929/1 2270/1302/1
f 2273/1312/1 802/1311/1 1602/930/1 3993/929/1
f 2274/1314/703 3994/925/703 2145/928/703 801/1315/703
f 858/1319/704 2277/1324/704 3994/925/704 2274/1314/704
f 2277/1324/705 463/1323/705 1263/926/705 3994/925/705
f 2278/1326/706 3995/921/706 2144/924/706 800/1327/706
f 859/1331/707 2281/1336/707 3995/921/707 2278/1326/707
f 2281/1336/708 799/1335/708 1599/922/708 3995/921/708
f 2282/1338/1 3996/917/1 1704/920/1 360/1339/1
f 860/1343/709 2285/1348/709 3996/917/709 2282/1338/709
f 2285/1348/710 798/1347/710 1598/918/710 3996/917/710
f 2286/1350/1 3997/913/1 2141/916/1 797/1351/1
f 861/1355/1 2289/1360/1 3997/913/1 2286/1350/1
f 2289/1360/1 455/1359/1 1255/914/1 3997/913/1
f 2290/1362/1 3998/909/1 2140/912/1 796/1363/1
f 862/1367/1 2293/1372/1 3998/909/1 2290/1362/1
f 2293/1372/1 795/1371/1 1595/910/1 3998/909/1
f 2294/1374/1 3999/905/1 1705/908/1 361/1375/1
f 863/1379/1 2297/1384/1 3999/905/1 2294/1374/1
f 2297/1384/1 794/1383/1 1594/906/1 3999/905/1
f 2298/1386/1 4000/901/1 2137/904/1 793/1387/1
f 864/1391/1 2301/1396/1 4000/901/1 2298/1386/1
f 2301/1396/1 466/1395/1 1266/902/1 4000/901/1
f 2302/1398/1 4001/897/1 2136/900/1 792/1399/1
f 865/1403/1 2305/1408/1 4001/897/1 2302/1398/1
f 2305/1408/1 791/1407/1 1591/898/1 4001/897/1
f 2306/1410/1 4002/893/1 1677/896/1 333/1411/1
f 866/1415/1 2309/1420/1 4002/893/1 2306/1410/1
f 2309/1420/1 790/1419/1 1590/894/1 4002/893/1
f 2310/1422/711 4003/889/711 2133/892/711 789/1423/711
f 867/1427/1 2313/1432/1 4003/889/1 2310/1422/1
f 2313/1432/1 467/1431/1 1267/890/1 4003/889/1
f 2314/1434/1 4004/885/1 2132/888/1 788/1435/1
f 868/1439/1 2317/1444/1 4004/885/1 2314/1434/1
f 2317/1444/1 787/1443/1 1587/886/1 4004/885/1
f 2318/1446/712 4005/881/712 1708/884/712 364/1447/712
f 869/1451/82 2321/1456/82 4005/881/82 2318/1446/82
f 2321/1456/713 786/1455/713 1586/882/713 4005/881/713
f 2322/1458/1 4006/877/1 2129/880/1 785/1459/1
f 870/1463/1 2325/1468/1 4006/877/1 2322/1458/1
f 2325/1468/1 454/1467/1 1254/878/1 4006/877/1
f 2326/1470/1 4007/873/1 2128/876/1 784/1471/1
f 871/1475/1 2329/1480/1 4007/873/1 2326/1470/1
f 2329/1480/1 783/1479/1 1583/874/1 4007/873/1
f 2330/1482/1 4008/869/1 1709/872/1 365/1483/1
f 872/1487/1 2333/1492/1 4008/869/1 2330/1482/1
f 2333/1492/1 782/1491/1 1582/870/1 4008/869/1
f 2334/1494/1 4009/865/1 2125/868/1 781/1495/1
f 873/1499/1 2337/1504/1 4009/865/1 2334/1494/1
f 2337/1504/1 470/1503/1 1270/866/1 4009/865/1
f 2338/1506/1 4010/861/1 2124/864/1 780/1507/1
f 874/1511/1 2341/1516/1 4010/861/1 2338/1506/1
f 2341/1516/1 779/1515/1 1579/862/1 4010/861/1
f 2342/1518/1 4011/857/1 1681/860/1 337/1519/1
f 875/1523/1 2345/1528/1 4011/857/1 2342/1518/1
f 2345/1528/1 778/1527/1 1578/858/1 4011/857/1
f 2346/1530/82 4012/853/82 2121/856/82 777/1531/82
f 876/1535/1 2349/1540/1 4012/853/1 2346/1530/1
f 2349/1540/1 471/1539/1 1271/854/1 4012/853/1
f 2350/1542/1 4013/849/1 2120/852/1 776/1543/1
f 877/1547/1 2353/1552/1 4013/849/1 2350/1542/1
f 2353/1552/1 775/1551/1 1575/850/1 4013/849/1
f 2354/1554/1 4014/845/1 1712/848/1 368/1555/1
f 878/1559/1 2357/1564/1 4014/845/1 2354/1554/1
f 2357/1564/1 774/1563/1 1574/846/1 4014/845/1
f 2358/1566/1 4015/841/1 2117/844/1 773/1567/1
f 879/1571/1 2361/1576/1 4015/841/1 2358/1566/1
f 2361/1576/1 448/1575/1 1248/842/1 4015/841/1
f 2362/1578/1 4016/837/1 2116/840/1 772/1579/1
f 880/1583/1 2365/1588/1 4016/837/1 2362/1578/1
f 2365/1588/1 771/1587/1 1571/838/1 4016/837/1
f 2366/1590/455 4017/833/455 1713/836/455 369/1591/455
f 881/1595/1 2369/1600/1 4017/833/1 2366/1590/1
f 2369/1600/1 770/1599/1 1570/834/1 4017/833/1
f 2370/1602/714 4018/829/714 2113/832/714 769/1603/714
f 882/1607/715 2373/1612/715 4018/829/715 2370/1602/715
f 2373/1612/1 514/1611/1 1314/830/1 4018/829/1
f 2374/1614/716 4019/825/716 2112/828/716 768/1615/716
f 883/1619/717 2377/1624/717 4019/825/717 2374/1614/717
f 2377/1624/718 767/1623/718 1567/826/718 4019/825/718
f 2378/1626/719 4020/821/719 1673/824/719 329/1627/719
f 884/1631/720 2381/1636/720 4020/821/720 2378/1626/720
f 2381/1636/721 766/1635/721 1566/822/721 4020/821/721
f 2382/1638/1 4021/817/1 2109/820/1 765/1639/1
f 885/1643/1 2385/1648/1 4021/817/1 2382/1638/1
f 2385/1648/1 515/1647/1 1315/818/1 4021/817/1
f 2386/1650/1 4022/813/1 2108/816/1 764/1651/1
f 886/1655/1 2389/1660/1 4022/813/1 2386/1650/1
f 2389/1660/1 763/1659/1 1563/814/1 4022/813/1
f 2390/1662/1 4023/809/1 1716/812/1 372/1663/1
f 887/1667/1 2393/1672/1 4023/809/1 2390/1662/1
f 2393/1672/1 762/1671/1 1562/810/1 4023/809/1
f 2394/1674/1 4024/805/1 2105/808/1 761/1675/1
f 888/1679/1 2397/1684/1 4024/805/1 2394/1674/1
f 2397/1684/1 488/1683/1 1288/806/1 4024/805/1
f 2398/1686/1 4025/801/1 2104/804/1 760/1687/1
f 889/1691/1 2401/1696/1 4025/801/1 2398/1686/1
f 2401/1696/1 759/1695/1 1559/802/1 4025/801/1
f 2402/1698/1 4026/797/1 1717/800/1 373/1699/1
f 890/1703/1 2405/1708/1 4026/797/1 2402/1698/1
f 2405/1708/1 758/1707/1 1558/798/1 4026/797/1
f 2406/1710/1 4027/793/1 2101/796/1 757/1711/1
f 891/1715/1 2409/1720/1 4027/793/1 2406/1710/1
f 2409/1720/1 518/1719/1 1318/794/1 4027/793/1
f 2410/1722/1 4028/789/1 2100/792/1 756/1723/1
f 892/1727/1 2413/1732/1 4028/789/1 2410/1722/1
f 2413/1732/1 755/1731/1 1555/790/1 4028/789/1
f 2414/1734/1 4029/785/1 1672/788/1 328/1735/1
f 893/1739/1 2417/1744/1 4029/785/1 2414/1734/1
f 2417/1744/1 754/1743/1 1554/786/1 4029/785/1
f 2418/1746/1 4030/781/1 2097/784/1 753/1747/1
f 894/1751/1 2421/1756/1 4030/781/1 2418/1746/1
f 2421/1756/1 519/1755/1 1319/782/1 4030/781/1
f 2422/1758/1 4031/777/1 2096/780/1 752/1759/1
f 895/1763/1 2425/1768/1 4031/777/1 2422/1758/1
f 2425/1768/1 751/1767/1 1551/778/1 4031/777/1
f 2426/1770/1 4032/773/1 1720/776/1 376/1771/1
f 896/1775/1 2429/1780/1 4032/773/1 2426/1770/1
f 2429/1780/1 750/1779/1 1550/774/1 4032/773/1
f 2430/1782/1 4033/769/1 2093/772/1 749/1783/1
f 897/1787/1 2433/1792/1 4033/769/1 2430/1782/1
f 2433/1792/1 511/1791/1 1311/770/1 4033/769/1
f 2434/1794/1 4034/765/1 2092/768/1 748/1795/1
f 898/1799/1 2437/1804/1 4034/765/1 2434/1794/1
f 2437/1804/1 747/1803/1 1547/766/1 4034/765/1
f 2438/1806/1 4035/761/1 1721/764/1 377/1807/1
f 899/1811/1 2441/1816/1 4035/761/1 2438/1806/1
f 2441/1816/1 746/1815/1 1546/762/1 4035/761/1
f 2442/1818/1 4036/757/1 2089/760/1 745/1819/1
f 900/1823/1 2445/1828/1 4036/757/1 2442/1818/1
f 2445/1828/1 522/1827/1 1322/758/1 4036/757/1
f 2446/1830/1 4037/753/1 2088/756/1 744/1831/1
f 901/1835/1 2449/1840/1 4037/753/1 2446/1830/1
f 2449/1840/1 743/1839/1 1543/754/1 4037/753/1
f 2450/1842/1 4038/749/1 1641/752/1 297/1843/1
f 902/1847/1 2453/1852/1 4038/749/1 2450/1842/1
f 2453/1852/1 742/1851/1 1542/750/1 4038/749/1
f 2454/1854/1 4039/745/1 2085/748/1 741/1855/1
f 903/1859/1 2457/1864/1 4039/745/1 2454/1854/1
f 2457/1864/1 523/1863/1 1323/746/1 4039/745/1
f 2458/1866/1 4040/741/1 2084/744/1 740/1867/1
f 904/1871/1 2461/1876/1 4040/741/1 2458/1866/1
f 2461/1876/1 739/1875/1 1539/742/1 4040/741/1
f 2462/1878/1 4041/737/1 1724/740/1 380/1879/1
f 905/1883/1 2465/1888/1 4041/737/1 2462/1878/1
f 2465/1888/1 738/1887/1 1538/738/1 4041/737/1
f 2466/1890/722 4042/733/722 2081/736/722 737/1891/722
f 906/1895/723 2469/1900/723 4042/733/723 2466/1890/723
f 2469/1900/724 510/1899/724 1310/734/724 4042/733/724
f 2470/1902/1 4043/729/1 2080/732/1 736/1903/1
f 907/1907/1 2473/1912/1 4043/729/1 2470/1902/1
f 2473/1912/725 735/1911/725 1535/730/725 4043/729/725
f 2474/1914/1 4044/725/1 1725/728/1 381/1915/1
f 908/1919/1 2477/1924/1 4044/725/1 2474/1914/1
f 2477/1924/1 734/1923/1 1534/726/1 4044/725/1
f 2478/1926/1 4045/721/1 2077/724/1 733/1927/1
f 909/1931/1 2481/1936/1 4045/721/1 2478/1926/1
f 2481/1936/1 526/1935/1 1326/722/1 4045/721/1
f 2482/1938/278 4046/717/278 2076/720/278 732/1939/278
f 910/1943/1 2485/1948/1 4046/717/1 2482/1938/1
f 2485/1948/1 731/1947/1 1531/718/1 4046/717/1
f 2486/1950/726 4047/713/726 1669/716/726 325/1951/726
f 911/1955/727 2489/1960/727 4047/713/727 2486/1950/727
f 2489/1960/728 730/1959/728 1530/714/728 4047/713/728
f 2490/1962/1 4048/709/1 2073/712/1 729/1963/1
f 912/1967/101 2493/1972/101 4048/709/101 2490/1962/101
f 2493/1972/1 527/1971/1 1327/710/1 4048/709/1
f 2494/1974/729 4049/705/729 2072/708/729 728/1975/729
f 913/1979/730 2497/1984/730 4049/705/730 2494/1974/730
f 2497/1984/731 727/1983/731 1527/706/731 4049/705/731
f 2498/1986/1 4050/701/1 1728/704/1 384/1987/1
f 914/1991/1 2501/1996/1 4050/701/1 2498/1986/1
f 2501/1996/1 726/1995/1 1526/702/1 4050/701/1
f 2502/1998/1 4051/697/1 2069/700/1 725/1999/1
f 915/2003/1 2505/2008/1 4051/697/1 2502/1998/1
f 2505/2008/1 494/2007/1 1294/698/1 4051/697/1
f 2506/2010/1 4052/693/1 2068/696/1 724/2011/1
f 916/2015/1 2509/2020/1 4052/693/1 2506/2010/1
f 2509/2020/1 723/2019/1 1523/694/1 4052/693/1
f 2510/2022/1 4053/689/1 1729/692/1 385/2023/1
f 917/2027/1 2513/2032/1 4053/689/1 2510/2022/1
f 2513/2032/1 722/2031/1 1522/690/1 4053/689/1
f 2514/2034/1 4054/685/1 2065/688/1 721/2035/1
f 918/2039/1 2517/2044/1 4054/685/1 2514/2034/1
f 2517/2044/1 530/2043/1 1330/686/1 4054/685/1
f 2518/2046/1 4055/681/1 2064/684/1 720/2047/1
f 919/2051/1 2521/2056/1 4055/681/1 2518/2046/1
f 2521/2056/1 719/2055/1 1519/682/1 4055/681/1
f 2522/2058/1 4056/677/1 1668/680/1 324/2059/1
f 920/2063/1 2525/2068/1 4056/677/1 2522/2058/1
f 2525/2068/1 718/2067/1 1518/678/1 4056/677/1
f 2526/2070/1 4057/673/1 2061/676/1 717/2071/1
f 921/2075/1 2529/2080/1 4057/673/1 2526/2070/1
f 2529/2080/1 531/2079/1 1331/674/1 4057/673/1
f 2530/2082/1 4058/669/1 2060/672/1 716/2083/1
f 922/2087/1 2533/2092/1 4058/669/1 2530/2082/1
f 2533/2092/1 715/2091/1 1515/670/1 4058/669/1
f 2534/2094/1 4059/665/1 1732/668/1 388/2095/1
f 923/2099/1 2537/2104/1 4059/665/1 2534/2094/1
f 2537/2104/1 714/2103/1 1514/666/1 4059/665/1
f 2538/2106/1 4060/661/1 2057/664/1 713/2107/1
f 924/2111/1 2541/2116/1 4060/661/1 2538/2106/1
f 2541/2116/555 507/2115/555 1307/662/555 4060/661/555
f 2542/2118/1 4061/657/1 2056/660/1 712/2119/1
f 925/2123/1 2545/2128/1 4061/657/1 2542/2118/1
f 2545/2128/1 711/2127/1 1511/658/1 4061/657/1
f 2546/2130/1 4062/653/1 1733/656/1 389/2131/1
f 926/2135/1 2549/2140/1 4062/653/1 2546/2130/1
f 2549/2140/1 710/2139/1 1510/654/1 4062/653/1
f 2550/2142/1 4063/649/1 2053/652/1 709/2143/1
f 927/2147/1 2553/2152/1 4063/649/1 2550/2142/1
f 2553/2152/1 534/2151/1 1334/650/1 4063/649/1
f 2554/2154/1 4064/645/1 2052/648/1 708/2155/1
f 928/2159/1 2557/2164/1 4064/645/1 2554/2154/1
f 2557/2164/1 707/2163/1 1507/646/1 4064/645/1
f 2558/2166/1 4065/641/1 1637/644/1 293/2167/1
f 929/2171/1 2561/2176/1 4065/641/1 2558/2166/1
f 2561/2176/1 706/2175/1 1506/642/1 4065/641/1
f 2562/2178/1 4066/637/1 2049/640/1 705/2179/1
f 930/2183/1 2565/2188/1 4066/637/1 2562/2178/1
f 2565/2188/1 535/2187/1 1335/638/1 4066/637/1
f 2566/2190/1 4067/633/1 2048/636/1 704/2191/1
f 931/2195/1 2569/2200/1 4067/633/1 2566/2190/1
f 2569/2200/1 703/2199/1 1503/634/1 4067/633/1
f 2570/2202/1 4068/629/1 1736/632/1 392/2203/1
f 932/2207/1 2573/2212/1 4068/629/1 2570/2202/1
f 2573/2212/1 702/2211/1 1502/630/1 4068/629/1
f 2574/2214/732 4069/625/732 2045/628/732 701/2215/732
f 933/2219/733 2577/2224/733 4069/625/733 2574/2214/733
f 2577/2224/734 506/2223/734 1306/626/734 4069/625/734
f 2578/2226/285 4070/621/285 2044/624/285 700/2227/285
f 934/2231/735 2581/2236/735 4070/621/735 2578/2226/735
f 2581/2236/736 699/2235/736 1499/622/736 4070/621/736
f 2582/2238/1 4071/617/1 1737/620/1 393/2239/1
f 935/2243/1 2585/2248/1 4071/617/1 2582/2238/1
f 2585/2248/1 698/2247/1 1498/618/1 4071/617/1
f 2586/2250/1 4072/613/1 2041/616/1 697/2251/1
f 936/2255/1 2589/2260/1 4072/613/1 2586/2250/1
f 2589/2260/1 538/2259/1 1338/614/1 4072/613/1
f 2590/2262/1 4073/609/1 2040/612/1 696/2263/1
f 937/2267/1 2593/2272/1 4073/609/1 2590/2262/1
f 2593/2272/1 695/2271/1 1495/610/1 4073/609/1
f 2594/2274/1 4074/605/1 1665/608/1 321/2275/1
f 938/2279/1 2597/2284/1 4074/605/1 2594/2274/1
f 2597/2284/1 694/2283/1 1494/606/1 4074/605/1
f 2598/2286/1 4075/601/1 2037/604/1 693/2287/1
f 939/2291/1 2601/2296/1 4075/601/1 2598/2286/1
f 2601/2296/1 539/2295/1 1339/602/1 4075/601/1
f 2602/2298/1 4076/597/1 2036/600/1 692/2299/1
f 940/2303/1 2605/2308/1 4076/597/1 2602/2298/1
f 2605/2308/1 691/2307/1 1491/598/1 4076/597/1
f 2606/2310/1 4077/593/1 1740/596/1 396/2311/1
f 941/2315/1 2609/2320/1 4077/593/1 2606/2310/1
f 2609/2320/1 690/2319/1 1490/594/1 4077/593/1
f 2610/2322/1 4078/589/1 2033/592/1 689/2323/1
f 942/2327/1 2613/2332/1 4078/589/1 2610/2322/1
f 2613/2332/1 495/2331/1 1295/590/1 4078/589/1
f 2614/2334/1 4079/585/1 2032/588/1 688/2335/1
f 943/2339/1 2617/2344/1 4079/585/1 2614/2334/1
f 2617/2344/1 687/2343/1 1487/586/1 4079/585/1
f 2618/2346/1 4080/581/1 1741/584/1 397/2347/1
f 944/2351/1 2621/2356/1 4080/581/1 2618/2346/1
f 2621/2356/1 686/2355/1 1486/582/1 4080/581/1
f 2622/2358/737 4081/577/737 2029/580/737 685/2359/737
f 945/2363/738 2625/2368/738 4081/577/738 2622/2358/738
f 2625/2368/739 542/2367/739 1342/578/739 4081/577/739
f 2626/2370/1 4082/573/1 2028/576/1 684/2371/1
f 946/2375/1 2629/2380/1 4082/573/1 2626/2370/1
f 2629/2380/1 683/2379/1 1483/574/1 4082/573/1
f 2630/2382/1 4083/569/1 1664/572/1 320/2383/1
f 947/2387/1 2633/2392/1 4083/569/1 2630/2382/1
f 2633/2392/1 682/2391/1 1482/570/1 4083/569/1
f 2634/2394/1 4084/565/1 2025/568/1 681/2395/1
f 948/2399/1 2637/2404/1 4084/565/1 2634/2394/1
f 2637/2404/1 543/2403/1 1343/566/1 4084/565/1
f 2638/2406/1 4085/561/1 2024/564/1 680/2407/1
f 949/2411/1 2641/2416/1 4085/561/1 2638/2406/1
f 2641/2416/1 679/2415/1 1479/562/1 4085/561/1
f 2642/2418/1 4086/557/1 1744/560/1 400/2419/1
f 950/2423/1 2645/2428/1 4086/557/1 2642/2418/1
f 2645/2428/1 678/2427/1 1478/558/1 4086/557/1
f 2646/2430/1 4087/553/1 2021/556/1 677/2431/1
f 951/2435/1 2649/2440/1 4087/553/1 2646/2430/1
f 2649/2440/1 503/2439/1 1303/554/1 4087/553/1
f 2650/2442/740 4088/549/740 2020/552/740 676/2443/740
f 952/2447/1 2653/2452/1 4088/549/1 2650/2442/1
f 2653/2452/1 675/2451/1 1475/550/1 4088/549/1
f 2654/2454/741 4089/545/741 1745/548/741 401/2455/741
f 953/2459/742 2657/2464/742 4089/545/742 2654/2454/742
f 2657/2464/743 674/2463/743 1474/546/743 4089/545/743
f 2658/2466/1 4090/541/1 2017/544/1 673/2467/1
f 954/2471/1 2661/2476/1 4090/541/1 2658/2466/1
f 2661/2476/1 546/2475/1 1346/542/1 4090/541/1
f 2662/2478/1 4091/537/1 2016/540/1 672/2479/1
f 955/2483/1 2665/2488/1 4091/537/1 2662/2478/1
f 2665/2488/1 671/2487/1 1471/538/1 4091/537/1
f 2666/2490/1 4092/533/1 1644/536/1 300/2491/1
f 956/2495/1 2669/2500/1 4092/533/1 2666/2490/1
f 2669/2500/1 670/2499/1 1470/534/1 4092/533/1
f 2670/2502/1 4093/529/1 2013/532/1 669/2503/1
f 957/2507/1 2673/2512/1 4093/529/1 2670/2502/1
f 2673/2512/1 547/2511/1 1347/530/1 4093/529/1
f 2674/2514/1 4094/525/1 2012/528/1 668/2515/1
f 958/2519/1 2677/2524/1 4094/525/1 2674/2514/1
f 2677/2524/1 667/2523/1 1467/526/1 4094/525/1
f 2678/2526/1 4095/521/1 1748/524/1 404/2527/1
f 959/2531/1 2681/2536/1 4095/521/1 2678/2526/1
f 2681/2536/1 666/2535/1 1466/522/1 4095/521/1
f 2682/2538/1 4096/517/1 2009/520/1 665/2539/1
f 960/2543/1 2685/2548/1 4096/517/1 2682/2538/1
f 2685/2548/1 502/2547/1 1302/518/1 4096/517/1
f 2686/2550/1 4097/513/1 2008/516/1 664/2551/1
f 961/2555/1 2689/2560/1 4097/513/1 2686/2550/1
f 2689/2560/1 663/2559/1 1463/514/1 4097/513/1
f 2690/2562/1 4098/509/1 1749/512/1 405/2563/1
f 962/2567/1 2693/2572/1 4098/509/1 2690/2562/1
f 2693/2572/1 662/2571/1 1462/510/1 4098/509/1
f 2694/2574/1 4099/505/1 2005/508/1 661/2575/1
f 963/2579/1 2697/2584/1 4099/505/1 2694/2574/1
f 2697/2584/1 550/2583/1 1350/506/1 4099/505/1
f 2698/2586/1 4100/501/1 2004/504/1 660/2587/1
f 964/2591/1 2701/2596/1 4100/501/1 2698/2586/1
f 2701/2596/1 659/2595/1 1459/502/1 4100/501/1
f 2702/2598/744 4101/497/744 1661/500/744 317/2599/744
f 965/2603/1 2705/2608/1 4101/497/1 2702/2598/1
f 2705/2608/1 658/2607/1 1458/498/1 4101/497/1
f 2706/2610/1 4102/493/1 2001/496/1 657/2611/1
f 966/2615/1 2709/2620/1 4102/493/1 2706/2610/1
f 2709/2620/1 551/2619/1 1351/494/1 4102/493/1
f 2710/2622/1 4103/489/1 2000/492/1 656/2623/1
f 967/2627/1 2713/2632/1 4103/489/1 2710/2622/1
f 2713/2632/1 655/2631/1 1455/490/1 4103/489/1
f 2714/2634/1 4104/485/1 1752/488/1 408/2635/1
f 968/2639/1 2717/2644/1 4104/485/1 2714/2634/1
f 2717/2644/1 654/2643/1 1454/486/1 4104/485/1
f 2718/2646/1 4105/481/1 1997/484/1 653/2647/1
f 969/2651/1 2721/2656/1 4105/481/1 2718/2646/1
f 2721/2656/1 492/2655/1 1292/482/1 4105/481/1
f 2722/2658/1 4106/477/1 1996/480/1 652/2659/1
f 970/2663/1 2725/2668/1 4106/477/1 2722/2658/1
f 2725/2668/1 651/2667/1 1451/478/1 4106/477/1
f 2726/2670/1 4107/473/1 1753/476/1 409/2671/1
f 971/2675/1 2729/2680/1 4107/473/1 2726/2670/1
f 2729/2680/1 650/2679/1 1450/474/1 4107/473/1
f 2730/2682/745 4108/469/745 1993/472/745 649/2683/745
f 972/2687/746 2733/2692/746 4108/469/746 2730/2682/746
f 2733/2692/747 554/2691/747 1354/470/747 4108/469/747
f 2734/2694/1 4109/465/1 1992/468/1 648/2695/1
f 973/2699/1 2737/2704/1 4109/465/1 2734/2694/1
f 2737/2704/1 647/2703/1 1447/466/1 4109/465/1
f 2738/2706/1 4110/461/1 1660/464/1 316/2707/1
f 974/2711/1 2741/2716/1 4110/461/1 2738/2706/1
f 2741/2716/1 646/2715/1 1446/462/1 4110/461/1
f 2742/2718/1 4111/457/1 1989/460/1 645/2719/1
f 975/2723/1 2745/2728/1 4111/457/1 2742/2718/1
f 2745/2728/1 555/2727/1 1355/458/1 4111/457/1
f 2746/2730/1 4112/453/1 1988/456/1 644/2731/1
f 976/2735/1 2749/2740/1 4112/453/1 2746/2730/1
f 2749/2740/1 643/2739/1 1443/454/1 4112/453/1
f 2750/2742/1 4113/449/1 1756/452/1 412/2743/1
f 977/2747/1 2753/2752/1 4113/449/1 2750/2742/1
f 2753/2752/1 642/2751/1 1442/450/1 4113/449/1
f 2754/2754/1 4114/445/1 1985/448/1 641/2755/1
f 978/2759/1 2757/2764/1 4114/445/1 2754/2754/1
f 2757/2764/1 499/2763/1 1299/446/1 4114/445/1
f 2758/2766/1 4115/441/1 1984/444/1 640/2767/1
f 979/2771/1 2761/2776/1 4115/441/1 2758/2766/1
f 2761/2776/1 639/2775/1 1439/442/1 4115/441/1
f 2762/2778/748 4116/437/748 1757/440/748 413/2779/748
f 980/2783/749 2765/2788/749 4116/437/749 2762/2778/749
f 2765/2788/750 638/2787/750 1438/438/750 4116/437/750
f 2766/2790/1 4117/433/1 1981/436/1 637/2791/1
f 981/2795/1 2769/2800/1 4117/433/1 2766/2790/1
f 2769/2800/1 558/2799/1 1358/434/1 4117/433/1
f 2770/2802/1 4118/429/1 1980/432/1 636/2803/1
f 982/2807/1 2773/2812/1 4118/429/1 2770/2802/1
f 2773/2812/1 635/2811/1 1435/430/1 4118/429/1
f 2774/2814/1 4119/425/1 1645/428/1 301/2815/1
f 983/2819/1 2777/2824/1 4119/425/1 2774/2814/1
f 2777/2824/1 634/2823/1 1434/426/1 4119/425/1
f 2778/2826/1 4120/421/1 1977/424/1 633/2827/1
f 984/2831/110 2781/2836/110 4120/421/110 2778/2826/110
f 2781/2836/751 559/2835/751 1359/422/751 4120/421/751
f 2782/2838/1 4121/417/1 1976/420/1 632/2839/1
f 985/2843/1 2785/2848/1 4121/417/1 2782/2838/1
f 2785/2848/1 631/2847/1 1431/418/1 4121/417/1
f 2786/2850/1 4122/413/1 1760/416/1 416/2851/1
f 986/2855/1 2789/2860/1 4122/413/1 2786/2850/1
f 2789/2860/1 630/2859/1 1430/414/1 4122/413/1
f 2790/2862/752 4123/409/752 1973/412/752 629/2863/752
f 987/2867/753 2793/2872/753 4123/409/753 2790/2862/753
f 2793/2872/754 498/2871/754 1298/410/754 4123/409/754
f 2794/2874/755 4124/405/755 1972/408/755 628/2875/755
f 988/2879/756 2797/2884/756 4124/405/756 2794/2874/756
f 2797/2884/757 627/2883/757 1427/406/757 4124/405/757
f 2798/2886/758 4125/401/758 1761/404/758 417/2887/758
f 989/2891/759 2801/2896/759 4125/401/759 2798/2886/759
f 2801/2896/760 626/2895/760 1426/402/760 4125/401/760
f 2802/2898/1 4126/397/1 1969/400/1 625/2899/1
f 990/2903/1 2805/2908/1 4126/397/1 2802/2898/1
f 2805/2908/1 562/2907/1 1362/398/1 4126/397/1
f 2806/2910/761 4127/393/761 1968/396/761 624/2911/761
f 991/2915/762 2809/2920/762 4127/393/762 2806/2910/762
f 2809/2920/763 623/2919/763 1423/394/763 4127/393/763
f 2810/2922/1 4128/389/1 1657/392/1 313/2923/1
f 992/2927/1 2813/2932/1 4128/389/1 2810/2922/1
f 2813/2932/1 622/2931/1 1422/390/1 4128/389/1
f 2814/2934/764 4129/385/764 1965/388/764 621/2935/764
f 993/2939/1 2817/2944/1 4129/385/1 2814/2934/1
f 2817/2944/1 563/2943/1 1363/386/1 4129/385/1
f 2818/2946/765 4130/381/765 1964/384/765 620/2947/765
f 994/2951/766 2821/2956/766 4130/381/766 2818/2946/766
f 2821/2956/767 619/2955/767 1419/382/767 4130/381/767
f 2822/2958/768 4131/377/768 1764/380/768 420/2959/768
f 995/2963/769 2825/2968/769 4131/377/769 2822/2958/769
f 2825/2968/770 618/2967/770 1418/378/770 4131/377/770
f 2826/2970/1 4132/373/1 1961/376/1 617/2971/1
f 996/2975/1 2829/2980/1 4132/373/1 2826/2970/1
f 2829/2980/1 480/2979/1 1280/374/1 4132/373/1
f 2830/2982/1 4133/369/1 1960/372/1 616/2983/1
f 997/2987/1 2833/2992/1 4133/369/1 2830/2982/1
f 2833/2992/1 615/2991/1 1415/370/1 4133/369/1
f 2834/2994/1 4134/365/1 1765/368/1 421/2995/1
f 998/2999/1 2837/3004/1 4134/365/1 2834/2994/1
f 2837/3004/1 614/3003/1 1414/366/1 4134/365/1
f 2838/3006/771 4135/361/771 1957/364/771 613/3007/771
f 999/3011/772 2841/3016/772 4135/361/772 2838/3006/772
f 2841/3016/430 566/3015/430 1366/362/430 4135/361/430
f 2842/3018/773 4136/357/773 1956/360/773 612/3019/773
f 1000/3023/774 2845/3028/774 4136/357/774 2842/3018/774
f 2845/3028/775 611/3027/775 1411/358/775 4136/357/775
f 2846/3030/776 4137/353/776 1656/356/776 312/3031/776
f 1001/3035/777 2849/3040/777 4137/353/777 2846/3030/777
f 2849/3040/778 610/3039/778 1410/354/778 4137/353/778
f 2850/3042/1 4138/349/1 1953/352/1 609/3043/1
f 1002/3047/1 2853/3052/1 4138/349/1 2850/3042/1
f 2853/3052/1 567/3051/1 1367/350/1 4138/349/1
f 2854/3054/1 4139/345/1 1952/348/1 608/3055/1
f 1003/3059/1 2857/3064/1 4139/345/1 2854/3054/1
f 2857/3064/1 607/3063/1 1407/346/1 4139/345/1
f 2858/3066/1 4140/341/1 1768/344/1 424/3067/1
f 1004/3071/1 2861/3076/1 4140/341/1 2858/3066/1
f 2861/3076/1 606/3075/1 1406/342/1 4140/341/1
f 2862/3078/1 4141/337/1 1949/340/1 605/3079/1
f 1005/3083/1 2865/3088/1 4141/337/1 2862/3078/1
f 2865/3088/1 483/3087/1 1283/338/1 4141/337/1
f 2866/3090/1 4142/333/1 1948/336/1 604/3091/1
f 1006/3095/1 2869/3100/1 4142/333/1 2866/3090/1
f 2869/3100/1 603/3099/1 1403/334/1 4142/333/1
f 2870/3102/1 4143/329/1 1769/332/1 425/3103/1
f 1007/3107/1 2873/3112/1 4143/329/1 2870/3102/1
f 2873/3112/1 602/3111/1 1402/330/1 4143/329/1
f 2874/3114/1 4144/325/1 1945/328/1 601/3115/1
f 1008/3119/1 2877/3124/1 4144/325/1 2874/3114/1
f 2877/3124/1 570/3123/1 1370/326/1 4144/325/1
f 2878/3126/1 4145/321/1 1944/324/1 600/3127/1
f 1009/3131/1 2881/3136/1 4145/321/1 2878/3126/1
f 2881/3136/1 599/3135/1 1399/322/1 4145/321/1
f 2882/3138/1 4146/317/1 1649/320/1 305/3139/1
f 1010/3143/1 2885/3148/1 4146/317/1 2882/3138/1
f 2885/3148/1 598/3147/1 1398/318/1 4146/317/1
f 2886/3150/1 4147/313/1 1941/316/1 597/3151/1
f 1011/3155/1 2889/3160/1 4147/313/1 2886/3150/1
f 2889/3160/1 571/3159/1 1371/314/1 4147/313/1
f 2890/3162/779 4148/309/779 1940/312/779 596/3163/779
f 1012/3167/780 2893/3172/780 4148/309/780 2890/3162/780
f 2893/3172/781 595/3171/781 1395/310/781 4148/309/781
f 2894/3174/1 4149/305/1 1772/308/1 428/3175/1
f 1013/3179/154 2897/3184/154 4149/305/154 2894/3174/154
f 2897/3184/1 594/3183/1 1394/306/1 4149/305/1
f 2898/3186/1 4150/301/1 1937/304/1 593/3187/1
f 1014/3191/1 2901/3196/1 4150/301/1 2898/3186/1
f 2901/3196/1 482/3195/1 1282/302/1 4150/301/1
f 2902/3198/1 4151/297/1 1936/300/1 592/3199/1
f 1015/3203/1 2905/3208/1 4151/297/1 2902/3198/1
f 2905/3208/1 591/3207/1 1391/298/1 4151/297/1
f 2906/3210/1 4152/293/1 1773/296/1 429/3211/1
f 1016/3215/1 2909/3220/1 4152/293/1 2906/3210/1
f 2909/3220/1 590/3219/1 1390/294/1 4152/293/1
f 2910/3222/1 4153/289/1 1933/292/1 589/3223/1
f 1017/3227/1 2913/3232/1 4153/289/1 2910/3222/1
f 2913/3232/1 574/3231/1 1374/290/1 4153/289/1
f 2914/3234/1 4154/285/1 1932/288/1 588/3235/1
f 1018/3239/1 2917/3244/1 4154/285/1 2914/3234/1
f 2917/3244/1 587/3243/1 1387/286/1 4154/285/1
f 2918/3246/1 4155/281/1 1653/284/1 309/3247/1
f 1019/3251/1 2921/3256/1 4155/281/1 2918/3246/1
f 2921/3256/1 586/3255/1 1386/282/1 4155/281/1
f 2922/3258/782 4156/277/782 1929/280/782 585/3259/782
f 1020/3263/783 2925/3268/783 4156/277/783 2922/3258/783
f 2925/3268/784 575/3267/784 1375/278/784 4156/277/784
f 2926/3270/785 4157/273/785 1928/276/785 584/3271/785
f 1021/3275/786 2929/3280/786 4157/273/786 2926/3270/786
f 2929/3280/787 583/3279/787 1383/274/787 4157/273/787
f 2930/3282/788 4158/269/788 1776/272/788 432/3283/788
f 1022/3287/789 2933/3292/789 4158/269/789 2930/3282/789
f 2933/3292/790 582/3291/790 1382/270/790 4158/269/790
f 2934/3294/1 4159/265/1 1925/268/1 581/3295/1
f 1023/3299/1 2937/3304/1 4159/265/1 2934/3294/1
f 2937/3304/1 476/3303/1 1276/266/1 4159/265/1
f 2938/3306/791 4160/261/791 1924/264/791 580/3307/791
f 1024/3311/792 2941/3316/792 4160/261/792 2938/3306/792
f 2941/3316/1 579/3315/1 1379/262/1 4160/261/1
f 2942/3318/1 4161/257/1 1777/260/1 433/3319/1
f 1025/3323/1 2945/3328/1 4161/257/1 2942/3318/1
f 2945/3328/1 578/3327/1 1378/258/1 4161/257/1
f 2946/3330/1 4162/253/1 1921/256/1 577/3331/1
f 1026/3335/1 2949/3340/1 4162/253/1 2946/3330/1
f 2949/3340/1 332/3339/1 1132/254/1 4162/253/1
f 2950/3342/793 4163/249/793 1920/252/793 576/3343/793
f 1027/3347/794 2953/3352/794 4163/249/794 2950/3342/794
f 2953/3352/795 431/3351/795 1231/250/795 4163/249/795
f 2954/3354/1 4164/245/1 1797/248/1 453/3355/1
f 1028/3359/1 2957/3364/1 4164/245/1 2954/3354/1
f 2957/3364/1 430/3363/1 1230/246/1 4164/245/1
f 2958/3366/1 4165/241/1 1917/244/1 573/3367/1
f 1029/3371/1 2961/3376/1 4165/241/1 2958/3366/1
f 2961/3376/1 338/3375/1 1138/242/1 4165/241/1
f 2962/3378/1 4166/237/1 1916/240/1 572/3379/1
f 1030/3383/1 2965/3388/1 4166/237/1 2962/3378/1
f 2965/3388/1 427/3387/1 1227/238/1 4166/237/1
f 2966/3390/1 4167/233/1 1793/236/1 449/3391/1
f 1031/3395/1 2969/3400/1 4167/233/1 2966/3390/1
f 2969/3400/1 426/3399/1 1226/234/1 4167/233/1
f 2970/3402/1 4168/229/1 1913/232/1 569/3403/1
f 1032/3407/1 2973/3412/1 4168/229/1 2970/3402/1
f 2973/3412/1 339/3411/1 1139/230/1 4168/229/1
f 2974/3414/1 4169/225/1 1912/228/1 568/3415/1
f 1033/3419/1 2977/3424/1 4169/225/1 2974/3414/1
f 2977/3424/1 423/3423/1 1223/226/1 4169/225/1
f 2978/3426/796 4170/221/796 1800/224/796 456/3427/796
f 1034/3431/797 2981/3436/797 4170/221/797 2978/3426/797
f 2981/3436/798 422/3435/798 1222/222/798 4170/221/798
f 2982/3438/1 4171/217/1 1909/220/1 565/3439/1
f 1035/3443/1 2985/3448/1 4171/217/1 2982/3438/1
f 2985/3448/1 336/3447/1 1136/218/1 4171/217/1
f 2986/3450/799 4172/213/799 1908/216/799 564/3451/799
f 1036/3455/800 2989/3460/800 4172/213/800 2986/3450/800
f 2989/3460/1 419/3459/1 1219/214/1 4172/213/1
f 2990/3462/1 4173/209/1 1801/212/1 457/3463/1
f 1037/3467/1 2993/3472/1 4173/209/1 2990/3462/1
f 2993/3472/1 418/3471/1 1218/210/1 4173/209/1
f 2994/3474/801 4174/205/801 1905/208/801 561/3475/801
f 1038/3479/802 2997/3484/802 4174/205/802 2994/3474/802
f 2997/3484/803 354/3483/803 1154/206/803 4174/205/803
f 2998/3486/1 4175/201/1 1904/204/1 560/3487/1
f 1039/3491/1 3001/3496/1 4175/201/1 2998/3486/1
f 3001/3496/804 415/3495/804 1215/202/804 4175/201/804
f 3002/3498/1 4176/197/1 1789/200/1 445/3499/1
f 1040/3503/1 3005/3508/1 4176/197/1 3002/3498/1
f 3005/3508/1 414/3507/1 1214/198/1 4176/197/1
f 3006/3510/805 4177/193/805 1901/196/805 557/3511/805
f 1041/3515/1 3009/3520/1 4177/193/1 3006/3510/1
f 3009/3520/1 355/3519/1 1155/194/1 4177/193/1
f 3010/3522/288 4178/189/288 1900/192/288 556/3523/288
f 1042/3527/1 3013/3532/1 4178/189/1 3010/3522/1
f 3013/3532/1 411/3531/1 1211/190/1 4178/189/1
f 3014/3534/806 4179/185/806 1804/188/806 460/3535/806
f 1043/3539/807 3017/3544/807 4179/185/807 3014/3534/807
f 3017/3544/808 410/3543/808 1210/186/808 4179/185/808
f 3018/3546/1 4180/181/1 1897/184/1 553/3547/1
f 1044/3551/1 3021/3556/1 4180/181/1 3018/3546/1
f 3021/3556/1 348/3555/1 1148/182/1 4180/181/1
f 3022/3558/1 4181/177/1 1896/180/1 552/3559/1
f 1045/3563/1 3025/3568/1 4181/177/1 3022/3558/1
f 3025/3568/1 407/3567/1 1207/178/1 4181/177/1
f 3026/3570/1 4182/173/1 1805/176/1 461/3571/1
f 1046/3575/1 3029/3580/1 4182/173/1 3026/3570/1
f 3029/3580/1 406/3579/1 1206/174/1 4182/173/1
f 3030/3582/1 4183/169/1 1893/172/1 549/3583/1
f 1047/3587/1 3033/3592/1 4183/169/1 3030/3582/1
f 3033/3592/1 358/3591/1 1158/170/1 4183/169/1
f 3034/3594/1 4184/165/1 1892/168/1 548/3595/1
f 1048/3599/1 3037/3604/1 4184/165/1 3034/3594/1
f 3037/3604/1 403/3603/1 1203/166/1 4184/165/1
f 3038/3606/1 4185/161/1 1788/164/1 444/3607/1
f 1049/3611/1 3041/3616/1 4185/161/1 3038/3606/1
f 3041/3616/1 402/3615/1 1202/162/1 4185/161/1
f 3042/3618/809 4186/157/809 1889/160/809 545/3619/809
f 1050/3623/810 3045/3628/810 4186/157/810 3042/3618/810
f 3045/3628/811 359/3627/811 1159/158/811 4186/157/811
f 3046/3630/812 4187/153/812 1888/156/812 544/3631/812
f 1051/3635/813 3049/3640/813 4187/153/813 3046/3630/813
f 3049/3640/814 399/3639/814 1199/154/814 4187/153/814
f 3050/3642/1 4188/149/1 1808/152/1 464/3643/1
f 1052/3647/1 3053/3652/1 4188/149/1 3050/3642/1
f 3053/3652/1 398/3651/1 1198/150/1 4188/149/1
f 3054/3654/1 4189/145/1 1885/148/1 541/3655/1
f 1053/3659/1 3057/3664/1 4189/145/1 3054/3654/1
f 3057/3664/1 351/3663/1 1151/146/1 4189/145/1
f 3058/3666/1 4190/141/1 1884/144/1 540/3667/1
f 1054/3671/1 3061/3676/1 4190/141/1 3058/3666/1
f 3061/3676/1 395/3675/1 1195/142/1 4190/141/1
f 3062/3678/1 4191/137/1 1809/140/1 465/3679/1
f 1055/3683/1 3065/3688/1 4191/137/1 3062/3678/1
f 3065/3688/1 394/3687/1 1194/138/1 4191/137/1
f 3066/3690/1 4192/133/1 1881/136/1 537/3691/1
f 1056/3695/815 3069/3700/815 4192/133/815 3066/3690/815
f 3069/3700/816 362/3699/816 1162/134/816 4192/133/816
f 3070/3702/1 4193/129/1 1880/132/1 536/3703/1
f 1057/3707/1 3073/3712/1 4193/129/1 3070/3702/1
f 3073/3712/1 391/3711/1 1191/130/1 4193/129/1
f 3074/3714/1 4194/125/1 1781/128/1 437/3715/1
f 1058/3719/1 3077/3724/1 4194/125/1 3074/3714/1
f 3077/3724/1 390/3723/1 1190/126/1 4194/125/1
f 3078/3726/1 4195/121/1 1877/124/1 533/3727/1
f 1059/3731/1 3081/3736/1 4195/121/1 3078/3726/1
f 3081/3736/1 363/3735/1 1163/122/1 4195/121/1
f 3082/3738/1 4196/117/1 1876/120/1 532/3739/1
f 1060/3743/1 3085/3748/1 4196/117/1 3082/3738/1
f 3085/3748/1 387/3747/1 1187/118/1 4196/117/1
f 3086/3750/1 4197/113/1 1812/116/1 468/3751/1
f 1061/3755/1 3089/3760/1 4197/113/1 3086/3750/1
f 3089/3760/1 386/3759/1 1186/114/1 4197/113/1
f 3090/3762/1 4198/109/1 1873/112/1 529/3763/1
f 1062/3767/1 3093/3772/1 4198/109/1 3090/3762/1
f 3093/3772/1 350/3771/1 1150/110/1 4198/109/1
f 3094/3774/1 4199/105/1 1872/108/1 528/3775/1
f 1063/3779/1 3097/3784/1 4199/105/1 3094/3774/1
f 3097/3784/1 383/3783/1 1183/106/1 4199/105/1
f 3098/3786/1 4200/101/1 1813/104/1 469/3787/1
f 1064/3791/1 3101/3796/1 4200/101/1 3098/3786/1
f 3101/3796/1 382/3795/1 1182/102/1 4200/101/1
f 3102/3798/817 4201/97/817 1869/100/817 525/3799/817
f 1065/3803/818 3105/3808/818 4201/97/818 3102/3798/818
f 3105/3808/819 366/3807/819 1166/98/819 4201/97/819
f 3106/3810/1 4202/93/1 1868/96/1 524/3811/1
f 1066/3815/1 3109/3820/1 4202/93/1 3106/3810/1
f 3109/3820/1 379/3819/1 1179/94/1 4202/93/1
f 3110/3822/1 4203/89/1 1785/92/1 441/3823/1
f 1067/3827/1 3113/3832/1 4203/89/1 3110/3822/1
f 3113/3832/1 378/3831/1 1178/90/1 4203/89/1
f 3114/3834/1 4204/85/1 1865/88/1 521/3835/1
f 1068/3839/1 3117/3844/1 4204/85/1 3114/3834/1
f 3117/3844/1 367/3843/1 1167/86/1 4204/85/1
f 3118/3846/1 4205/81/1 1864/84/1 520/3847/1
f 1069/3851/1 3121/3856/1 4205/81/1 3118/3846/1
f 3121/3856/1 375/3855/1 1175/82/1 4205/81/1
f 3122/3858/1 4206/77/1 1816/80/1 472/3859/1
f 1070/3863/1 3125/3868/1 4206/77/1 3122/3858/1
f 3125/3868/1 374/3867/1 1174/78/1 4206/77/1
f 3126/3870/1 4207/73/1 1861/76/1 517/3871/1
f 1071/3875/1 3129/3880/1 4207/73/1 3126/3870/1
f 3129/3880/1 344/3879/1 1144/74/1 4207/73/1
f 3130/3882/1 4208/69/1 1860/72/1 516/3883/1
f 1072/3887/1 3133/3892/1 4208/69/1 3130/3882/1
f 3133/3892/1 371/3891/1 1171/70/1 4208/69/1
f 3134/3894/820 4209/65/820 1817/68/820 473/3895/820
f 1073/3899/821 3137/3904/821 4209/65/821 3134/3894/821
f 3137/3904/822 370/3903/822 1170/66/822 4209/65/822
f 3138/3906/1 4210/61/1 1857/64/1 513/3907/1
f 1074/3911/1 3141/3916/1 4210/61/1 3138/3906/1
f 3141/3916/1 304/3915/1 1104/62/1 4210/61/1
f 3142/3918/823 4211/57/823 1856/60/823 512/3919/823
f 1075/3923/824 3145/3928/824 4211/57/824 3142/3918/824
f 3145/3928/825 327/3927/825 1127/58/825 4211/57/825
f 3146/3930/1 4212/53/1 1825/56/1 481/3931/1
f 1076/3935/1 3149/3940/1 4212/53/1 3146/3930/1
f 3149/3940/1 326/3939/1 1126/54/1 4212/53/1
f 3150/3942/1 4213/49/1 1853/52/1 509/3943/1
f 1077/3947/1 3153/3952/1 4213/49/1 3150/3942/1
f 3153/3952/1 310/3951/1 1110/50/1 4213/49/1
f 3154/3954/826 4214/45/826 1852/48/826 508/3955/826
f 1078/3959/827 3157/3964/827 4214/45/827 3154/3954/827
f 3157/3964/828 323/3963/828 1123/46/828 4214/45/828
f 3158/3966/1 4215/41/1 1821/44/1 477/3967/1
f 1079/3971/1 3161/3976/1 4215/41/1 3158/3966/1
f 3161/3976/1 322/3975/1 1122/42/1 4215/41/1
f 3162/3978/1 4216/37/1 1849/40/1 505/3979/1
f 1080/3983/1 3165/3988/1 4216/37/1 3162/3978/1
f 3165/3988/1 311/3987/1 1111/38/1 4216/37/1
f 3166/3990/1 4217/33/1 1848/36/1 504/3991/1
f 1081/3995/1 3169/4000/1 4217/33/1 3166/3990/1
f 3169/4000/1 319/3999/1 1119/34/1 4217/33/1
f 3170/4002/829 4218/29/829 1828/32/829 484/4003/829
f 1082/4007/830 3173/4012/830 4218/29/830 3170/4002/830
f 3173/4012/831 318/4011/831 1118/30/831 4218/29/831
f 3174/4014/1 4219/25/1 1845/28/1 501/4015/1
f 1083/4019/1 3177/4024/1 4219/25/1 3174/4014/1
f 3177/4024/1 308/4023/1 1108/26/1 4219/25/1
f 3178/4026/832 4220/21/832 1844/24/832 500/4027/832
f 1084/4031/833 3181/4036/833 4220/21/833 3178/4026/833
f 3181/4036/834 315/4035/834 1115/22/834 4220/21/834
f 3182/4038/1 4221/17/1 1829/20/1 485/4039/1
f 1085/4043/1 3185/4048/1 4221/17/1 3182/4038/1
f 3185/4048/1 314/4047/1 1114/18/1 4221/17/1
f 3186/4050/1 4222/13/1 1841/16/1 497/4051/1
f 1086/4055/1 3189/4060/1 4222/13/1 3186/4050/1
f 3189/4060/1 296/4059/1 1096/14/1 4222/13/1
f 3190/4062/1 4223/9/1 1840/12/1 496/4063/1
f 1087/4067/1 3193/4072/1 4223/9/1 3190/4062/1
f 3193/4072/1 299/4071/1 1099/10/1 4223/9/1
f 3194/4074/1 4224/5/1 1833/8/1 489/4075/1
f 1088/4079/1 3197/4084/1 4224/5/1 3194/4074/1
f 3197/4084/1 298/4083/1 1098/6/1 4224/5/1
f 3198/4086/1 4225/1/1 1837/4/1 493/4087/1
f 1089/4091/1 3201/4096/1 4225/1/1 3198/4086/1
f 3201/4096/1 292/4095/1 1092/2/1 4225/1/1
